PuzzleId,FEN,Moves,Rating,RatingDeviation,Popularity,NbPlays,Themes
Lie9z,2r2r1k/4b1pp/2P5/BP6/6q1/1Q3p2/5PPP/2R2RK1 w - - 0 33,c1c3 g4g2,461,80,100,387,mate mateIn1 middlegame oneMove
C7q3x,r4r1k/1bp3pp/2qp1p2/1n2bN2/2N5/6B1/P1B2PPP/2RQR1K1 w - - 4 26,d1g4 c6g2,487,80,100,392,kingsideAttack mate mateIn1 middlegame oneMove
uzEKb,2r1qr1k/1b4pQ/p1pPBp2/2n2P2/8/2P2R2/P1P4P/R6K b - - 0 27,h8h7 f3h3 e8h5 h3h5,490,80,100,389,mate mateIn2 middlegame pillsburysMate short
LayTV,1Q6/p4pkp/b5p1/3p4/1P1br3/8/P4PPP/3R2K1 w - - 0 30,d1d4 e4e1,497,79,100,308,backRankMate endgame mate mateIn1 oneMove
T2QUu,N1b1k2r/pp2npN1/3R4/4B3/4P2p/1P5P/P1P1q1P1/7K b - - 0 25,e8f8 d6d8,487,79,100,440,mate mateIn1 middlegame oneMove
be60E,5k2/5pp1/p6p/2R2N2/7P/4PPK1/7r/7r b - - 13 43,g7g6 c5c8,494,80,100,305,endgame mate mateIn1 oneMove
mg6Ho,5r1k/q2n3p/p1bQ2p1/1p2p3/8/1B6/PPP2PpP/3RR1K1 w - - 3 33,d6c6 a7f2,555,78,100,394,kingsideAttack master mate mateIn1 middlegame oneMove
XlaMb,r5k1/5ppp/p2Q2n1/5PN1/1P6/4q1P1/6KP/3R4 b - - 2 37,g6e5 d6d8 a8d8 d1d8,598,80,100,448,endgame mate mateIn2 sacrifice short
KGYKw,1r3rk1/pp3ppp/4p3/n2pP3/P2P4/3QP3/2Bq2PP/2R2RK1 b - - 4 20,a5c4 d3h7,580,80,100,338,kingsideAttack mate mateIn1 middlegame oneMove
pxwQA,r5k1/p2q1ppp/1pn1r3/3p1N1n/6Q1/P2P4/BPP3PP/2KR4 b - - 7 22,h5f6 g4g7,548,80,100,369,kingsideAttack mate mateIn1 middlegame oneMove
gmD1K,3rrRk1/pp4pp/2n1q3/3p4/3P4/BPP5/P4QPP/5R1K b - - 4 24,e8f8 f2f8 d8f8 f1f8,558,79,100,538,kingsideAttack mate mateIn2 middlegame operaMate short
WFuxp,3r1rk1/pp3ppp/6n1/2b5/b4B2/2P5/PP2PPPP/RN2KBNR w KQ - 0 10,f4g3 d8d1,541,80,100,531,mate mateIn1 middlegame oneMove operaMate
XNKOa,r1b2k1r/pp2Pp2/8/2qn3p/5P2/1B3p2/PPPQ4/2K3RR b - - 0 23,d5e7 d2d8,585,77,100,303,mate mateIn1 middlegame oneMove
DTNAL,6rk/2pR4/p1Pb1R2/2p5/1p4Pr/8/PPP5/2K5 b - - 2 32,h4g4 f6h6,596,79,100,314,endgame mate mateIn1 oneMove
YE4DK,r2q1rk1/4bpp1/b2p3p/p1pnP3/Pp2QB2/5N2/1PB2PPP/R3R1K1 b - - 1 24,d5f4 e4h7,564,80,100,383,mate mateIn1 middlegame oneMove
nIfLl,1nk2r2/Rppr3p/6p1/8/2PP4/1q5Q/1B3PPP/R5K1 w - - 0 26,b2c1 b3d1,588,80,100,332,mate mateIn1 middlegame oneMove
9MvJ0,2r3k1/r2nbppp/pp2p2q/8/P2P2R1/1PNQ1P1P/4BP2/R6K w - - 2 22,a1g1 h6h3,584,79,100,377,kingsideAttack mate mateIn1 middlegame oneMove
PrFxp,br1r1k2/2R2pp1/p6p/3qp3/3N1Q2/1P2PN2/1P3PPP/4R1K1 w - - 0 34,f3e5 d5g2,579,80,100,306,kingsideAttack mate mateIn1 middlegame oneMove
fEdS2,5k2/5p2/8/1q6/8/3B4/p4PK1/B7 b - - 3 65,b5b2 a1b2 a2a1q b2a1,584,80,100,361,crushing endgame hangingPiece short
EXIZA,r4rk1/pbq2pp1/1p3b1p/8/3p4/2PQ4/PPBN1PPP/R4RK1 b - - 1 18,d4c3 d3h7,590,78,100,311,mate mateIn1 middlegame oneMove
CzEZ7,r3kb1r/2q2pp1/p3pn2/7p/3P2n1/1NP2b1P/PP2BPP1/R1BQ1RK1 w kq - 0 13,e2f3 c7h2,588,80,100,463,mate mateIn1 middlegame oneMove
T89PO,4R3/8/8/2P4P/2r3p1/4pkn1/4N3/5K2 w - - 0 56,e2g3 c4c1,563,80,100,404,endgame mate mateIn1 oneMove
NUG7K,3r1Qk1/pp1q2p1/2nBb2p/3P4/4B1p1/P1P5/2P4P/5RK1 b - - 2 30,d8f8 f1f8,569,79,100,590,mate mateIn1 middlegame oneMove operaMate pillsburysMate
zR9MR,6k1/6p1/8/4rpN1/1R2b2p/P1P5/1P3r2/K1R5 b - - 3 38,f2g2 b4b8 e5e8 b8e8,592,78,100,375,endgame mate mateIn2 short
QsSvy,7r/pp3pk1/3pn3/6PQ/8/3B4/PPP5/1K6 w - - 1 30,h5g4 h8h1 d3f1 h1f1 g4d1 f1d1,598,80,100,405,backRankMate endgame long mate mateIn3
UG9nI,3r1r2/7p/p1R5/6k1/8/8/PPP5/1K1R4 w - - 1 37,d1d8 f8f1 d8d1 f1d1,577,79,100,767,backRankMate endgame mate mateIn2 rookEndgame short
1nZpy,3q1r1k/p3b1pp/1rb5/2p1Qp2/8/1P4P1/PBPP1PBP/1R3RK1 b - - 2 18,c6g2 e5g7,593,80,100,512,kingsideAttack mate mateIn1 middlegame oneMove
WXrZB,8/5pk1/1n1p2p1/2pPp1P1/2P1P2P/R1K1P3/3r4/8 w - - 0 73,c3d2 b6c4 d2e2 c4a3,585,80,100,458,crushing endgame fork short
Hs9F8,r1b2R1k/pppn3P/8/3p2B1/8/3B4/PPP3PP/7K b - - 2 24,d7f8 g5f6,570,80,100,483,endgame master mate mateIn1 oneMove
WADxv,1k1r3r/1p6/1p6/1P2pRp1/8/P3n1P1/1B3R1P/6K1 w - - 0 35,f5g5 d8d1 f2f1 d1f1,568,80,100,314,endgame mate mateIn2 short
N5Nwo,8/1R5p/p4Bp1/6Pk/2P4n/1B6/P2p1RKP/4r3 w - - 3 34,g2h3 e1e3 f2f3 e3f3,594,80,100,648,endgame epauletteMate mate mateIn2 short
MOj0h,2r3k1/6p1/p3p1Pb/4Pr2/4R3/2Bp4/PP6/K2R4 w - - 1 39,d1d3 f5f1 e4e1 f1e1 c3e1 c8c1,595,79,100,774,backRankMate endgame long mate mateIn3
726mN,8/6k1/6p1/8/1P2N3/3r2bP/P3n1P1/5R1K w - - 9 45,f1f3 d3d1 f3f1 d1f1,573,80,100,313,endgame mate mateIn2 pillsburysMate short
oOzAt,2r5/5Rp1/pk2p2p/1p6/1P6/3K2P1/6BP/6b1 b - - 0 37,g1h2 f7b7,595,80,100,610,endgame master mate mateIn1 oneMove operaMate
zi3sz,8/ppR5/8/1Bknp3/P6P/r7/3K4/8 b - - 9 64,c5d4 c7c4,566,80,100,328,endgame master mate mateIn1 oneMove operaMate
EKdga,3r4/8/p4k1p/3rp3/5p1P/1PPpKP2/P2R4/3R4 w - - 0 34,e3e4 d5d4 c3d4 d8d4,596,80,100,397,endgame mate mateIn2 rookEndgame sacrifice short
GyaDT,2kr1bnr/ppp3pp/5p2/1P6/Pqp2B2/3BP3/2QN1PPP/R3K2R b KQ - 0 16,c4d3 c2c7,575,79,100,498,mate mateIn1 middlegame oneMove queensideAttack
0aoQY,7k/2r3p1/8/3p3p/1p1q4/pRPBr3/K2R4/8 b - - 0 42,b4c3 b3b8 c7c8 b8c8 e3e8 c8e8,585,79,100,345,endgame long mate mateIn3 pillsburysMate
YQ7tJ,2r4r/1p2k2p/pq2Np2/3pR2Q/8/3n4/PPPN1PPP/2K4R w - - 1 20,c1b1 b6b2,596,79,100,340,mate mateIn1 middlegame oneMove queensideAttack
YG0in,1r2b1k1/2q1n1pp/1p2B3/2p5/4P3/2P1P2P/P1Q3P1/5RK1 b - - 0 26,g8h8 f1f8 e7g8 f8g8,578,78,100,385,mate mateIn2 middlegame short
MNSGC,6rk/p3q2R/2pp1rP1/1p2pP2/8/1PNP4/1PP2PP1/2K4R b - - 0 23,e7h7 h1h7,583,78,100,414,endgame kingsideAttack mate mateIn1 oneMove
qkIz5,4r3/4q1kp/p4np1/8/2pQN3/2P3B1/P4PPP/3R2K1 w - - 0 32,e4f6 e7e1 d1e1 e8e1,585,79,100,489,backRankMate endgame mate mateIn2 sacrifice short
Rq2ap,8/1p4k1/p5p1/7p/1P3PKP/P2R4/1b6/8 w - - 0 56,g4g5 b2f6,562,80,100,318,endgame mate mateIn1 oneMove
Yy1Vs,r3r1k1/2q2ppp/p7/1pbP4/2p1p1n1/P1B2N2/BP2QPPP/2R2RK1 w - - 0 23,f3d4 c7h2,590,80,100,469,kingsideAttack mate mateIn1 middlegame oneMove
kzPc9,r4rk1/p4ppp/bp2qn2/2pn4/4PB2/1P3P2/P3N1PP/RBQ1K2R w KQ - 0 17,e4d5 e6e2,515,80,100,302,mate mateIn1 middlegame oneMove
Amsuf,rnb1k2r/p3ppnp/2pp2p1/4P3/1p1PN3/5P2/qPPQ2PP/2KR1BNR w kq - 0 12,e5d6 a2a1,580,80,100,428,mate mateIn1 middlegame oneMove
q33oE,5r1k/1p4pq/pNP3p1/4n3/1P3b2/1BP2P2/P6P/R4Q1K w - - 1 29,c6c7 h7h2,581,80,100,315,kingsideAttack master mate mateIn1 middlegame oneMove
Cps2N,2r2k2/4pprp/4n1p1/N7/1p2Nq2/3Q1P2/PPP5/1K1R4 b - - 3 29,e6c5 d3d8 c8d8 d1d8,583,80,100,310,backRankMate mate mateIn2 middlegame sacrifice short
fHq4w,5r1k/4R3/3p3p/p3p3/P3P3/2P1B1Pb/2PN3P/5qK1 w - - 0 29,d2f1 f8f1,572,80,100,365,endgame master masterVsMaster mate mateIn1 oneMove operaMate
rTiFk,1r2k2r/ppq1n1p1/2n1ppp1/3pP1N1/3P4/P3B3/PQ3PPP/1R3RK1 w k - 0 17,e5f6 c7h2,595,79,100,302,kingsideAttack mate mateIn1 middlegame oneMove
WDbDk,3Q1R2/kp6/p1p4p/Pq1p4/2nP4/K7/1P5P/8 w - - 7 38,a3a2 b5b2,587,80,100,532,endgame mate mateIn1 oneMove
zckTX,rn1r2k1/pb6/1p2p2p/2pqbpp1/3P4/2PQ1N2/PPB2PPP/R4RK1 w - - 0 18,f3e5 d5g2,587,78,100,323,kingsideAttack mate mateIn1 middlegame oneMove
QUpG6,r5k1/5R1p/pp5B/3p4/P1pb2P1/3n4/8/5R1K b - - 1 37,b6b5 f7f8 a8f8 f1f8,595,80,100,678,endgame mate mateIn2 operaMate short
XNhdq,r3r1k1/p1p1qpp1/2Qb1n1p/6B1/3N4/2P3Pb/PP3P1P/RN1R2K1 w - - 0 17,g5f6 e7e1 d1e1 e8e1,599,80,100,422,kingsideAttack mate mateIn2 middlegame pillsburysMate sacrifice short
kTqD7,8/8/4R3/2p5/1b6/1K6/p2r4/1k6 b - - 13 86,a2a1q e6e1 d2d1 e1d1,599,80,100,362,endgame mate mateIn2 short
2I6SQ,1Q4k1/5ppp/pq2b3/8/8/Prp2N1P/3R1PP1/3R2K1 b - - 0 28,b6b8 d2d8 b8d8 d1d8,589,79,100,327,backRankMate endgame fork mate mateIn2 short
AOrOw,5r1k/6pp/6p1/pR6/P7/3Q4/2P2qPP/1R2r2K w - - 2 28,b1e1 f2e1 d3f1 f8f1,577,79,100,552,backRankMate endgame mate mateIn2 short
pbwPH,1rbbr1k1/p4ppp/1p6/4B3/8/1P3BP1/P3PP1P/2RR2K1 b - - 1 18,e8e5 d1d8 e5e8 d8e8,591,80,100,368,backRankMate hangingPiece mate mateIn2 middlegame short
pHG98,5rk1/5ppp/4p3/8/3Q4/P6P/1qr2PP1/R2R2K1 b - - 3 23,f8a8 d4d8 a8d8 d1d8,590,80,100,329,backRankMate endgame mate mateIn2 sacrifice short
ZkvQo,2r5/p4pkp/6p1/4B2n/8/3QPq1P/P4P2/1K1R4 b - - 3 28,g7g8 d3d8 c8d8 d1d8,589,80,100,479,endgame mate mateIn2 pillsburysMate sacrifice short
mvbuw,r5k1/3b1pp1/p1p2b1p/2Np4/1q6/3BQ2P/P4PP1/4R1K1 b - - 2 24,a8e8 e3e8 d7e8 e1e8,592,80,100,349,kingsideAttack mate mateIn2 middlegame pillsburysMate short
dB7Uh,3r2k1/2p2ppp/4p3/8/4q3/P5PK/5b1P/1R3Q2 b - - 1 34,d8d2 b1b8 d2d8 b8d8,592,80,100,389,backRankMate endgame mate mateIn2 short
qytzU,7k/1r4rp/p2p4/P1pP1P1N/7Q/8/1qP3PP/5R1K b - - 2 33,g7f7 h4d8 f7f8 d8f8,597,80,100,362,endgame master mate mateIn2 short
MJDiD,r3r1k1/1np1qpp1/4p2p/2p5/2P1Q3/3B1N2/P4PPP/3R2K1 b - - 1 22,b7d6 e4h7 g8f8 h7h8,587,80,100,694,kingsideAttack mate mateIn2 middlegame short
8GhYW,8/6pk/4p3/p2pPp2/3P1P1n/P1q5/1R2Q1KP/8 w - - 0 40,g2h1 c3c1 e2d1 c1d1,584,79,100,907,endgame mate mateIn2 short
dtaNe,3R4/B4ppk/7p/8/P4Pn1/1P6/1r4PP/6K1 w - - 2 29,d8d3 b2b1 d3d1 b1d1,570,80,100,498,endgame mate mateIn2 short
zcnIY,2r2nk1/5ppp/3Qp3/3pP3/3B4/5N2/4bPPP/1R4K1 w - - 4 41,b1b8 c8c1 f3e1 c1e1,556,79,100,336,backRankMate mate mateIn2 middlegame short
rGCRm,2r1r2k/p3qppB/2p2n2/2b3B1/8/2N3Pb/PPQ2P1P/3R1RK1 w - - 1 18,f1e1 e7e1 d1e1 e8e1,568,80,100,408,kingsideAttack mate mateIn2 middlegame pillsburysMate short
BF5nf,2q3k1/1b3ppp/3np3/QP1p4/4nP2/P3P2P/4B1P1/R5K1 b - - 0 28,c8c5 a5d8 d6e8 d8e8,552,79,100,383,advantage kingsideAttack middlegame short
fUJ2t,6k1/1pp4p/p3qppB/1b1p4/3Q4/8/PP1N1PPP/4RK2 w - - 2 23,f1g1 e6e1 d2f1 e1f1,550,80,100,479,endgame hangingPiece kingsideAttack mate mateIn2 short
GQWJl,5r2/P3KP1p/7k/8/8/8/8/8 b - - 5 70,f8a8 f7f8q a8f8 e7f8,595,78,100,465,endgame master
vRpKp,4r1k1/1p2qppp/p4n2/3p4/3N2b1/1QP2B2/PP3PPP/3R2K1 w - - 2 25,f3g4 e7e1 d1e1 e8e1,576,80,100,853,backRankMate mate mateIn2 middlegame sacrifice short
SoZvF,3r1rk1/pp1n1pp1/7p/4PQ2/2qP4/4bN2/P5PP/RR2B2K w - - 8 26,f5e4 c4f1 f3g1 f1g1,598,78,100,349,kingsideAttack mate mateIn2 middlegame short
WTL1c,8/5r2/p1k4P/1p2K1R1/1P6/8/8/1b6 b - - 13 54,f7f5 g5f5 b1f5 e5f5,528,79,100,473,endgame master
QugKU,2rn2k1/2r1qppp/1p2p3/pP1pP3/P7/4Q2P/1N3PP1/R1R3K1 w - - 0 24,e3b6 c7c1 a1c1 c8c1,589,80,82,390,crushing middlegame short
LOGVJ,2r5/3kPRp1/8/8/1pp3p1/6P1/PP6/6K1 b - - 5 38,d7e8 f7f8 e8e7 f8c8,588,79,100,637,crushing endgame rookEndgame short skewer
zoGcQ,5q1r/p4k2/2pp1r2/1p2pPR1/3bP1Q1/P2P1RK1/1PP3P1/3N4 w - - 1 27,g5g7 f8g7 g4g7 f7g7,581,79,100,365,advantage middlegame short
LSjaD,1r6/1q3pkp/4p1p1/p2p4/2pP2P1/PrP4P/1P3QP1/1R3R1K w - - 2 32,f2c2 b3b2 b1b2 b7b2,598,79,81,358,crushing endgame short
LaEUS,8/8/4k3/6p1/p1rRp1P1/4K2P/P7/8 b - - 1 47,c4d4 e3d4 e4e3 d4e3,586,80,100,600,crushing endgame short
tvQdY,7k/2rq4/p1p1r2p/Pp1p4/1P1P2Q1/6P1/2R2P2/2R3K1 w - - 3 35,c2c3 e6e1 c1e1 d7g4,573,80,100,301,advantage discoveredAttack endgame master short
bfVRI,6k1/pp3pb1/6pp/3b4/3pN3/P2P1PP1/P5KP/2N5 b - - 0 28,g7f8 e4f6 g8g7 f6d5,590,80,100,693,advantage endgame fork short
SHCJ2,5r2/7p/p1k5/1p3pp1/5P1P/1P1K4/P7/3R4 w - - 0 34,h4g5 f8d8 d3e2 d8d1,597,78,100,322,crushing endgame rookEndgame short
eKrMP,8/8/3Pk2p/3R2p1/4K1P1/4PP2/8/3r4 w - - 3 56,d6d7 d1d5 d7d8r d5d8,599,78,100,348,crushing endgame rookEndgame short
YtAmq,8/8/8/5p2/1p2n1k1/1P1R2P1/3pK3/8 w - - 1 50,e2d1 e4f2 d1d2 f2d3,593,79,100,399,crushing endgame fork short
alJO5,r4r1k/1pp3pp/qp4b1/3P4/4N3/PQ2RP2/6PP/5RK1 b - - 0 27,a6a3 b3a3 a8a3 e3a3,578,77,100,426,crushing master middlegame short
Cv01k,5rk1/5q1p/Q1p5/2pp2p1/4p3/2P1P1P1/PP3rP1/2K2R1R w - - 0 28,a2a3 f2f1 h1f1 f7f1 a6f1 f8f1,588,80,100,300,crushing endgame long
0ecXF,R2Q4/6pk/p1r2r1p/3p1q2/5P2/1P1R2P1/1KP5/8 b - - 11 45,f6f8 d8f8 f5f8 a8f8,565,79,100,339,crushing endgame short
PuRvA,2R2b1r/p1p1p3/1p2P1k1/5pq1/6B1/3Q3P/P1P2PK1/8 w - - 2 31,d3f5 g5f5 g4f5 g6f5,575,80,100,518,advantage endgame short
aYG38,8/8/8/6N1/6pp/5p2/5K1k/8 w - - 2 61,g5e4 g4g3 f2f3 g3g2,544,80,100,351,advancedPawn crushing endgame knightEndgame short
pZ2JV,8/4K3/2r1p2k/7p/5R1P/5P2/8/8 b - - 32 84,e6e5 f4f6 c6f6 e7f6,584,78,100,341,crushing endgame rookEndgame short
zoXEq,1r3k2/2P4p/6p1/1p3p2/3R4/r2P2P1/7P/5BK1 b - - 0 32,b8c8 d4d8 f8e7 d8c8,591,80,100,358,advantage endgame master short
whZQX,2r3k1/1p2qpp1/5n1p/1P1p4/P1rN4/R2QP3/5PPP/R5K1 w - - 3 27,a4a5 c4c1 d3f1 c1f1,578,79,100,498,middlegame
SSMwJ,7Q/2k3rP/p4q2/1p3p2/3p4/1P1P2p1/PKP2p2/2R2n1R w - - 1 45,h8g7 f6g7 h7h8q g7h8,599,80,100,336,crushing endgame hangingPiece master short
XyLxi,7k/4R2n/8/4pN1p/4Pp2/5P2/2r4P/5K2 b - - 6 48,c2c5 e7e8 h7f8 e8f8,586,80,100,682,crushing endgame short
nZBkc,6k1/6pp/p7/1pp5/5P2/PPP1pBP1/4P1KP/1r6 b - - 0 33,b1b3 f3d5 g8f8 d5b3,596,80,100,327,crushing endgame fork short
ewCVI,1r4k1/2R4p/p4bp1/2p1p3/8/7P/P1P2P2/4K2R w K - 2 27,c7c5 b8b1 e1e2 b1h1,586,80,100,358,advantage endgame short skewer
oe936,2q3k1/6p1/2N2pn1/3Pp3/4P3/3Q2P1/6K1/8 b - - 1 35,g6f8 c6e7 g8f7 e7c8,597,79,100,524,crushing endgame fork short
vxpBH,8/1b4kp/p3p1p1/4P3/1p1P1q2/1P2N3/P5PP/6QK b - - 2 37,f4d4 e3f5 g6f5 g1d4,594,80,100,317,crushing discoveredAttack endgame short
D8zLS,4k3/2Q3p1/5qn1/1PbBp3/7P/2Pn3P/5P2/4R1K1 w - - 1 36,c7f7 f6f7 d5f7 e8f7,542,80,100,323,advantage master middlegame short
LIUDs,4r1k1/5qp1/1B6/p2Q4/8/P6P/5Pp1/3R2K1 b - - 4 47,f7d5 d1d5 e8e1 g1g2,594,80,100,312,advantage endgame short
q9TRA,5r1k/6p1/p3R2p/1p3pq1/3P4/1BP2Q2/PP3PPP/6K1 w - - 1 32,f3g3 g5c1 b3d1 c1d1 e6e1 d1e1,568,80,100,662,endgame long mate mateIn3
5d0yR,1k1r4/ppp5/8/q3p3/1b4Q1/6P1/PP3P2/R5K1 b - - 0 26,d8d2 g4g8 b4f8 g8f8 d2d8 f8d8,575,80,100,523,endgame long mate mateIn3
BWjI2,R7/4p3/4pk2/6p1/7p/P4Pr1/7K/8 b - - 7 46,g3f3 a8f8 f6e5 f8f3,573,80,100,425,crushing endgame master rookEndgame short skewer
9h861,6k1/1q5p/3p4/3N2K1/2P5/6P1/8/8 b - - 0 39,b7c6 d5e7 g8f7 e7c6,574,79,100,400,crushing endgame fork short
Is3cS,8/7p/6k1/7N/2P3P1/5r1P/2K5/8 b - - 2 45,f3h3 h5f4 g6g5 f4h3,588,79,100,309,crushing endgame fork master short
077ho,r4k2/3q1ppp/p1p3b1/1P1pQ3/8/1BP5/1P3PPP/4R1K1 b - - 0 26,a8e8 e5e8 d7e8 e1e8,584,79,100,405,crushing endgame short
fTBW3,4r3/ppp2p1k/4r1qp/8/3Q3P/8/PPP5/2K2RR1 b - - 7 26,e6e1 f1e1 e8e1 g1e1,582,80,100,360,crushing endgame short
OESGb,r1R3k1/1b3p1p/pq2p1pB/3nN3/1p1n4/P2B3P/2Q2PP1/2R3K1 b - - 0 23,a8c8 c2c8 b7c8 c1c8 b6d8 c8d8,563,79,100,430,long mate mateIn3 middlegame pillsburysMate
cAPej,r3kb1r/1p1qnppp/p7/3pQ3/8/2N5/PPPP1PPP/R1B1K2R w KQkq - 0 11,c3d5 d7d5 e5d5 e7d5,553,80,100,391,advantage middlegame short
lGigR,r4rk1/pR3pp1/n1p4p/8/2q5/6P1/2PQ1PBP/3R2K1 b - - 3 18,a8d8 d2d8 f8d8 d1d8,586,77,100,435,crushing middlegame short
JPQj0,1n5r/ppr1k2p/4pp2/4p3/B7/2PRKP2/P1P3PP/3R4 b - - 9 20,b8a6 d3d7 c7d7 d1d7,597,79,100,328,advantage endgame master short
na5Dj,8/7p/4k1p1/3p1p2/BrPB4/1p1K3P/1P4P1/8 w - - 1 35,c4d5 e6d5 a4b3 b4b3,575,78,100,307,advantage endgame short
tDIdV,8/p4p2/1p5p/2p1k3/7P/1PP2KP1/P7/8 b - - 0 43,h6h5 g3g4 h5g4 f3g4,579,79,100,433,endgame
chFTW,7R/8/5p2/4rk2/8/5K2/8/8 b - - 5 65,e5b5 h8h5 f5e6 h5b5,583,80,100,416,crushing endgame rookEndgame short skewer
QxGDU,3r4/5pk1/5p2/1p1Nq2p/1P6/5Q1P/6PK/3R4 w - - 4 42,f3f4 e5f4 d5f4 d8d1,565,79,100,598,advantage endgame master short
DG2HO,4r3/pp2k3/5pp1/6P1/5Nn1/P1P1p3/1PK2P2/5R2 w - - 0 35,f2e3 g4e3 c2d3 e3f1,567,80,100,552,advantage endgame fork short
1CNhF,r2q1rkb/1b1n1p1p/4pPp1/2ppP3/p5N1/P2P1R1P/1BP1B1P1/R1Q3K1 b - - 2 20,d5d4 g4h6,657,77,100,614,mate mateIn1 middlegame oneMove
CmKFp,8/8/5k2/4p1p1/1Np1P1K1/1rR2P2/8/8 b - - 0 41,b3c3 b4d5 f6e6 d5c3,689,80,100,592,crushing endgame fork short
33vlB,8/5p2/1PN1p2p/7P/8/r4k2/3K4/8 b - - 2 39,a3b3 c6d4 f3e4 d4b3,670,79,100,333,crushing endgame fork short
WgrDg,r1b2rk1/pp3Bpp/1qp5/b3R3/8/1Q6/PB3PPP/1R3K2 b - - 0 17,f8f7 e5e8,685,79,100,326,mate mateIn1 middlegame oneMove
SfJvt,1k1r4/1pp4p/p4p2/1N3n2/2r5/2P2K1P/PP6/3RR3 b - - 1 23,d8d1 e1e8 d1d8 e8d8,679,77,100,351,endgame mate mateIn2 short
saMKS,6rk/1b2q2p/p2p3Q/1p2pP2/4P3/P1NP4/1P6/1K5R b - - 0 33,e7f8 h6h7,677,77,100,1363,endgame mate mateIn1 oneMove
ugRVH,6kr/2p2p2/1p1p2pB/2bP2P1/2P5/5R2/r5P1/4RK2 b - - 4 32,h8h7 e1e8,647,78,100,390,endgame mate mateIn1 oneMove pillsburysMate
gqkuF,6k1/p4pp1/1p1n2b1/3P2N1/5q1P/4R1P1/P3QP1K/2r5 b - - 0 37,f4c4 e3e8 d6e8 e2e8,689,80,100,312,mate mateIn2 middlegame sacrifice short
UAuBv,5rk1/rp1n1ppp/1q6/3P1QN1/4R3/P7/1b2n1PP/5R1K b - - 2 27,b6f6 f5h7,691,79,100,637,kingsideAttack mate mateIn1 middlegame oneMove
hiaUG,4k2r/p2r1p1p/R1N5/2pp4/n3p3/2P5/6PP/1R4K1 b k - 1 29,a4c3 b1b8 d7d8 b8d8,610,78,100,397,endgame mate mateIn2 short
XwY41,1k1r4/pp1P4/5p1b/1n2BB1p/4P1p1/P2K1P2/6PP/2R5 b - - 0 32,f6e5 c1c8 d8c8 d7c8q,607,80,100,338,advancedPawn endgame mate mateIn2 promotion queensideAttack short
9nQXY,r1b2rk1/ppq1ppbp/2n3p1/1BP5/1P2p1n1/P1N1B3/2P1NPPP/R2Q1RK1 w - - 7 12,c3d5 c7h2,693,80,100,381,kingsideAttack mate mateIn1 middlegame oneMove
FmoUl,r2q1rk1/ppp2p1p/2n2bpQ/8/3P4/2P4R/PP4PP/RNB3K1 b - - 3 15,f6g7 h6h7,696,78,100,460,kingsideAttack mate mateIn1 middlegame oneMove
ruDAW,r2q1rk1/ppp2ppp/3p4/2n2N1b/3QPb2/1BN2P2/PPP3PP/3R1RK1 b - - 3 17,c5b3 d4g7,682,78,100,563,kingsideAttack mate mateIn1 middlegame oneMove
D5HbP,b2B4/5pkp/6p1/P3b3/8/rN5P/3R1PP1/6K1 w - - 9 39,b3c5 a3a1 d2d1 a1d1,675,80,100,604,endgame master mate mateIn2 pillsburysMate short
cZBDV,2r2rk1/pbqn1ppp/4p3/1pp3N1/3P4/4P1P1/PPQ2PBP/2RR2K1 b - - 1 16,b7g2 c2h7,693,79,100,353,kingsideAttack mate mateIn1 middlegame oneMove
NvRot,r1b4r/pp1p2p1/3b1nkp/4q3/4P3/2pB4/P3QPPP/RNB2RK1 w - - 2 15,b1c3 e5h2,673,80,100,310,kingsideAttack mate mateIn1 middlegame oneMove
GB4Gu,1r6/1Q3qkp/5p2/2b4P/8/5PP1/PP4B1/3R3K w - - 0 37,b7b8 f7h5 g2h3 h5h3,640,79,100,383,endgame mate mateIn2 short
tAeYF,1q3b1r/1Q1Rkp2/1nB2p1p/8/4p1P1/7P/PPP5/1K5R b - - 0 29,b6d7 b7d7,684,78,100,415,mate mateIn1 middlegame oneMove
rAPnx,5rrk/pp5p/2b5/3p1P2/P3pQPq/6RP/7K/1B3R2 b - - 6 34,h7h5 f4h6,606,79,100,428,master mate mateIn1 middlegame oneMove
hDVhW,8/3k2rp/3P4/8/1p2K2P/1R6/8/8 w - - 1 68,b3b4 g7g4 e4e5 g4b4,684,79,100,338,crushing endgame master rookEndgame short skewer
UDlpT,8/p2b2k1/4p3/1p1pr2P/2p5/5r2/PPP3Q1/2K5 b - - 1 30,g7h6 g2g6,697,78,100,324,endgame mate mateIn1 oneMove
xtjF7,N6r/1p1knQpp/p2bp3/4q1B1/8/8/PP3PPP/R4RK1 w - - 3 18,g5e7 e5h2,650,79,100,318,kingsideAttack mate mateIn1 middlegame oneMove
33sc3,8/7k/6p1/pprBpp1p/1P1pP2P/P2PbKP1/2r5/1R1R4 w - - 3 39,b4c5 c2f2,620,80,85,310,endgame epauletteMate mate mateIn1 oneMove operaMate
c5ZZ6,r7/p6Q/b1p1kpp1/3p4/8/1BP3R1/P1P2qPP/R3r2K w - - 10 25,a1e1 f2e1,668,78,100,1229,backRankMate mate mateIn1 middlegame oneMove
4E7Jw,2r1R1k1/r1q3pp/n1p5/ppP2p1Q/P1p1bP1N/6PB/1P3B1P/R5K1 b - - 2 25,c8e8 h5e8,631,80,100,300,kingsideAttack mate mateIn1 middlegame oneMove
InnIi,r4r1k/ppp1n1pp/1bP2pq1/8/2Q2P2/1NN5/PPP2BPP/2Kb1B1R w - - 1 16,c6b7 g6c2,666,78,100,361,mate mateIn1 middlegame oneMove queensideAttack
g5vkA,8/8/7R/4ppk1/r7/8/4K3/8 b - - 3 66,g5f4 h6h4 f4g5 h4a4,679,80,100,322,crushing endgame master rookEndgame short skewer
Z3MP5,1r4k1/1q3pbp/PB1R2p1/4p3/8/6P1/Q3PP1P/5rK1 w - - 0 35,g1f1 b7h1,653,79,100,303,endgame mate mateIn1 oneMove
sFjXe,6rk/p4q1p/3p1p2/2pN1P2/6PQ/P6R/1rp2K1P/2R5 b - - 0 34,f7d5 h4h7,649,78,100,329,endgame mate mateIn1 oneMove
DkS55,3q2k1/p3r1p1/4pr1p/2p1Q3/6R1/1Pn2P2/P1P2BPP/6K1 w - - 8 27,e5f6 d8d1 f2e1 d1e1,642,76,100,307,endgame mate mateIn2 short
ZtNCp,3r1rk1/pb2nppp/2q2b2/2B1p3/8/N1PP3P/P1PQBPP1/3RR1K1 w - - 1 22,c5e7 c6g2,618,79,100,345,kingsideAttack master mate mateIn1 middlegame oneMove
Y5gpt,r4rk1/pp1n4/3q2p1/2p4p/4p1nQ/1P2P3/PBPPN1PP/R4RK1 w - - 6 20,h4g5 d6h2,652,78,100,356,kingsideAttack mate mateIn1 middlegame oneMove
myk1u,7k/8/4ppK1/p7/Pp1q2p1/3p2P1/7r/2R1R3 b - - 1 41,d3d2 c1c8 d4d8 c8d8,689,79,99,2301,endgame mate mateIn2 queenRookEndgame short
r1uwX,r2q1rk1/2pb1p2/p2p1p1p/1pb2N2/4P1QB/1n6/PPP2PPP/R4RK1 b - - 1 15,g8h7 g4g7,630,78,100,303,mate mateIn1 middlegame oneMove
OqIsS,1r1r2k1/2p1bppp/2pq4/8/p2P4/2PQP3/P1B2PPP/1RB3K1 b - - 3 19,b8b1 d3h7 g8f8 h7h8,673,78,100,810,kingsideAttack mate mateIn2 middlegame short
TUEVQ,3r3k/pp4pp/8/2p1B3/6Pb/P6P/1qPQ4/5RK1 b - - 2 25,b2e5 d2d8 h4d8 f1f8,657,80,98,454,backRankMate endgame mate mateIn2 sacrifice short
rt7FO,r3k3/4p3/1np2bR1/5p2/p3r3/3N1K2/1PP1B3/R7 b q - 0 28,b6d5 g6g8 e8f7 g8a8,696,78,100,316,advantage master masterVsMaster middlegame short skewer
TK4d6,6k1/pp3pp1/2n1n3/6q1/8/2P2P1R/1P4PK/4RB2 b - - 12 28,e6f4 e1e8,656,76,100,841,endgame mate mateIn1 oneMove
ULgPb,6k1/ppN2ppp/2b1P3/6q1/8/8/PB2Q1PP/3r2K1 w - - 0 29,e2d1 g5g2,684,79,100,509,endgame mate mateIn1 oneMove
jyRFa,r3kbnr/pp3ppp/8/4n3/3p1B2/6N1/PPb1PPPP/R3KB1R w KQkq - 0 11,f4e5 f8b4,677,80,100,328,doubleBishopMate mate mateIn1 middlegame oneMove
Y89I5,6k1/1b3p2/1p2p3/p6p/3Q1Pq1/6N1/P1P5/5RK1 w - - 4 39,d4f6 g4g3,645,80,100,488,endgame hangingPiece mate mateIn1 oneMove
koWnD,r1b2k2/p3n2p/2p3p1/7q/2Qb2n1/3B1r2/PP1B1NPP/3R1RK1 w - - 2 22,c4d4 h5h2,654,79,100,336,kingsideAttack mate mateIn1 middlegame oneMove
64gZZ,6k1/1pp5/p2b2p1/7p/8/1PB2P1P/1PP1r3/5R1K w - - 1 32,f1g1 e2h2,651,79,100,454,endgame mate mateIn1 oneMove operaMate
CHYby,3r1nk1/pq3pP1/1p2p3/8/3rR1P1/P6Q/1P5P/4R1K1 b - - 0 28,d4e4 h3h8,684,78,100,402,endgame master mate mateIn1 oneMove
PGDVa,8/8/2p1b3/4k1n1/P1PpP2R/3P3p/7K/8 w - - 3 52,a4a5 g5f3 h2g3 f3h4,636,79,100,381,crushing endgame fork short
N9Voy,6k1/R5p1/6P1/5P2/5K2/8/p5r1/8 b - - 6 54,g2b2 a7a8 b2b8 a8b8,624,80,100,434,endgame mate mateIn2 rookEndgame short
Zn0mH,r1b1r3/7k/1q4pp/1ppp4/p7/4PQ2/PP3PPP/R4RK1 b - - 0 25,b6d6 f3f7 h7h8 f7e8,682,79,100,621,advantage fork middlegame short
kY4dA,8/5k2/4q2p/8/4NKpP/6P1/5P2/8 b - - 1 49,h6h5 e4g5 f7f6 g5e6,680,79,100,1111,crushing endgame fork short
YkYnQ,8/R7/6pk/5p2/p4P2/r5P1/5K1P/8 b - - 0 44,h6h5 a7h7 h5g4 h2h3,686,79,100,356,endgame mate mateIn2 rookEndgame short
uwpVi,1r4k1/5pp1/p3p2p/2pb4/P7/1Pn1PN2/2BN1PPP/5RK1 w - - 0 23,f1c1 c3e2 g1f1 e2c1,695,79,100,420,advantage fork middlegame short
TjAQk,5r1k/5Npp/8/6qp/3Q1n2/7P/1P4P1/3R3K b - - 3 36,f8f7 d4d8 g5d8 d1d8 f7f8 d8f8,622,80,100,337,backRankMate endgame long mate mateIn3
VjePU,8/3b4/8/3N4/2pP4/2K1k3/8/8 b - - 0 67,e3e4 d5f6 e4f5 f6d7,669,79,100,446,crushing endgame fork short
ygnEv,8/r5Bk/q6p/5p2/5P2/rP1P2QP/2P5/1K1R2R1 w - - 0 37,g7b2 a3a1 b2a1 a6a1,632,79,100,319,mate mateIn2 middlegame sacrifice short
Uydnv,3Q2k1/5ppp/p5r1/1pN1R3/3q1nb1/8/PP3P2/4RK2 b - - 0 34,d4d8 e5e8 d8e8 e1e8,696,79,100,496,backRankMate fork mate mateIn2 middlegame short
ufR01,3b4/7R/p2k1p2/8/1p2pP1P/8/P5P1/6K1 w - - 0 43,h7a7 d8b6 g1f1 b6a7,674,79,100,822,crushing endgame fork master short
UVFQq,5r1k/pp4pp/4Q3/8/8/4P3/P4qPP/3R2K1 w - - 3 27,g1h1 f2f1 d1f1 f8f1,688,77,100,406,backRankMate endgame mate mateIn2 sacrifice short
NuWqt,3r2k1/6pp/p3Qp2/1p6/5P2/1P3Pqr/P5P1/4R1K1 b - - 0 33,g8h8 e6e8 d8e8 e1e8,671,80,96,390,backRankMate endgame mate mateIn2 sacrifice short
eVpkl,3r1rk1/1R3pp1/8/4p2p/2P1N3/5P2/P3nqPP/5R1K w - - 0 25,f1f2 d8d1 f2f1 d1f1,658,80,100,473,backRankMate endgame mate mateIn2 short
Gl6xF,8/1p4k1/p6p/4R1pB/2P5/1P6/P2r2PP/7K w - - 1 34,e5e2 d2d1 e2e1 d1e1,687,79,100,332,backRankMate endgame mate mateIn2 short
gPLCJ,4r1k1/ppp3pp/8/5R2/2P1Q3/2q4P/P5PK/3R4 b - - 0 23,e8e4 d1d8 e4e8 d8e8,624,80,100,684,endgame mate mateIn2 queenRookEndgame short
BtW1j,4r1k1/ppp3pp/5n2/3pqB2/8/2P5/PPQ2PPP/R5K1 w - - 1 19,a1d1 e5e1 d1e1 e8e1,692,78,100,326,backRankMate endgame mate mateIn2 sacrifice short
luYZS,3r2k1/pp4bp/6p1/8/2p1q1n1/5R1P/PP4P1/R1B1Q2K w - - 0 24,e1e4 d8d1 e4e1 d1e1 f3f1 e1f1,696,77,100,305,long mate mateIn3 middlegame
DiRVs,2r3k1/5ppp/R3p3/2R2b2/1r6/4B1P1/1P2PPKP/8 b - - 0 24,c8c5 a6a8 b4b8 a8b8 c5c8 b8c8,679,80,100,630,backRankMate endgame long mate mateIn3
4iGLD,5r2/p3kpQ1/4p1p1/4R3/q1nP4/2P5/P3RPPP/6K1 w - - 17 29,e5c5 a4d1 e2e1 d1e1,632,79,100,554,endgame fork mate mateIn2 short
3nyFx,1q4k1/p4ppp/Q7/8/8/6P1/5PKP/8 b - - 7 35,b8b6 a6c8 b6d8 c8d8,681,78,100,396,backRankMate endgame mate mateIn2 queenEndgame short
Wf8Hr,1r6/pR3pkp/2p2np1/2Pp4/3P1q2/P4N1Q/5PPP/6K1 w - - 1 27,b7b8 f4c1 f3e1 c1e1,652,78,100,432,endgame mate mateIn2 short
LWzSN,8/8/8/4R1p1/3p4/3k2KP/8/3r4 w - - 0 53,e5g5 d1g1 g3h4 g1g5,688,78,100,408,crushing endgame master rookEndgame short
VgQdq,8/8/3rp3/1K1P3p/1p4k1/1P1R2P1/8/8 w - - 0 55,b5c5 d6d5 d3d5 e6d5,666,77,100,300,crushing endgame rookEndgame short
Qu3KB,2q3k1/1p3Qpp/2p3r1/3p2N1/8/4r3/PPP3P1/5RK1 b - - 3 33,g8h8 f7f8 c8f8 f1f8,650,79,100,317,endgame mate mateIn2 short
grbtl,8/6pk/7p/8/3p1Q2/3q1P1P/6PK/8 w - - 0 48,f4e4 d3e4 f3e4 d4d3 h2g3 d3d2,683,80,100,415,advancedPawn crushing endgame long queenEndgame
WJQ3U,4r1k1/pp3ppp/8/5r2/3RR3/1P5P/PP4P1/6K1 b - - 0 28,e8e4 d4d8 e4e8 d8e8,615,79,100,314,backRankMate endgame master mate mateIn2 rookEndgame short
B0TRn,4r1k1/1p3pP1/p7/8/5P1b/1P2p2R/P3B3/6K1 b - - 3 33,h4f6 h3h8 g8g7 h8e8,654,80,100,682,crushing endgame short skewer
uHfnT,4r2k/pB1n1pp1/3bq3/6Bb/3p4/5N1P/PPQ2PP1/R5K1 w - - 0 20,a1e1 e6e1 f3e1 e8e1,639,79,100,388,kingsideAttack mate mateIn2 middlegame pillsburysMate short
weT18,1r6/1P6/8/8/5k1K/8/8/1R6 w - - 2 55,b1b6 b8h8 b6h6 h8h6,696,79,100,368,endgame mate mateIn2 rookEndgame short
jhv3Z,5k2/R7/5K2/6pp/8/8/P1r5/8 b - - 3 50,g5g4 a7a8 c2c8 a8c8,696,79,100,488,endgame mate mateIn2 rookEndgame short
EaiB8,1rr3k1/6pp/2p5/p1Pp2P1/P2P1n2/1pK2N2/4PP2/1R4R1 w - - 4 25,e2e3 f4e2 c3d3 e2g1,669,78,85,434,advantage endgame fork short
5scZt,7k/pp2Q2p/2p1BKp1/4P3/5r2/6P1/PP5P/2q5 w - - 7 33,g3f4 c1f4 e6f5 f4f5,692,78,100,389,endgame mate mateIn2 short
aqOiv,8/4kn2/4p3/2p4P/PbR3P1/8/6K1/8 w - - 3 44,g2f3 f7e5 f3f4 e5c4,625,80,100,388,crushing endgame fork short
DDZ3r,5k2/1p4pB/6P1/8/2p1p3/P2r4/2K5/4B3 b - - 1 49,d3a3 e1b4 f8e8 b4a3,619,80,100,832,crushing endgame fork short
nuFUS,8/p4k2/2p1p3/1p6/3n1P2/8/PPP5/2K3R1 w - - 0 39,c1d2 d4f3 d2e3 f3g1,635,80,100,390,crushing endgame fork master short
6UrXy,2qr2k1/4Rp1p/p2p2pB/1pb4P/2br4/5P2/2R3P1/4Q2K b - - 0 27,c8f5 e7e8 d8e8 e1e8,692,77,100,333,kingsideAttack mate mateIn2 middlegame short
FfFTA,2k5/pp6/2p5/4br1p/2N2p1R/PP3P2/4KP2/8 b - - 3 31,e5f6 c4d6 c8d7 d6f5 f6h4 f5h4,697,79,100,326,advantage endgame fork long
heho9,4k3/4r3/p7/1p4K1/2pQ1p2/P1P2P2/1P6/8 w - - 3 48,d4e4 e7e4 f3e4 f4f3,696,76,100,904,crushing endgame short
Zwexb,r5rk/pp3Qb1/3B4/6R1/2P5/7P/4q1P1/7K b - - 0 26,e2e1 h1h2 e1g1 h2g1,663,79,100,315,crushing master middlegame short
5Ekzq,r4rk1/1pp4p/p2p2p1/3P4/4BPn1/P5P1/1P2N2P/R1B4K w - - 1 26,e2d4 g4f2 h1g2 f2e4,679,78,100,593,advantage fork middlegame short
w3Aff,5r2/8/p7/1k5p/2R3pP/P1P3P1/1P6/2K5 w - - 1 36,c4f4 f8f4 g3f4 g4g3 c1d2 g3g2,678,80,100,469,advancedPawn crushing endgame long rookEndgame
jGgDg,2k5/1p3N2/p1p5/3p1B2/3P2p1/2N5/PPP2r1n/2K5 b - - 0 27,f2f5 f7d6 c8d7 d6f5,662,80,100,347,advantage endgame fork short
QUBnc,8/8/8/5k2/6pK/6R1/5P2/1r6 w - - 21 65,g3g2 b1h1 g2h2 h1h2,663,78,100,379,crushing endgame master rookEndgame short
7VK7J,6k1/p4p1p/6p1/3rq3/2P1p3/1Q2B3/P4PPP/6K1 w - - 0 27,c4d5 e5a1 e3c1 a1c1 b3d1 c1d1,698,77,100,347,backRankMate endgame long mate mateIn3
FbCcG,2r3k1/5pp1/1p5p/3N4/p2p4/Pn3KP1/1P3P1P/3R4 b - - 1 32,b6b5 d5e7 g8f8 e7c8,678,79,100,304,crushing endgame fork short
2VTIj,3q2k1/5ppp/2r5/1Q6/3R1P2/6P1/1P5r/1K4R1 b - - 0 28,d8d4 b5b8 c6c8 b8c8 d4d8 c8d8,693,78,100,328,backRankMate endgame long mate mateIn3
tawYX,3r4/8/1p4p1/1P2k3/8/8/3p1K2/3R4 b - - 1 53,e5d4 d1d2 d4c4 d2d8,682,79,100,315,crushing endgame rookEndgame short skewer
ftZsY,3rr1k1/2q1bpp1/p4P1p/1p5P/4N1P1/2P1RN2/PP2Q1K1/8 b - - 0 31,e7f6 e4f6 g7f6 e3e8 d8e8 e2e8,699,77,100,415,crushing discoveredAttack kingsideAttack long middlegame
0lDcL,8/8/3N4/b3pK2/3kP2p/7P/8/8 b - - 2 50,a5c7 d6b5 d4c5 b5c7,658,78,100,435,endgame
W3a1j,5k2/p5pp/1p2b3/3pP3/1q4n1/P2B4/1P4PP/4R2K w - - 0 28,a3b4 g4f2 h1g1 f2d3,687,78,100,532,advantage endgame fork short
XYtGF,8/8/6p1/3rRpPp/3p1P2/2kP1K2/8/8 b - - 4 63,d5e5 f4e5 c3d3 e5e6 d3c2 e6e7,682,80,100,323,advancedPawn crushing endgame long master
JSXXg,3r4/6pk/4p1np/3qN3/1p1P1BPn/3Q1P2/1P6/3R2K1 b - - 2 33,d5d4 d3d4 d8d4 d1d4,638,78,100,401,advantage middlegame short
R4aNu,8/8/4kbBB/2p2n2/2Pp4/3P1K2/8/8 w - - 7 65,h6f4 f5h4 f3e4 h4g6,687,79,100,721,crushing endgame fork master short
sq9IP,3br3/p6k/1p5n/2p5/2P1N1P1/P1B2K2/1P6/8 b - - 0 31,d8c7 e4f6 h7g6 f6e8,647,79,100,440,advantage endgame fork short
zahtP,4k3/7p/2p1n3/3pPR2/1P1r4/2P5/2K5/8 w - - 0 36,c3d4 e6d4 c2d2 d4f5,617,80,100,353,crushing endgame fork short
uSGWO,7r/p2kb2p/b5p1/2PNPp2/3P1P2/P2r1N2/5RPP/R1B3K1 w - - 1 23,d5e7 d3d1 f3e1 d1e1 f2f1 e1f1,648,80,100,424,kingsideAttack long mate mateIn3 middlegame operaMate
3FEXP,1rq3k1/4br2/2p1p1pp/2NnPp2/3P1P2/4B1PP/1R1Q3K/1R6 b - - 0 30,e7c5 b2b8 c8b8 b1b8,684,79,100,833,crushing middlegame pin short
qqef8,6k1/p4pbp/6p1/1r1r4/N3R3/P7/5PPP/3R2K1 w - - 0 42,d1d5 b5b1 d5d1 b1d1 e4e1 d1e1,694,78,100,317,backRankMate endgame long mate mateIn3
GsLTZ,5r1k/p5p1/3p3b/2p1p3/1qP1B3/1P5R/P1Q2rPP/5RK1 w - - 0 28,c2d1 f2f1 d1f1 f8f1,686,80,100,810,crushing fork middlegame short
vFOsT,2r3k1/1p2bppp/p3p3/3qP3/P3NQPN/1P6/8/5R1K b - - 0 26,e7h4 f4f7 g8h8 f7f8 c8f8 f1f8,626,80,100,791,backRankMate endgame long mate mateIn3 sacrifice
KafzE,8/6p1/2k4p/8/2P2P2/7r/2R4P/5K2 w - - 3 41,f1e2 h3h2 e2d3 h2c2,674,79,100,637,crushing endgame master rookEndgame short
nAmmC,8/8/1p2k3/1P2p1P1/7p/2n4P/8/3R2K1 w - - 1 48,d1c1 c3e2 g1f2 e2c1,655,80,100,310,crushing endgame fork master short
VFJ2e,2r3k1/pp4pp/5p2/4p2P/4N3/8/P1PK1PP1/8 b - - 1 31,g8f7 e4d6 f7e6 d6c8,661,79,100,403,advantage endgame fork master short
aJNoI,1R6/8/5K2/6P1/8/pb6/1k6/8 w - - 4 63,b8b3 b2b3 g5g6 a3a2 f6f7 a2a1q,686,80,100,436,advancedPawn crushing endgame hangingPiece long promotion
oL5Hn,8/8/8/1p4B1/8/p2K3P/k4PP1/8 w - - 1 42,d3c2 b5b4 g5e7 b4b3 c2c3 b3b2,688,79,100,459,endgame
YZ3s6,8/3k4/3PN3/4PK2/8/8/8/3r4 w - - 7 87,f5f6 d1f1 e6f4 f1f4,678,78,89,402,crushing endgame master short
2uWbN,8/N3k1pp/2P1b3/1p6/1P6/P7/4K3/8 w - - 1 45,a7b5 e6c4 e2d2 c4b5,655,79,100,477,crushing endgame fork short
SSLgK,8/1N4p1/p3kp1p/2P5/6P1/3nK2P/8/8 b - - 2 50,d3c5 b7c5 e6d5 c5a6,668,78,100,572,endgame master
9NuKp,1r6/4kp2/1p2n1p1/1PpBP3/P1P3P1/3R4/6K1/8 w - - 3 48,a4a5 e6f4 g2f3 f4d3,665,79,100,315,advantage endgame fork master short
FDQzM,8/p4r2/R7/5k1K/8/7P/8/8 w - - 3 44,h5h6 f7f6 a6f6 f5f6,627,78,100,340,crushing endgame rookEndgame short
FJ2Mi,6k1/5ppp/8/8/6P1/P6P/2rpK3/3R4 b - - 2 35,c2a2 d1d2 a2d2 e2d2,637,79,100,364,advantage endgame rookEndgame short
PLfZO,2r2k2/5p2/4p1p1/4P1P1/3PK2R/Ppr1B3/n7/7R b - - 1 35,a2c1 h4h8 f8e7 h8c8,650,79,85,317,crushing endgame short
9TwRS,8/1R6/3pk3/pP2p3/P3Prp1/3P3p/8/6K1 b - - 1 42,f4f7 b7f7 e6f7 b5b6 f7e8 b6b7,652,78,100,517,endgame
i1FRW,3r2k1/p1p4p/1pn3p1/1R2p3/2Pqr3/P2P3P/2P2PP1/3Q1RK1 w - - 0 22,d3e4 d4d1 f1d1 d8d1,696,78,100,375,advantage endgame short
8Q6Fn,rn3rk1/1p3ppp/p1pbp3/7B/2PPpPR1/4P2q/PP1K1P2/R1BQ4 b - - 1 14,h3h5 g4g7 g8g7 d1h5,763,77,100,362,advantage discoveredAttack kingsideAttack middlegame short
Rmoxj,r2qk2r/p2b1ppp/1n1B4/1Bp1p3/Q7/8/PP2NPPP/3RK2R w Kkq - 2 15,d6c5 b6a4 b5d7 d8d7 d1d7 e8d7,779,80,87,312,crushing long middlegame
Lztmw,8/2k4P/8/7r/R7/K7/8/8 b - - 0 52,h5h7 a4a7 c7c6 a7h7,762,78,100,737,crushing endgame rookEndgame short skewer
kGaid,8/p2k2pp/8/r1KP2P1/5R1P/5P2/8/8 w - - 1 39,c5d4 a5a4 d4e3 a4f4,799,77,87,391,crushing endgame master rookEndgame short
oKjK2,3r3k/1n4p1/p3p3/Pp2PpN1/8/2R3P1/5P1P/6K1 b - - 3 34,b7a5 g5f7 h8g8 f7d8,765,78,100,544,crushing endgame fork master short
SyMVw,1k1R1b1r/N4ppp/1rB1p1b1/4P3/6P1/7P/PPP2P2/2K4R b - - 2 21,b8a7 d8a8,742,79,100,329,mate mateIn1 middlegame oneMove operaMate
2L8Ni,r2rb2k/pp2qpp1/2B1p3/4P1N1/3P1n1P/PP6/2Q2PP1/R4RK1 b - - 0 25,b7c6 c2h7,772,78,100,330,mate mateIn1 middlegame oneMove
HBd0h,7k/6p1/4Bp1p/3P3P/8/2K5/6b1/8 b - - 0 50,g2d5 e6d5 g7g6 h5g6,753,80,88,306,bishopEndgame crushing endgame hangingPiece master short
RIP5M,5k2/p4p2/1p2p3/P2p2Q1/3P4/5P1P/r3r1PK/8 w - - 0 27,a5b6 e2g2 g5g2 a2g2,784,79,100,338,crushing endgame fork queenRookEndgame short
YHcDm,4rrk1/ppq2pp1/4p1n1/2p1b1NQ/3p3P/3P4/PPP2P2/R1B1R1K1 b - - 2 18,f7f6 h5h7,798,76,100,311,mate mateIn1 middlegame oneMove
7hD8Q,r2r3k/6p1/7p/6bP/1R6/1Q6/NPP5/1K1q1R2 w - - 3 39,f1d1 d8d1 a2c1 d1c1,742,78,100,316,master mate mateIn2 middlegame operaMate short
OTl64,r1bq2kr/pppp2pp/2n3n1/2b1p1N1/4P3/1QPP4/PP3PPP/RNB1K2R b KQ - 3 8,g8f8 b3f7,736,79,100,492,mate mateIn1 oneMove opening
MYnQ3,4rk2/ppqn1ppp/2p2p2/8/3P4/2P4P/PP2QPP1/R1B3K1 w - - 1 18,e2f3 e8e1,796,77,100,454,endgame mate mateIn1 oneMove
pJBLC,8/6r1/2k2bP1/5K2/6R1/8/8/8 b - - 3 61,f6c3 g4c4 c6d6 c4c3,716,80,100,697,crushing endgame fork master short
N972z,3rr1k1/p6p/1p3qbQ/8/3p4/PR2p1B1/5PP1/4R1K1 b - - 1 31,f6f2 g3f2 e3f2 g1f2 e8e1 f2e1,731,78,100,451,crushing long middlegame
Fyxzr,8/p3kR2/1p2p3/3nNp1p/3P4/P2KPP1r/8/8 b - - 3 35,e7d6 f7d7,792,79,94,1050,endgame hookMate master mate mateIn1 oneMove
mTXtr,r1bqr1k1/3pbp2/p4n1B/1pp1p1Q1/3nP3/2NP4/PPP1BPPP/R4RK1 b - - 6 15,g8h7 g5g7,746,80,100,392,mate mateIn1 middlegame oneMove
2P1iA,8/1p2R1pk/7p/1B6/P6P/3P1b2/3K1P2/3r4 w - - 17 51,d2e3 d1e1 e3f3 e1e7,762,79,100,388,advantage endgame master short skewer
zW0FZ,3r3k/6pp/8/8/2B3Q1/1P2P2P/P3KPP1/7q w - - 7 33,g4e6 h1d1,760,78,85,429,endgame mate mateIn1 oneMove
5NBrD,r4rk1/6pp/1pp5/3p4/1P1Q4/P6n/2P2q1B/R3RK2 w - - 0 31,d4f2 f8f2,737,77,100,395,mate mateIn1 middlegame oneMove
6y7b8,8/3k4/1Bnpp3/8/6r1/2K5/P1B5/8 b - - 4 37,e6e5 c2f5 d7e7 f5g4,780,80,98,380,endgame master
cEUAd,1k1r1r2/ppp5/8/4P3/7Q/P3q2p/1P2bR2/4R1K1 b - - 1 33,f8f2 h4d8,723,80,86,410,endgame hangingPiece mate mateIn1 oneMove
L6aiW,r4r2/p1pqRp1k/3p1Pnp/2p5/8/6Q1/PPP3PP/R5K1 b - - 1 23,g6e7 g3g7,739,79,100,394,endgame mate mateIn1 oneMove
oL8oO,r4r2/5pk1/4p1pp/4b3/1R2P3/1P1RB2P/1P3PP1/6K1 w - - 1 28,e3d4 a8a1 d3d1 a1d1,704,78,100,411,endgame mate mateIn2 pillsburysMate short
29K8S,4k3/R7/4K1p1/1P5p/5P2/8/8/1r6 b - - 2 52,h5h4 a7a8,764,77,99,893,endgame mate mateIn1 oneMove rookEndgame
JV8zR,r3r1k1/2q2ppp/5b2/p1P5/PnB5/5N2/5PPP/1RQ2RK1 b - - 0 22,c7c5 c4f7 g8f7 c1c5,796,78,97,3219,crushing discoveredAttack middlegame short
vPCvD,6k1/p2R1p1p/r5p1/8/2Np4/bPnP1P2/3B1P1P/6K1 w - - 0 28,d7d4 c3e2 g1g2 e2d4,783,77,100,322,advantage endgame fork short
LZX5U,k1r1r3/pp4p1/4P3/3q1P2/2pB2P1/b6p/P1Q4P/3R1RK1 w - - 1 32,c2c3 d5g2,744,78,100,602,master mate mateIn1 middlegame oneMove
6IgjH,3k4/pbp4p/1p3N2/1B1p4/7q/2P4Q/PP4PK/8 b - - 3 28,h4f6 h3d7,780,77,100,333,endgame mate mateIn1 oneMove
07pY9,r3k2r/ppp2pp1/2n4p/3Np3/1P1b3q/P2B1P1P/2PB3P/R2QK2R w KQkq - 1 14,e1e2 h4f2,733,78,100,352,mate mateIn1 middlegame oneMove
cWUaw,4k2r/p2bppb1/1rp3p1/3pPnN1/2pP1P1p/4B2P/qPPQN1P1/KR4R1 w k - 0 24,a1a2 b6a6 d2a5 a6a5,780,79,100,351,master mate mateIn2 middlegame short
ruj2O,Q7/p3rkpp/4p3/2Pp1p2/N7/1P3P1n/P5PP/5RqK w - - 7 33,f1g1 h3f2,755,76,100,716,endgame mate mateIn1 oneMove smotheredMate
kMbon,2b3k1/4q1pp/1pQ2p2/p2p4/3P4/P4N1P/1P3PP1/6K1 b - - 1 25,e7b7 c6e8,798,76,100,640,endgame master mate mateIn1 oneMove
1smZu,3Q4/1p2rppk/7p/6q1/1P1p4/PN3bP1/5P1P/2R3K1 w - - 2 29,d8d4 g5c1 b3c1 e7e1,776,76,100,362,endgame mate mateIn2 pillsburysMate sacrifice short
jrAU6,4r1k1/1p3pb1/p1pq3p/4p3/1P2P2P/2P1B2Q/1P3PP1/4R1K1 w - - 0 28,e1e2 d6d1 g1h2 d1e2,780,77,98,1289,advantage endgame fork short
2qg9h,r1b2R1k/pp5p/2n2qp1/3B4/5BP1/8/PP5P/5Q1K b - - 0 22,f6f8 f4e5 c6e5 f1f8,773,76,100,539,discoveredAttack mate mateIn2 middlegame short
dPJe5,rn2k2r/ppp2ppp/3b4/8/4pqB1/2P4P/PP1P1P2/RNBQ1RK1 w kq - 1 12,d2d3 f4h2,783,80,88,467,mate mateIn1 oneMove opening
NO7G1,r2q2k1/p5rp/1p2P2Q/3b1R2/1P1p4/P7/7P/3R3K w - - 0 27,f5d5 d8d5,702,78,100,637,endgame hangingPiece mate mateIn1 oneMove
PjHSe,r1b2rk1/1p1p1ppp/2n1p3/p1q1P3/2P3n1/P4N2/1P3PPP/R1BQKB1R w KQ - 0 11,c1f4 c5f2,791,79,100,395,attackingF2F7 mate mateIn1 oneMove opening
1z5yP,r1b2rk1/pp5p/4p3/3pPpN1/2p2P2/2P1b1qP/PP4P1/RB1Q1K1R w - - 0 21,g5f3 g3f2,797,78,98,477,master mate mateIn1 middlegame oneMove
x3uVG,4r1k1/p4pp1/1p5p/3pPN2/5P2/2Pn4/P5KP/5R2 b - - 6 31,e8c8 f5e7 g8f8 e7c8,723,78,100,515,crushing endgame fork short
TumBv,r1b2rk1/ppp1Np1p/5q2/b2p3Q/3P4/2PB4/PP1N1PPP/5RK1 b - - 2 16,f6e7 h5h7,757,80,100,374,kingsideAttack mate mateIn1 middlegame oneMove
uqIgI,8/8/3pn2p/p2N2kP/2P3P1/1P3PK1/P7/b7 b - - 1 36,e6c5 f3f4,799,75,100,336,endgame mate mateIn1 oneMove
FldNE,6rk/1R3pQp/p3p3/4P3/B1p2P2/4b1R1/P1P2qPP/3K4 b - - 0 32,g8g7 b7b8 g7g8 g3g8,797,79,100,450,endgame mate mateIn2 short
3ZdHU,7k/8/4p1p1/1QpbP3/1n6/4P2P/rP5P/6K1 w - - 0 33,b5c5 a2a1 g1f2 b4d3,764,78,100,548,crushing endgame short
5d4Su,Q6k/3q3p/3B2pP/1p2p3/3p3b/1BpP1b2/8/6K1 b - - 6 44,f3a8 d6e5 h4f6 e5f6 d7g7 h6g7,771,78,100,578,advancedPawn endgame long mate mateIn3
H3Xdx,1k1r3r/pp4pp/2qbb3/2p2p2/2B1Nn2/2B1Q3/PP3PPP/R4RK1 w - - 0 18,e4d6 c6g2,792,79,97,675,kingsideAttack mate mateIn1 middlegame oneMove
HRcQY,1k5r/pb1r3p/6p1/3qpp2/1Q6/P1P1B3/2P2PPP/R4RK1 w - - 4 20,b4a4 d5g2,798,78,88,306,kingsideAttack mate mateIn1 middlegame oneMove
2KGmG,8/p3Rpkp/1p5N/5PPp/1P1P1K2/P5P1/b7/2r5 w - - 3 45,e7e8 c1f1 f4e3 f1e1,792,79,99,1270,advantage endgame master short
wMyWU,2r2r1k/p3R1pp/1p6/4Qp2/1q6/5P2/2b3PP/4R2K b - - 1 30,c2a4 e5g7,707,77,98,354,mate mateIn1 middlegame oneMove
vcTiV,r1bk2n1/pppp1Q2/8/2b1P1B1/2B5/2N2nq1/PPP5/R4K2 b - - 2 16,f3g5 f7g8 c5f8 g8f8,714,78,100,340,hangingPiece mate mateIn2 middlegame short
Fx4lO,r1b3k1/pp4pp/2p5/2qpP3/2P5/3Q4/PP2N1PP/5R1K b - - 0 18,d5c4 d3d8 c5f8 f1f8,775,76,99,589,endgame mate mateIn2 short
KNGRZ,2kr1b1r/ppp2ppp/8/4p2q/3nN1n1/5N2/PPPBBPP1/R2Q1RK1 w - - 0 12,f3d4 h5h2,739,80,100,1146,mate mateIn1 oneMove opening
yYfvB,8/p4pb1/3pp1p1/6k1/P2q4/QP3RPp/4PP1P/2R3K1 w - - 2 31,c1c4 d4d1,772,79,98,365,endgame mate mateIn1 oneMove
WgAaR,6rk/2q3Bp/1p2R3/8/6Q1/8/5PpP/6K1 b - - 0 36,g8g7 e6e8 g7g8 e8g8,753,78,100,420,endgame mate mateIn2 short
Tip4P,2R5/8/3B4/1p6/1k2r2p/1r6/5P2/5K2 b - - 15 60,b4a4 c8a8,745,77,100,493,endgame master mate mateIn1 oneMove pillsburysMate
9WI98,2r2k2/2pqrp1R/p2p4/1p1P4/4n3/3Q3P/PB3PP1/R5K1 b - - 0 26,d7f5 h7h8,739,77,100,500,mate mateIn1 middlegame oneMove pillsburysMate
FqKzH,5r2/1pp3rk/3p4/p2P1nq1/P1P2RP1/5R2/1PQ4K/8 b - - 0 32,g5h4 f3h3 h4h3 h2h3,790,79,100,421,crushing defensiveMove middlegame pin short
051ka,7k/1q1r2Np/1p4p1/p3n3/4P3/1QP1P2P/PP4P1/5RK1 b - - 0 25,d7g7 f1f8 g7g8 f8g8,762,78,100,321,endgame mate mateIn2 short
r2x92,r3r1k1/pppnbppp/2n1P3/8/2B5/5P2/PP3P1P/R1BNR1K1 b - - 0 14,f7e6 c4e6 g8f8 e6d7,747,80,98,1012,crushing fork middlegame short
fjEU7,8/8/4p3/4k1pR/6P1/2K5/4n3/8 w - - 2 46,c3d3 e2f4 d3c2 f4h5,790,80,98,526,crushing endgame fork short
wPm8i,2kr1b1Q/pp3N2/2p1p1p1/2n1P3/5B2/8/PqP3PP/R6K w - - 0 22,a1c1 b2c1 f4c1 d8d1,788,79,100,1740,backRankMate mate mateIn2 middlegame sacrifice short
RYznR,8/8/p4pk1/P1r1p2p/6p1/2PR1nP1/R4P1P/5K2 w - - 1 35,f1g2 f3e1 g2f1 e1d3,776,79,99,916,crushing endgame fork short
yZvYV,8/1kr5/3K4/1p1P4/8/8/1R6/8 b - - 7 68,b7b6 b2b5 b6b5 d6c7,718,78,100,322,crushing deflection endgame rookEndgame short
X4N7Q,8/3k1K2/7p/1p1nPP2/8/8/P7/2b5 b - - 8 56,d5f4 e5e6 d7d6 e6e7 f4d5 e7e8q,766,79,100,334,advancedPawn advantage endgame long promotion
RyiLL,1r4k1/2qR1ppp/p4b2/4p3/Q3P3/4BP2/Pr4PP/3R2K1 b - - 3 25,c7c3 d7d8 b8d8 d1d8 f6d8 a4e8,729,80,99,1237,kingsideAttack long mate mateIn3 middlegame sacrifice
pECtR,r2nk2r/5ppp/p1R1p3/q2pP3/1b1P4/4B2P/2Q1BPP1/5RK1 b kq - 6 19,d8c6 c2c6 e8f8 c6a8,741,78,100,312,crushing fork middlegame short
IYbMz,8/8/2PN1p2/6k1/6Pp/1r6/6K1/8 b - - 0 68,b3c3 d6e4 g5g4 e4c3,759,78,100,622,crushing endgame fork short
8LYar,k7/2q3p1/2p5/2Qp1p1r/P3p1p1/4P3/4BP2/1R4K1 w - - 2 40,b1b6 c7h2 g1f1 h2h1,740,78,88,366,endgame mate mateIn2 short
zdJhz,K7/1b1r1p2/2k3p1/2B5/PP6/8/8/1R6 w - - 3 51,a8b8 d7d8 b8a7 d8a8,717,79,100,433,endgame mate mateIn2 operaMate short
gTCdO,4r3/2p3kp/2p2p2/1p6/8/1P1q2B1/r4PPP/3R1K1R w - - 0 29,d1d3 a2a1 d3d1 a1d1,774,77,100,1093,endgame mate mateIn2 short
8FGZf,5rk1/4Qpp1/8/4p1K1/7P/5P2/6P1/8 w - - 0 45,e7e5 f7f6 g5g6 f6e5,779,79,99,1689,crushing endgame fork queenRookEndgame short
wkUwJ,2r3k1/2q2ppp/4p3/1p6/p5PP/2P1bQ2/PP2r3/1K3R1R b - - 1 29,c7c4 f3f7 g8h8 f7f8 c8f8 f1f8,763,80,99,1123,backRankMate long mate mateIn3 middlegame sacrifice
nJ9Cg,5Nk1/2q1bppp/4p3/3p4/1P6/2PQ4/5PPP/5nK1 b - - 0 26,f1h2 d3h7 g8f8 h7h8,717,77,100,461,endgame mate mateIn2 sacrifice short
ID8vX,6k1/1p1r4/2p1R1P1/5PK1/p5n1/8/8/8 b - - 6 55,g4f2 e6e8 g8g7 f5f6,796,77,100,433,endgame master mate mateIn2 short
u9o61,5r1k/ppp2ppp/2np1R2/6B1/3P4/2P5/PPK5/R7 b - - 0 24,g7f6 g5f6 h8g8 a1g1,733,78,94,304,endgame mate mateIn2 pillsburysMate short
uhJUq,R7/5ppk/4p2p/4Pq2/8/2r5/5PPP/4Q1K1 w - - 0 29,e1c3 f5b1 c3c1 b1c1,710,77,100,545,backRankMate endgame mate mateIn2 short
GO6Qq,6k1/5ppp/p1b2b2/8/3p4/6Q1/2PK1PPP/2R1rqN1 b - - 1 29,e1c1 g3b8 f6d8 b8d8 c6e8 d8e8,791,78,100,423,endgame long mate mateIn3
ZsyMW,2R5/k5r1/8/4p1rp/1pB5/1P3n2/5P1P/2R4K w - - 12 39,c4d5 g5g1 c1g1 g7g1,727,79,100,361,arabianMate endgame mate mateIn2 short
lsvSq,8/5pk1/1PR1pb2/5p1p/5P1P/r1P2KP1/8/8 b - - 0 38,a3c3 c6c3 f6c3 b6b7,723,77,87,411,advancedPawn crushing endgame short
4S0yk,r5k1/5p1p/6p1/2B1b3/1P2q3/7P/1P3PP1/4R1K1 w - - 0 30,e1e4 a8a1 e4e1 a1e1,790,78,100,370,endgame mate mateIn2 pillsburysMate short
sEBnd,8/4k3/4n1p1/p2K2P1/B4P2/8/1P6/8 w - - 23 59,d5e4 e6c5 e4d5 c5a4,762,78,100,399,crushing endgame fork short
mGQzu,1r5k/6PP/5K2/8/R7/pp6/8/8 b - - 0 65,h8h7 a4h4 h7g8 h4h8,727,80,100,320,endgame mate mateIn2 rookEndgame short
cJHeE,3rk1nr/p3ppb1/2pPb1pp/q3P3/1p5P/2N1BN2/PPPQ2P1/1K1R3R w k - 0 17,c3e4 a5a2 b1c1 a2a1,753,76,100,309,mate mateIn2 middlegame queensideAttack short
kADFr,6k1/4q1p1/p3P3/1p1p4/4n3/3Q4/PP6/4R2K w - - 1 38,d3h3 e4f2 h1h2 f2h3,757,80,100,314,crushing endgame fork short
2Ef2h,5bk1/1Q3p1p/p2Np1p1/3nP3/P4P2/1P4PP/7K/2N2q2 b - - 2 31,f1c1 b7f7 g8h8 f7f8,785,76,100,459,deflection endgame mate mateIn2 short
gTY6U,6k1/p4pp1/1p2p2p/1q3r2/3RQ2P/P1P1K1P1/1P3P2/8 b - - 6 29,f5e5 d4d8 b5e8 d8e8,779,77,100,353,endgame mate mateIn2 short
mRVgC,8/1p2k2p/2p2RPP/p7/P3p3/5p2/6r1/7K b - - 2 47,e7f6 g6h7 g2g6 h7h8q,783,78,100,470,advancedPawn advantage endgame master promotion rookEndgame short
0xHWF,8/8/2p5/1pkp1R2/1P6/P3Pp1r/2K2P2/8 b - - 0 49,c5c4 f5f4 d5d4 f4d4,787,78,100,360,endgame mate mateIn2 rookEndgame short
wC5Dy,r1b1r1k1/pp4pp/2n1p3/2npP3/8/2P2NB1/PqB1Q1PP/R3K2R w KQ - 0 17,c2h7 g8h7 e2b2 c5d3 e1e2 d3b2,797,79,97,1277,advantage exposedKing fork long master middlegame sacrifice
VE3q2,3r2r1/1pkb1p2/p2Rpp2/7p/4PP2/2N3P1/PPP4P/2KR4 w - - 0 21,c3a4 d7a4 d6d8 g8d8 d1d8 c7d8,779,76,100,627,advantage endgame hangingPiece long
7r5W0,6k1/5pb1/2Q1p3/2p1P3/2q2P2/6P1/5BK1/8 b - - 1 40,c4d5 c6d5 e6d5 f2c5,771,77,100,350,crushing endgame master short
3EhAQ,3rr1k1/pp4b1/4N1p1/2pP1P1p/n4p2/7P/PP1R3R/K4B2 w - - 1 28,e6d8 e8e1 d2d1 e1d1,784,77,100,360,fork mate mateIn2 middlegame short
9KYs1,r5k1/R4pp1/4pnq1/Q5Np/4b2P/4N3/Pr3PP1/5RK1 b - - 0 26,a8a7 a5d8 f6e8 d8e8,761,80,100,388,mate mateIn2 middlegame short
CmjrE,r1b2Bk1/1p2bp1p/1q2p1p1/p2p4/4n3/2P2Q2/PP4PP/R4R1K b - - 0 20,e4f2 f1f2 b6f2 f3f2,781,78,100,339,advantage middlegame short
OunKf,8/pr3k2/7R/3p3P/3K4/5P2/8/8 b - - 0 42,b7e7 h6h7 f7e6 h7e7,772,78,100,364,crushing endgame rookEndgame short
PBkpR,3r1k2/3P1ppp/1r6/8/Bp2RP2/1P4PP/7K/8 b - - 6 43,b6b7 e4e8 d8e8 d7e8q,752,79,100,316,advancedPawn endgame mate mateIn2 promotion short
T0iiV,5k2/1p2np2/p7/6b1/7p/2P3P1/PP3K1P/4R3 w - - 0 38,g3h4 g5h4 f2e2 h4e1,730,78,100,364,advantage endgame short skewer
LAkKc,6r1/k2qb2Q/Pn2P3/R1p5/1p6/1P2Pr2/1BP4P/5R1K w - - 0 31,f1f3 d7d1 f3f1 d1f1,763,79,100,763,fork mate mateIn2 middlegame short
emKq0,8/6k1/8/6p1/3Pp1K1/1q2P1NP/1P4P1/8 b - - 5 43,b3e3 g3f5 g7f6 f5e3,765,76,100,357,crushing endgame fork short
0HQn7,3r3r/kB6/3p3b/2qN4/4P1p1/1Q6/PPP4P/1K1R4 w - - 3 25,d1d3 c5g1 d3d1 g1d1,788,76,99,675,mate mateIn2 middlegame short
t1ghF,R3r1k1/5pbp/1nq1b1p1/1p1Np3/2p1P3/2P3P1/1PQ2PBP/2B1R1K1 b - - 0 23,e8a8 d5e7 g8h8 e7c6,728,79,99,961,crushing fork master masterVsMaster middlegame short
spj8C,8/6p1/3k2p1/p1pr1p2/5P2/PPR1K2P/6P1/8 b - - 0 36,d5d1 c3d3 d1d3 e3d3 g6g5 f4g5,765,79,100,683,advantage endgame long rookEndgame
EVoOp,8/1b2k1pp/1p6/p3KN2/5Pp1/1P4P1/7P/8 b - - 5 36,e7f7 f5d6 f7e7 d6b7,765,78,100,364,crushing endgame fork master short
KYvCo,r4rk1/1pp2ppp/p5q1/2bNP3/2Q5/6P1/PP3P1P/R1B3K1 b - - 0 17,c5a7 d5e7 g8h8 e7g6,779,80,98,1013,advantage fork middlegame short
0EUQb,8/8/8/6PK/3b4/7P/1pk5/1R6 w - - 1 59,g5g6 c2b1 g6g7 d4g7,759,79,98,733,crushing endgame hangingPiece master short
5sVt8,8/p5p1/2k4P/6P1/p3p3/4K3/8/8 b - - 0 56,g7h6 g5h6 a4a3 h6h7 a3a2 h7h8q,792,78,100,620,advancedPawn crushing endgame long pawnEndgame promotion
jZz7G,r1b2rk1/1p1n1qp1/p1n1p2p/3pP3/3R2QP/2N2N2/PPP2P2/2K2BR1 w - - 1 16,d4f4 f7f4 g4f4 f8f4,732,78,100,958,advantage middlegame short
bg6oE,4n3/pQ3p2/P3pk1p/1p1r4/1P1P3q/3PB3/5P2/R4K2 w - - 2 39,b7a7 h4h1 f1e2 h1a1,768,78,84,334,advantage endgame master short skewer
UcK0o,8/8/6rk/R7/5K2/8/8/8 w - - 14 82,f4f5 g6g5 f5f4 g5a5,790,76,100,398,crushing endgame rookEndgame short skewer
xUwr2,2r1q3/pp3r1k/7p/2Q1npp1/8/2N1P1PP/PPP2P2/R4RK1 w - - 4 24,c5d4 e5f3 g1g2 f3d4,756,77,100,358,advantage fork master middlegame short
0XrEY,5rk1/1p3ppp/p3p3/4P3/Pn1P2P1/5N2/1P3K1P/R7 w - - 2 25,a1c1 b4d3 f2e3 d3c1,740,77,100,302,crushing endgame fork short
pHCr9,8/3b1p2/6p1/3p4/2k2PP1/3NP3/3K4/8 b - - 11 66,d7g4 d3e5 c4c5 e5g4,796,76,100,405,crushing endgame fork short
1kEam,8/8/pB2k3/4p3/4P3/8/P2n1K2/8 w - - 3 42,f2e3 d2c4 e3d3 c4b6,730,76,100,524,crushing endgame fork master short
fH6dj,3r1k2/6RR/1p1p2p1/2p5/8/1P1P4/1P2nPKP/8 w - - 7 29,g7g6 e2f4 g2f3 f4g6,759,77,100,502,advantage endgame fork short
U3ATT,r2qbrk1/1p4pp/p1p1p3/3pP3/1P1P4/P1P2R2/3QB1PP/R5K1 b - - 0 18,e8h5 f3f8 d8f8 e2h5,763,79,99,792,advantage discoveredAttack kingsideAttack middlegame short
m1RQf,3k2r1/R7/pp1p4/3Pp3/PPP1Pn2/6p1/8/6K1 b - - 4 40,g3g2 a7a8 d8c7 a8g8,726,77,99,999,advantage endgame short skewer
CUzmC,2r3k1/p4p2/b1P2p1p/N3nP2/3N2P1/P6P/5K2/R7 w - - 3 33,a1c1 e5d3 f2g3 d3c1,737,80,98,1072,advantage endgame fork short
XxFlw,8/3B4/1p3kn1/8/3K4/8/4P3/8 w - - 2 50,d4c4 g6e5 c4d5 e5d7,747,78,100,367,crushing endgame fork short
gZemx,8/p5bp/2q3k1/4p1P1/1Bp1N3/7Q/PPP4n/2K5 w - - 13 29,e4d2 c6h1 d2f1 h1f1 h3f1 h2f1,797,79,98,657,advantage endgame long
72oV3,5rk1/5ppp/2R5/1q6/1Q4b1/P1R2NP1/5P1P/3r2K1 w - - 1 32,g1g2 b5f1,882,77,100,683,master mate mateIn1 middlegame oneMove
XsBUy,5rk1/1p3pp1/p2p3p/2rPn3/8/3Bq2P/PPP2RP1/R2Q1K2 b - - 4 21,c5d5 d3h7 g8h7 d1d5,899,80,97,953,advantage discoveredAttack middlegame short
cRDMn,r2qkb1r/pp2np1p/2bp2p1/3Np3/4P3/5N2/PPP2PPP/R1BQ1RK1 b kq - 3 10,h7h6 d5f6,856,77,100,420,mate mateIn1 oneMove opening
EaSZX,6k1/3Q1pn1/pp2q3/2pN4/P1P5/1P5P/6BK/8 b - - 0 44,e6d7 d5f6 g8h8 f6d7,805,78,100,353,advantage endgame fork short
wlX35,4rR1k/1p1q2p1/p1b5/6Np/4n3/1Q5P/PP4P1/5R1K b - - 1 25,e8f8 f1f8,836,77,100,343,mate mateIn1 middlegame oneMove
uWjrr,r4r2/1p3p1k/p1p1q1bQ/4pN2/2P1P3/1PN2P2/P1P5/1K6 b - - 1 28,h7g8 h6g7,836,79,100,339,mate mateIn1 middlegame oneMove
kVDj9,k6r/R6p/2pr4/6P1/6QP/2q5/P5P1/1R4K1 b - - 0 22,a8a7 g4a4 c3a5 a4a5,883,76,100,536,endgame mate mateIn2 short
xX5ik,4rr1k/1Q1R2p1/p6p/8/2p5/2q4P/P5P1/3R3K w - - 2 36,b7a6 e8e1 d1e1 c3e1,894,76,100,465,crushing endgame master short
GYKJy,4r1k1/2q1Ppp1/p2p4/1p5Q/8/3B3P/PP3PPK/8 b - - 3 28,e8e7 h5h7 g8f8 h7h8,885,77,100,465,endgame mate mateIn2 short
BVQCr,1k6/ppp2p2/8/2b1r3/7B/5pPr/PP3P2/4RRK1 b - - 1 25,e5e2 e1e2 f3e2 f1e1,896,77,99,800,advantage clearance endgame short
6OSYz,r1b1kr2/pppp1Npp/8/4p3/2B1n2q/8/PPQP1bPP/RNB2R1K w q - 2 11,d2d3 e4g3,875,79,98,629,mate mateIn1 oneMove opening pin
nufLx,6k1/pQ3pp1/8/7p/3B1Pb1/2P3Pq/P1P1r2P/5RK1 w - - 4 23,f1f2 e2e1 f2f1 h3f1,868,76,100,307,endgame mate mateIn2 short
ndCe8,1Rbk4/p7/3P4/3N4/5P2/1P2R1Pp/Pq2K2P/8 w - - 9 40,e2f3 b2g2,876,78,96,448,endgame mate mateIn1 oneMove
aDJD0,8/8/3pk3/3q2K1/7P/4P1Q1/8/8 w - - 9 50,g5g4 d5f5,879,76,99,1557,dovetailMate endgame mate mateIn1 oneMove queenEndgame
a3ZpD,4r1k1/5ppp/p4N2/3b4/Pppq4/5P2/1PQ3PP/4RK2 b - - 1 25,d4f6 e1e8,816,80,100,426,endgame hangingPiece mate mateIn1 oneMove
TiRzm,8/pR6/2p4p/4k3/7r/P1PK4/4p3/8 b - - 2 44,h4e4 b7e7 e5f6 e7e4,824,78,100,552,crushing deflection endgame rookEndgame short skewer
robvX,3r1k2/4np1p/4p1p1/2P5/1R1P2P1/5N2/4KP1P/8 w - - 3 36,e2e3 e7d5 e3d3 d5b4,839,78,100,619,crushing endgame fork short
FgldW,r3r1k1/1pp2pp1/p2p1q2/3Pp2p/2P5/4R1Pn/PPB2P1N/R2Q2K1 w - - 0 22,g1h1 h3f2 h1g2 f2d1,828,78,97,2804,crushing fork middlegame short
hDO3J,2r3k1/p4pp1/2N1p2p/1P1pQ3/6P1/7P/3q1PK1/8 b - - 1 28,d2a2 c6e7 g8h7 e7c8,877,76,98,2650,advantage endgame fork short
odwMf,3r2k1/1p3ppp/p3p3/8/3q4/1P3QP1/P5PP/5R1K b - - 1 22,b7b5 f3f7 g8h8 f7f8 d8f8 f1f8,812,77,100,561,backRankMate endgame long mate mateIn3 sacrifice
DBLUY,2kr4/Bppb3p/3q2p1/3P3r/P1B2p2/1P3Qb1/6P1/2R2RK1 b - - 6 28,b7b6 c4a6,830,77,88,341,mate mateIn1 middlegame oneMove
rmlzq,6k1/p4p1p/4p3/3pn1P1/1r1N4/1P1r3P/P1R3P1/3RK3 w - - 3 24,d1d3 e5d3 e1d2 b4d4,865,77,98,600,advantage endgame master short
8voxH,r4q1k/pp1r1BR1/2b1pP2/4P3/3P4/2P5/P7/R1Q1K3 b Q - 0 35,d7f7 c1h6,834,79,87,395,mate mateIn1 middlegame oneMove
ZVE57,r4n2/3rN1pk/pp4P1/2pPR2p/8/5R2/PP3P1P/6K1 b - - 0 34,f8g6 e5h5,834,80,96,619,anastasiaMate endgame mate mateIn1 oneMove
779xF,3r4/1R3p2/p2Pp1pp/2N5/6P1/P3KPk1/8/b7 b - - 1 38,d8d6 c5e4 g3g2 e4d6,832,78,90,569,advantage endgame fork master short
K9D5X,2r2rk1/3p2pp/pb2p3/1p2Pp2/1P3P1q/P1P2R2/6PP/R1BQ3K w - - 1 19,d1d7 h4e1 f3f1 e1f1,855,79,100,300,kingsideAttack mate mateIn2 middlegame short
Riq6v,2r4k/B5pp/1p6/4n3/8/2P5/PK3P1P/7R w - - 0 25,h1e1 e5d3 b2b3 d3e1,853,77,100,563,advantage endgame fork master short
ydEnC,8/4k3/4p2p/4n1p1/5pP1/R4P1P/4K3/8 w - - 25 75,e2d2 e5c4 d2d3 c4a3,890,76,95,480,endgame
Atia6,4B3/1q5k/1p3r2/p4pQ1/6p1/4P1Pp/5P1P/5RK1 w - - 12 43,g5f6 b7g2,816,75,100,389,endgame mate mateIn1 oneMove
r0eLR,2B5/5k2/7p/2Bpn1p1/b4pP1/P4P1P/8/6K1 w - - 0 40,g1f2 e5d3 f2e2 d3c5,846,77,100,466,crushing endgame fork short
1jwqj,r2q1rk1/pp3pp1/2p1p3/7p/2BP2n1/2P3P1/PPQN2KP/R4R2 w - - 0 16,h2h3 g4e3 g2f2 e3c2,862,77,100,373,advantage fork middlegame short
LGkPj,4r3/p3bkp1/7p/6PP/P3N3/5K2/R7/8 b - - 0 59,e7g5 e4d6 f7f8 d6e8,889,79,100,545,crushing endgame fork master short
EkYkf,r1b1k2r/ppp2ppp/2p5/2b1P3/1P1q1Pn1/8/P1PP2PP/RNBQKB1R w KQkq - 1 8,c2c3 d4f2,895,79,100,877,mate mateIn1 oneMove opening
j4bu9,r1bqnrkn/ppb1Np2/2p4Q/3p3P/3P2P1/3B4/PPP1NP2/R3K2R b KQ - 2 18,d8e7 d3h7,836,77,100,528,mate mateIn1 middlegame oneMove
K93MR,r3kb2/p1p1n2Q/b1p3p1/1q1p2B1/4p3/1BP5/PP3PPP/RN2K2R w KQq - 1 14,g5e7 b5e2,885,77,100,688,mate mateIn1 middlegame oneMove
DJmO6,r3kb1r/pp3Qpp/1q6/4P1N1/5P2/2p5/PP5P/R1B1K2b b Q - 1 17,e8d8 g5e6 b6e6 f7e6,864,77,84,353,advantage middlegame short
s5CfA,r5k1/1b1nqpp1/p2p1b1p/1p1P4/1P6/P2Q4/1BB2PPP/1R2N1K1 b - - 2 22,f6b2 d3h7 g8f8 h7h8,814,76,100,376,kingsideAttack mate mateIn2 middlegame short
BFv5P,5r1k/pp5p/3p2p1/3Pp3/2p1Pn2/K1P1n3/PP2BQ2/8 b - - 1 34,f4d5 f2f8,841,80,84,458,endgame hangingPiece master mate mateIn1 oneMove
x6kBM,r3k2r/pp2P1pp/2p4q/3pP3/3P1n2/2P3Q1/PP1N1P1P/R3K2R w KQkq - 5 17,e1g1 f4e2 g1g2 e2g3,897,76,100,861,advantage fork middlegame short
KJlQM,r1bk1b1r/pp1nqBpp/8/Q1p1Np2/4nB2/8/PPP2PPP/RN3RK1 b - - 3 12,b7b6 e5c6,844,77,100,542,mate mateIn1 oneMove opening
Bb0zs,3r4/3n1p2/R2kp1p1/6P1/Bp2K3/8/1P6/8 b - - 1 41,d6c5 a6c6,850,77,100,712,endgame master mate mateIn1 oneMove operaMate
UEu5o,r1r3k1/3pqppp/4p3/np6/4P3/3BB3/1Pp2PPP/1QKR3R w - - 0 19,d3c2 a5b3,886,77,100,322,mate mateIn1 middlegame oneMove pin
zNydC,8/P5p1/7p/8/8/5PP1/3pk2P/6K1 w - - 0 51,a7a8q d2d1q g1g2 d1f1,822,78,100,585,advancedPawn endgame mate mateIn2 promotion queenEndgame short
FJNe9,r2q2k1/pp4np/3p2p1/2p5/2PnNr2/3P2P1/PP1Q2BP/R5K1 w - - 0 18,d2f4 d4e2 g1h1 e2f4,850,79,100,552,crushing fork middlegame short
sGKin,5r1k/pp1bq3/2p4p/4p3/3bP2P/1B1P1RQ1/PPP3PK/3N4 b - - 2 23,f8f3 g3g8,876,76,100,404,mate mateIn1 middlegame oneMove
kUfle,8/8/7k/8/5R2/5K1P/8/6r1 w - - 5 71,f4f8 g1f1 f3e4 f1f8,838,76,100,520,crushing endgame master masterVsMaster rookEndgame short skewer
tWMz2,r2q1rk1/2p1bppp/p2p4/1p6/3PP1n1/1B2RN1n/PP1N1PK1/R1BQ4 w - - 2 17,g2h3 g4f2 h3g2 f2d1,856,78,84,347,advantage fork middlegame short
24DaJ,r1kr4/pp3pb1/4b2p/2P1Np2/B2p4/2n3Q1/P4PPP/1R4K1 w - - 4 27,c5c6 c3e2 g1f1 e2g3,885,77,89,341,crushing fork middlegame short
ZBs5T,8/5pk1/7p/1p5N/1Pr5/5N2/5K1P/8 b - - 2 31,g7g6 f3e5 g6f5 e5c4,874,77,100,749,crushing endgame fork short
8UNSy,r1b2rk1/1p6/p1p1p3/2Pp2qp/PP1PP1n1/2N2R1n/2Q1B1NP/R6K w - - 11 25,f3h3 g4f2 h1g1 f2h3,859,77,100,337,crushing fork middlegame short
0TIbB,2r2rk1/p2q1p2/1p4p1/2p4p/R2NN3/1P4P1/2PB3P/4R1K1 b - - 0 24,c5d4 e4f6 g8g7 f6d7,807,78,100,313,crushing fork middlegame short
c2y7Q,8/4kp2/5Np1/4p1Pp/2PpP2P/3PbK2/2b1B3/8 b - - 19 53,e3f4 f6d5 e7f8 d5f4,899,76,100,356,crushing endgame short
eqBD0,8/7R/ppk1p3/2p3P1/4pnP1/6N1/1RNr1P2/r4K2 w - - 1 30,c2a1 d2d1,849,80,89,342,endgame master masterVsMaster mate mateIn1 oneMove
tBRFl,r1q1r1k1/1ppb1p2/1pnp2Q1/4p3/P1B1P3/3P3P/1PP2PP1/R4RK1 b - - 4 18,g8f8 g6f7,860,76,100,444,mate mateIn1 middlegame oneMove
1WCT1,1q4rk/6p1/p4Q1p/7R/3P1PR1/P7/1P4P1/6K1 b - - 0 41,g7f6 h5h6,811,79,100,445,endgame mate mateIn1 oneMove queenRookEndgame
GL3Z3,8/5B2/6pK/6P1/6k1/p7/8/1b6 b - - 5 55,g4f5 f7g6 f5e6 g6b1 a3a2 b1a2,840,79,100,600,bishopEndgame crushing endgame long skewer
snMAN,r2q1r1k/p1p3pp/3b1pn1/2pQ4/8/1P2P2P/PBPN1P2/R4RK1 w - - 4 17,d2f3 d6h2 f3h2 d8d5,838,77,100,466,crushing discoveredAttack middlegame short
xWPhP,1R6/3k3r/3p4/4p2p/4P3/5KP1/8/8 b - - 7 57,h5h4 b8b7 d7e6 b7h7,899,80,95,849,crushing endgame master rookEndgame short skewer
yhih3,r2qr2k/1pp3p1/1pnpb1Qp/2b5/3p4/3B4/PPP2PPP/R1B2RK1 b - - 4 16,c6e5 g6h7,808,75,100,403,mate mateIn1 oneMove opening
cVA2y,1Rb2r2/4p1k1/p2p1q2/2pPb1pp/2P1Qp2/3B1P1P/3B2P1/6K1 b - - 4 33,g5g4 e4h7,825,79,84,314,mate mateIn1 middlegame oneMove swallowstailMate
nVfoJ,2kr3r/ppp2pp1/3bpn2/3qn3/P5b1/2BP1NPp/1PP1BP1P/R2QRNK1 w - - 1 16,f3e5 d5g2,823,77,100,455,mate mateIn1 middlegame oneMove
SOFvt,3R4/8/3k3p/p1r5/2PKpp2/7P/6P1/8 b - - 3 47,d6c6 d8c8 c6d7 c8c5,826,79,85,348,crushing deflection endgame rookEndgame short skewer
W4bFw,8/6p1/2n1K1Bp/8/5kPP/8/8/8 w - - 1 66,g6f5 c6d4 e6d5 d4f5,852,77,90,337,crushing deflection endgame master short
HD6u8,4rrk1/2p2p1Q/p1qpnBp1/1p6/6P1/P3R3/1P4P1/6K1 b - - 0 26,g8h7 e3h3 h7g8 h3h8,858,80,90,341,endgame mate mateIn2 operaMate short
Lp73E,6k1/4Rp2/p6p/1p3Pp1/6nq/P2r3P/1Q2K1P1/8 b - - 7 43,d3g3 e7e8 g8h7 b2h8,844,77,100,482,endgame mate mateIn2 short
XgYkA,2r3k1/1p2bp2/p6p/q2pPQp1/P5n1/4P3/B3NPPP/2r2RK1 w - - 0 24,f1c1 c8c1 e2c1 a5e1,898,77,98,679,mate mateIn2 middlegame short
mWif4,8/2p2kb1/p3pn1p/1p4p1/3P2PP/PBP3K1/3B1P2/8 w - - 2 31,h4g5 f6e4 g3f4 e4d2,813,75,100,604,advantage endgame fork short
GutYG,r3k1nr/pp1q1ppp/4p3/1Q1Pn3/1b1N4/2N5/PP3PPP/R1B1K2R w KQkq - 2 12,b5b4 e5d3 e1f1 d3b4,896,77,100,693,crushing fork opening short
873a2,7r/R6R/5Npk/5p2/5P1K/p5P1/6qP/8 b - - 0 38,h8h7 a7h7,824,79,89,626,endgame master mate mateIn1 oneMove
AJoU3,2R5/5Qbk/5p1p/4pPp1/8/1p3P1K/1P3BP1/7q w - - 1 46,h3g3 h1h4,874,75,100,631,endgame mate mateIn1 oneMove
aK4Sm,8/R7/6pk/p6p/6P1/2r3KP/P4P2/8 w - - 0 31,g3h4 g6g5,879,78,98,1344,endgame mate mateIn1 oneMove rookEndgame
dJ9NU,r3r1k1/p1p3pp/2p2p2/8/2P5/1Q5n/PP4PP/RN3RqK w - - 6 22,f1g1 h3f2,872,76,100,362,mate mateIn1 middlegame oneMove smotheredMate
SMMRX,5rk1/6p1/4B2p/1rb5/3p4/3P4/6PP/R4RK1 b - - 0 31,g8h8 f1f8 c5f8 a1a8 g7g5 a8f8,875,79,100,531,crushing endgame long pin
socL6,r1bqk2r/pp1n1ppp/2p1pn2/6B1/3PB3/2bQ1N2/PPP2PPP/R3K2R w KQkq - 0 9,d3c3 f6e4 g5d8 e4c3,896,80,96,1474,crushing hangingPiece middlegame short
ZIz0E,3r4/5p1k/p4Pp1/1p1p3p/8/2P1rNqP/PP1Q2P1/5RK1 b - - 3 35,e3e6 f3g5 g3g5 d2g5,844,77,100,327,crushing endgame fork short
jDnEw,8/6pk/5p2/5P2/1r4P1/6K1/3R4/8 b - - 2 52,h7h6 d2h2 h6g5 h2h5,870,78,100,538,endgame master mate mateIn2 rookEndgame short
9oXgn,2r5/2Pk4/4p3/R3Bp2/1p1PbPp1/2n3Pp/P6P/2R3K1 w - - 5 45,a5a6 c3e2 g1f1 e2c1,826,80,87,311,advantage endgame fork short
iAEPw,r2q2k1/1ppn3p/p2pQ1p1/3P1pN1/2P2P2/PP3B1P/1b4P1/6K1 b - - 1 24,g8g7 e6f7 g7h8 f7h7,884,77,98,2086,mate mateIn2 middlegame short
mtylZ,8/1pr2Bk1/3N2P1/P3P2p/5K2/2b5/8/8 b - - 2 45,c7e7 d6f5 g7f8 f5e7,894,78,98,1049,crushing endgame fork master short
8l6MJ,8/p3r1p1/8/1p4Np/1P6/8/n4K1k/5B2 b - - 1 44,a2b4 g5f3 h2h1 f1g2,831,78,89,393,endgame mate mateIn2 short
AkglC,2rq1rk1/3n1ppp/4p3/p2pP3/Q4Pb1/2P5/PP1N2PP/R3KB1R w KQ - 0 15,h2h3 d8h4 g2g3 h4g3,876,78,100,506,mate mateIn2 middlegame short
Eouqf,r1n3rk/p1p2p2/1p3Pp1/2P1RqBp/3p1p1Q/1P5R/1P4PP/6K1 b - - 3 28,f5e5 h4h5 g6h5 h3h5,824,78,100,453,kingsideAttack mate mateIn2 middlegame sacrifice short
NPHuJ,r3r1k1/1ppn1pp1/p1np1q1p/2b1pb2/4P1P1/P1NP1P1P/1PPBB3/R2QK2R w KQ - 0 14,g4f5 f6h4 e1f1 h4f2,846,77,100,472,mate mateIn2 middlegame short
m2Dxr,8/4kp2/5RpK/4P3/5P2/8/8/6r1 b - - 7 79,g1h1 h6g7 h1h5 f6f7,886,78,97,3098,crushing endgame rookEndgame short
Fgo9w,2r5/5kbQ/n2p2p1/2pPn3/1p2P1P1/4NP2/1P6/4K2R w K - 1 32,h7h2 e5f3 e1e2 f3h2,802,78,100,508,advantage fork master middlegame short
JGjNX,5R2/ppp5/1n4k1/6r1/3pp3/1P6/P1P5/1K1N4 b - - 1 32,g5g1 f8g8 g6f5 g8g1,848,80,100,395,advantage endgame master short skewer
3RHzx,4b3/ppk2p2/4p3/3pP3/3K2P1/P2B3r/1P3P2/5R2 w - - 0 34,f2f4 h3d3 d4d3 e8b5 d3d4 b5f1,810,79,85,339,attraction crushing endgame long sacrifice skewer
RzCsr,6k1/pp3ppp/8/3p2Q1/8/N1P3KP/1P3BP1/4q2r b - - 10 33,e1e6 g5d8 e6e8 d8e8,805,77,100,310,endgame mate mateIn2 short
BS8BE,r4rk1/bpp2ppp/p1N5/5q2/8/3P2P1/PPPN1nBK/R1BQR3 b - - 6 17,f2d1 c6e7 g8h8 e7f5,853,79,91,743,crushing fork middlegame short
Dl9Em,6k1/p4ppp/1p2qb2/2p4P/3p3n/1P1P2Q1/P1P2PP1/5NK1 b - - 2 31,h4f5 g3b8 f6d8 b8d8 e6e8 d8e8,854,77,99,758,endgame kingsideAttack long mate mateIn3
WqGh0,rn3rk1/ppp1b1pp/8/3p4/4n3/3P4/PPP1RqPP/RNBQ3K w - - 1 12,d3e4 f2f1 d1f1 f8f1,826,77,100,964,backRankMate mate mateIn2 middlegame short
psnX8,r1bq1rk1/ppp2ppp/3p4/4n3/2P5/2Q4P/PP2PPP1/3RKBNR w K - 0 11,c3e5 d6e5 d1d8 f8d8,872,79,87,349,advantage middlegame short
Opejv,1kr2r2/pp6/2p2p1p/5Rp1/2n1P3/2P4P/PPB3P1/1K3R2 w - - 2 30,f5f6 c4d2 b1c1 d2f1,863,79,98,404,crushing endgame fork master short
aOJla,2b5/7p/p7/p1pN3k/7P/6K1/1P6/8 b - - 4 47,c8e6 d5f4 h5h6 f4e6,899,77,99,601,crushing endgame fork master short
eRnEu,1k4r1/p1p1qpr1/1pPp4/2n1p3/4P3/2P1NQ2/PP4PP/2R2RK1 w - - 4 25,e3f5 g7g2 f3g2 g8g2,814,80,100,332,advantage kingsideAttack master middlegame short
b37qE,5r2/pp4pk/4Q2p/2PpP1b1/5r2/2P4R/PP1n2PP/R5K1 w - - 1 26,e6d5 f4f1 a1f1 f8f1,860,76,100,793,kingsideAttack mate mateIn2 middlegame short
svNOB,8/8/4K1p1/4P3/3kp2P/6P1/8/8 w - - 1 61,e6f6 e4e3 e5e6 e3e2 e6e7 e2e1q,873,79,90,337,advancedPawn crushing endgame long pawnEndgame promotion
3kTh6,5rk1/p1qn1ppp/P3p3/3pPn2/Q1pP4/2P2N2/3N1PPP/1R4K1 b - - 0 18,f8b8 b1b8 c7b8 a4d7,868,80,86,422,crushing middlegame short
DVMax,r3k3/ppp3p1/3p1q2/2b5/2B1P3/3p2P1/PPP3Pr/R2Q1R1K w q - 0 18,h1h2 f6h6 d1h5 h6h5,886,78,100,357,mate mateIn2 middlegame short
1zEm2,8/8/6N1/5p1p/1R3P1P/4k3/r7/4K3 w - - 2 54,b4b5 a2a1 b5b1 a1b1,874,78,100,303,endgame mate mateIn2 short
Mg0HF,8/R3B1pk/2p2p2/3p3p/2pP4/2n5/K7/8 w - - 0 47,a2a3 c3b5 a3b4 b5a7,863,78,100,321,crushing endgame fork master short
mnCYw,8/6p1/8/5p2/4kP2/6PP/2rpK3/3R4 w - - 0 42,d1d2 c2d2 e2d2 e4f3,815,77,100,377,crushing endgame rookEndgame short
0n8N7,3r2k1/2p2pp1/p6p/1p2pP2/3r2Pq/3RQ2P/PPP4K/5R2 b - - 0 24,e5e4 d3d4 d8d4 e3d4,822,80,88,315,crushing endgame short
guxJ2,8/1pr1k1pp/p2p1P2/2p1rP2/P1P4P/3Q4/1PP2K2/8 b - - 0 33,e7f6 d3d6 f6f5 d6c7,890,78,98,2719,crushing endgame fork queenRookEndgame short
Kr9sr,2kr3r/p1p1q1p1/1p3p2/nP2pP1p/P7/2P1R2P/B2N1Q2/6K1 b - - 0 24,e7d7 a2e6 c8b8 e6d7,883,78,97,821,advantage middlegame pin short
mVilq,2b3k1/3pnp1p/1qn1p1p1/8/3NP3/2QB3P/1r3PP1/2RR2K1 w - - 4 25,d4c6 b6f2 g1h2 f2g2,896,75,98,317,kingsideAttack mate mateIn2 middlegame short
zCR5K,1k2r3/pp2P1p1/3Q1p1q/8/7P/6P1/P5P1/7K b - - 2 35,b8a8 d6d8 e8d8 e7d8q,869,79,93,698,advancedPawn backRankMate endgame mate mateIn2 promotion short
ipaUt,r6r/p6k/2qbR1p1/1pp2nPp/2B4P/2Q2N2/1PP2B2/2K4R w - - 0 27,f3e5 c6h1 c3e1 h1e1,859,77,99,1222,advantage hangingPiece middlegame short
DOD2j,8/8/7p/p7/P3k3/r7/5K2/7R b - - 7 56,a3a4 h1h4 e4f5 h4a4,884,76,100,923,crushing endgame rookEndgame short skewer
XQb1R,5r2/1kpR4/1p6/pNp5/P3P1pp/1bP1K3/6PP/8 b - - 1 31,f8b8 d7c7 b7a6 c7a7,873,79,100,333,endgame hookMate mate mateIn2 short
5TEn5,4r1k1/p4pPp/2p1bB2/8/5r2/1P5R/2P1R1PK/8 w - - 0 32,f6e5 e6h3 e5f4 e8e2,898,78,100,908,advantage discoveredAttack endgame pin short
MRsY7,2k5/7R/1b1p3p/3Pp1p1/1B3pP1/3P1P2/2r1PK1P/8 w - - 9 40,f2e1 c2c1 e1d2 b6e3,879,79,91,737,endgame master masterVsMaster mate mateIn2 short
r42Ai,8/2k3p1/1p6/3K4/6PP/8/8/8 b - - 0 53,g7g6 h4h5 g6h5 g4h5 c7d8 h5h6 d8e7 h6h7,835,78,100,640,advancedPawn crushing endgame pawnEndgame veryLong
UnXd7,8/p1kn4/1pQ4R/2p5/P2p1P2/3qn2K/1P6/8 b - - 1 35,c7b8 h6h8 d7f8 h8f8,891,78,98,1454,endgame mate mateIn2 short
34ZtL,7r/8/1Q1pp2r/p7/2P1B3/kP3R2/P4PP1/6K1 w - - 9 43,g2g3 h6h1 g1g2 h8h2,819,80,97,490,blindSwineMate endgame mate mateIn2 short
3iEZZ,8/7k/6pp/8/3P4/5Q2/q2K1B2/8 w - - 6 78,d2c3 a2a3 c3d2 a3f3,859,76,98,560,crushing endgame short skewer
20CSj,8/8/3K2k1/3P3p/6p1/5R2/8/8 w - - 0 64,d6e6 g4f3 d5d6 f3f2,818,76,100,347,advancedPawn crushing endgame hangingPiece short
hyI4i,5rk1/5R1p/2p1N3/3p4/4p3/1R5P/2P1pbPK/8 b - - 0 31,f8f7 b3b8 f7f8 b8f8,887,79,100,352,endgame mate mateIn2 short
ykzv0,4k3/pp3ppr/2p1p3/2q3p1/4P1P1/5rBP/PPP4R/RK5Q w - - 0 30,h1f3 c5g1 g3e1 g1e1 f3d1 e1d1,862,76,100,386,endgame long mate mateIn3 queensideAttack
E3Gk4,R7/8/5k2/8/3pB3/4bK2/6P1/5r2 w - - 13 54,f3g4 f1f4 g4g3 f4e4,870,79,98,1498,crushing endgame fork master masterVsMaster short
1lqqy,1r4k1/R4ppp/6q1/3Q2P1/8/1P4K1/5P2/8 b - - 0 36,g6b6 d5f7 g8h8 f7g7,939,76,98,791,endgame mate mateIn2 short
Qj6Ut,r1b1r2k/ppp1RQbp/2n5/3B1p2/8/2p4P/P1P2PP1/5RK1 b - - 0 21,e8e7 f7g8,969,76,98,589,mate mateIn1 middlegame oneMove
F4fGP,3r4/1p4k1/pqp4p/4Np2/4nP2/3R4/PP4PP/3Q2K1 w - - 3 29,g1f1 b6f2,906,77,99,1342,endgame mate mateIn1 oneMove
Rm007,2r1k3/pQ4b1/2p5/3p1RBp/3Pq3/2P1P3/PP4P1/2K5 b - - 0 27,e4f5 b7e7,915,76,100,613,endgame mate mateIn1 oneMove
VL9yn,r1q2rk1/pppbbppp/5n2/6N1/3nN3/3Q2P1/PP1P1PBP/R1B2RK1 b - - 2 12,c7c5 e4f6 g7f6 d3h7,989,80,95,1139,discoveredAttack kingsideAttack master mate mateIn2 opening short
rBfXQ,6k1/R7/p4rp1/1p4N1/2p2n2/2P5/PP4PP/6K1 w - - 3 33,g5e4 f4e2 g1h1 f6f1,921,78,99,340,backRankMate endgame mate mateIn2 short
w1mji,5Q2/pp1q4/2k2p2/4n3/1P6/2P3PP/6PK/8 b - - 4 44,e5f7 f8c5,928,78,96,360,endgame mate mateIn1 oneMove swallowstailMate
SN9s8,r1bqkb1r/pp1pnppp/2n1p3/1Np5/2B1P3/5N2/PPPP1PPP/R1BQK2R b KQkq - 3 5,g7g6 b5d6,949,78,100,763,mate mateIn1 oneMove opening smotheredMate
cG9P1,8/6p1/1K6/P4p2/8/7P/5k2/8 b - - 0 44,f2g3 a5a6 f5f4 a6a7 f4f3 a7a8q,935,76,100,587,advancedPawn crushing endgame long pawnEndgame promotion
xEARr,5K2/5R2/6r1/7k/8/8/8/8 b - - 9 54,g6g1 f7h7 h5g4 h7g7 g4f4 g7g1,961,77,97,3269,crushing endgame long master rookEndgame skewer
4WZNb,r2q3k/pp1bn1pp/2nb3r/2p1pPN1/3pP3/1Q1P2NP/PPP2KB1/R1B2R2 b - - 11 22,d8e8 g5f7 e8f7 b3f7,976,78,96,1052,crushing fork middlegame short
trhdd,8/1R6/3r1p2/1p3P2/2kP4/4K3/8/8 b - - 2 34,d6d4 b7c7 c4d5 c7d7 d5e5 d7d4,956,79,95,793,crushing endgame long rookEndgame
zXNG5,r1b3k1/6p1/2p1p2p/1p6/p2q4/3B4/PPQ3PP/5R1K b - - 3 25,a8a7 d3h7 g8h8 f1f8,929,76,100,351,endgame mate mateIn2 short
hg0SJ,r2q1rk1/2p2p1p/p7/1p2p2Q/3n4/N4P1P/BP3P2/R4RK1 w - - 0 18,h5e5 d4f3 g1h1 f3e5,935,77,98,4259,crushing fork middlegame short
fV21m,8/1p3kp1/p5p1/3pBp2/P2P1K2/1P4P1/5P1P/4b3 w - - 6 42,f2f3 e1d2,913,77,100,921,bishopEndgame endgame mate mateIn1 oneMove
jcgyB,5rk1/1p3p1p/6p1/8/4q3/2P2R1P/QP1r2P1/5R1K w - - 3 31,f3f2 d2f2 f1f2 e4e1 h1h2 e1f2,930,79,90,954,attraction crushing endgame fork long
CUYuI,1k5r/p1p2pr1/2Q2p2/3p1q1p/1P1P1P2/P3P3/7P/R4R1K w - - 0 23,a1c1 f5e4 f1f3 e4f3,972,76,91,309,endgame kingsideAttack mate mateIn2 short
08sIP,4r1k1/p4p1p/n1p3pQ/8/1Pp1N1P1/P1P2r1P/8/b1K1R3 b - - 1 26,a1c3 e4f6 c3f6 e1e8,911,78,98,377,discoveredAttack mate mateIn2 middlegame short
EugF6,5r1k/4R3/3R3p/2q2Np1/1pP3P1/1P1K2P1/8/8 b - - 8 54,f8f5 d6d8 f5f8 d8f8,965,78,89,497,endgame mate mateIn2 queenRookEndgame short
gTzC4,r4rk1/pbq2pb1/4p1pn/1p2p1N1/3p3R/PB1P3Q/1PP2PPP/R5K1 b - - 3 20,h6f5 h4h8 g7h8 h3h7,966,78,95,831,clearance kingsideAttack mate mateIn2 middlegame sacrifice short
GgUQx,8/3R4/2Pbpk2/K4p1p/1r6/1P6/8/8 b - - 4 43,d6c5 c6c7 b4b7 c7c8q b7d7 c8d7,982,77,91,822,advancedPawn crushing endgame fork long master promotion
X0mcV,8/6k1/5pp1/7p/pq5P/1p6/1Q3PP1/K1R5 w - - 0 36,b2c3 b4a3 a1b1 a3a2,984,77,86,440,endgame mate mateIn2 short
NTlhm,7k/1p1R2pp/p5n1/4p2R/6Q1/2p1q1BP/P5P1/5r1K w - - 1 29,h1h2 e3g1,905,76,100,333,master mate mateIn1 middlegame oneMove
XD87l,r3kb1r/ppp2ppp/2n2n2/3q4/3P4/P4B2/1P3PPP/RNBQK2R b KQkq - 0 9,d5d4 f3c6 b7c6 d1d4,954,78,99,2172,advantage intermezzo opening short
Nfnsg,5k2/5r2/6Np/8/3Q4/1P4K1/3p2P1/3q4 b - - 15 59,f8g8 d4h8,999,75,97,1467,endgame master mate mateIn1 oneMove
m9Hkg,5k2/1p1RR3/1r3p2/p7/P4P2/2PK2P1/1r6/8 w - - 0 36,d3e4 b2e2 e4f5 e2e7,992,77,100,1083,advantage endgame master rookEndgame short
yj8rm,r1b1k2r/ppP2p2/2n5/7p/2P4B/4PP2/q2QKP2/1R3B1R b kq - 0 16,a2b1 d2d8 c6d8 c7d8q,951,76,98,586,advancedPawn mate mateIn2 middlegame promotion short
s0cJk,3r2k1/1q3ppp/p4n2/3b1PQN/3p4/1P1B4/P5PP/2R4K b - - 3 31,f6h5 g5d8,963,77,95,1171,backRankMate hangingPiece master masterVsMaster mate mateIn1 middlegame oneMove
RNLBu,5r2/1b3p1k/p5p1/1pP1p2q/3rP3/P3QN1P/1P5K/3R1R2 b - - 3 35,d4e4 f3g5 h5g5 e3g5,932,77,89,550,crushing fork middlegame short
4el6M,r2q1rk1/1b3ppp/p1n1pn2/1p6/2pPN2N/4P1P1/PPB2PP1/R2QK2R b KQ - 2 14,c6b4 e4f6 d8f6 c2h7,991,75,100,341,crushing discoveredAttack kingsideAttack opening short
aePD6,8/1p3p2/3p1kp1/1N1P2Np/5r1n/8/PPP4R/2K5 w - - 2 29,g5h3 f4f1 c1d2 h4f3 d2e2 f3h2,909,76,100,311,advantage endgame fork long
QPWso,7k/pp5p/1q6/8/1P1rpn2/P1Q4P/5PP1/3R2K1 w - - 0 30,c3d4 b6d4 d1d4 f4e2 g1h2 e2d4,937,78,99,628,advantage attraction endgame fork long
45cZi,5rk1/6bp/2Rp2p1/3Pp3/4b3/PN2B2P/1P1Q2P1/K4q2 w - - 2 34,a1a2 f1b1,996,77,85,339,mate mateIn1 middlegame oneMove
poPqA,rnbqk2r/1p2bpp1/p6p/1N1B4/3Pp3/P6P/1PP2PP1/R1BQK2R b KQkq - 0 13,d8d5 b5c7 e8f8 c7d5,956,77,90,568,crushing fork opening short
Uivyr,6k1/8/p3R3/1pP2r2/6r1/P4p2/5P1K/R7 w - - 2 41,a1g1 f5h5,982,79,92,347,endgame mate mateIn1 oneMove rookEndgame
x8hka,r6k/4Q2P/2pp4/p7/NqP3P1/1P1B4/P4r2/R2K4 w - - 3 35,g4g5 b4d2,997,76,100,870,master mate mateIn1 middlegame oneMove
YQVRj,r3kq1r/pp4pp/5pn1/7Q/3p4/8/PPPP2PP/R1B1R1K1 b kq - 1 17,e8f7 h5d5,945,78,96,942,mate mateIn1 middlegame oneMove
tlPEh,5rk1/pp3pp1/2rp3p/3Nb1Q1/4P3/7R/P1P3PP/5R1K b - - 0 24,h6g5 d5e7,930,77,100,416,endgame mate mateIn1 oneMove
CJsMH,3rr1kb/5p1p/p5pB/8/Pq2N1Q1/5P1P/5P2/5RK1 b - - 5 24,f7f5 e4f6 h8f6 g4b4,938,76,97,3305,crushing discoveredAttack middlegame short
gGGmp,8/6pk/8/3Q3p/P2Pp1bq/4P3/6rP/6RK w - - 0 33,g1g2 h4e1 g2g1 g4f3,965,76,99,1135,endgame mate mateIn2 short
peOlH,r3k3/1bpq1p2/pp1p1Qnr/3PpP2/P1B1P3/2N1b2P/1PP3P1/3R1R1K w q - 5 22,f5g6 h6h3 g2h3 d7h3,999,78,95,1604,kingsideAttack mate mateIn2 middlegame sacrifice short
r9rTU,2kr3r/1p2npp1/p1p5/3qP2p/Q4B2/6Pb/PP2BP1P/2R2RK1 w - - 1 18,f1d1 d5g2,933,78,100,345,mate mateIn1 middlegame oneMove
zlExH,3r1rk1/1R5p/2p1p1p1/2P1P3/Q7/P7/B2qnPPP/1R5K w - - 3 34,a4h4 d2d1 b1d1 d8d1,957,78,97,1282,backRankMate mate mateIn2 middlegame sacrifice short
RGGcI,8/1br2p1k/pp3N2/6P1/Pr5P/4R1K1/2P5/8 b - - 1 43,h7h8 e3e8 h8g7 e8g8,970,76,96,540,endgame hookMate mate mateIn2 short
wGhly,r2q1r2/1pp4k/pn1pB1p1/2b1p1P1/4P3/P1NP3Q/1PP2P2/R1B1K3 b Q - 1 17,h7g7 h3h6,903,77,100,356,mate mateIn1 middlegame oneMove
6d7sw,1Q6/4R3/p1qr1p1P/kp6/2n5/P2p4/1PP2P2/2KR4 w - - 0 42,d1d3 c6h1 e7e1 h1e1 d3d1 e1d1,979,77,100,344,endgame long mate mateIn3
NBrMG,2k5/ppp2pp1/2pb4/3bPq2/3P2p1/2P3P1/PP1N1PBr/R1BQ1K2 w - - 3 18,g2d5 f5f2,969,78,95,944,master masterVsMaster mate mateIn1 middlegame oneMove
RgICG,3Q4/3b1qpk/7p/8/p2B4/P1P2P1P/6PK/8 w - - 11 53,c3c4 f7f4 h2h1 f4d4,977,78,100,331,advantage endgame fork short
DbL9Z,4R3/5p2/1p4q1/5k2/6p1/2P3PQ/PP1r1PKP/8 w - - 0 38,h3h8 g6c6 g2g1 d2d1 e8e1 d1e1,924,79,99,1386,endgame long mate mateIn3
Q4lFG,r4rk1/pp1qpp1p/2np1bp1/2NN4/4P3/8/PPP2PPP/R2QR1K1 b - - 3 14,d6c5 d5f6 e7f6 d1d7,952,78,95,1527,crushing discoveredAttack kingsideAttack middlegame short
qYag6,1b3k2/6pp/p7/1pP5/1P6/P1P2P1P/B1R1n1PK/RN1r4 w - - 1 28,g2g3 b8g3 h2g2 d1g1,992,77,95,1011,mate mateIn2 middlegame pillsburysMate short
fFzLr,2r3k1/5ppp/3q4/3n4/1p2R3/1Q2P2P/5PP1/3R2K1 w - - 0 33,d1d5 c8c1 b3d1 c1d1 d5d1 d6d1,959,80,89,393,crushing endgame long xRayAttack
bouct,6k1/1p3ppp/p3b3/3p4/1q6/8/1r1N1PPP/2Q1R1K1 b - - 3 28,b4d2 c1c8 e6c8 e1e8,924,79,89,649,backRankMate endgame mate mateIn2 sacrifice short
mSoYd,6k1/1pr4p/1Q1p2p1/R3b3/1P2p3/P4pPq/5P2/4R1K1 w - - 0 32,b6c7 h3g2,980,79,96,3091,endgame mate mateIn1 oneMove
sWHLK,r3kbnr/5ppb/pN2p2p/3pP3/1p1P1PPP/1Pp1B3/2PNB3/q1KRQ2R w kq - 2 18,d2b1 a1b2,915,80,100,304,mate mateIn1 middlegame oneMove
W4cro,6k1/pp3pp1/1b1q1r1p/3p3b/3N4/2PQ2PP/PP3PK1/4RB2 b - - 6 23,b6d4 e1e8 d6f8 e8f8,935,76,100,347,crushing kingsideAttack middlegame short
3yDpy,rn3rk1/pbpp2pp/1p2pqn1/8/3PP3/P1BB2N1/1PP3PP/R2QK2R w KQ - 3 12,e4e5 f6f2,983,74,100,1273,mate mateIn1 oneMove opening
Tl3Wf,4rrk1/1p3p2/p5PQ/8/P2q4/2N1R3/1PP4P/5K2 b - - 0 27,d4e3 h6h7,968,79,86,327,endgame mate mateIn1 oneMove
n2HVk,3k4/N2p4/1P2p3/4n3/1RP3K1/1P4P1/7r/8 w - - 2 47,g4f4 e5d3 f4g5 d3b4,942,76,97,424,advantage endgame fork short
K4XIb,2rr2k1/5p1p/pp1qpQp1/8/NP6/P4n1P/5PP1/3R3K w - - 0 26,d1d6 c8c1 d6d1 c1d1,959,74,96,556,endgame master mate mateIn2 short
51Exq,8/4Np1k/5npp/p4Q2/5n2/1P2qP2/P5PP/2RR1K2 w - - 0 37,e7g6 e3e2 f1g1 e2g2,978,77,98,449,mate mateIn2 middlegame short
6GuLA,1Q3Nk1/5qp1/7r/1p3b1P/p7/5P2/6P1/4R1K1 b - - 5 44,f7f8 e1e8 f8e8 b8e8,909,80,89,582,crushing endgame master pin short
rUTyX,r2q1r2/1p1b1pp1/p1n1pbk1/3p2N1/3P3P/2NQP3/PP3PP1/2R1K2R b K - 3 14,g6h6 d3h7,958,77,100,331,mate mateIn1 middlegame oneMove
hhtEY,k5r1/Pp1rq3/2p5/p2pp3/P3n2p/1RP1B2N/4QPP1/1R5K w - - 0 34,f2f3 e4g3 h1h2 g3e2,918,78,91,606,crushing fork middlegame short
dBB12,rnq2rk1/pp2ppbp/2p3p1/3p1N2/3P4/1Pn3P1/P2NPPBP/R1BQR1K1 b - - 0 11,c3d1 f5e7 g8h8 e7c8,954,75,97,4721,advantage fork middlegame short
xtp3E,r3kb1r/3p1ppp/b1n1p3/1qpB4/8/1Q2PN2/PP3PPP/R1B1K2R w KQkq - 0 12,d5c6 b5e2,982,77,98,1248,mate mateIn1 oneMove opening
HYmUW,6k1/5pp1/8/7p/1pQB1P1P/2b2qP1/2P4K/8 b - - 0 36,g7g6 c4c8 g8h7 c8h8,935,76,99,698,endgame mate mateIn2 short
cuA7W,r3k2r/pppq3p/2np1p1B/8/3P2PP/3B1P2/PP3K2/R2Q3b b kq - 3 18,e8c8 d3f5 d7f5 g4f5,953,80,96,3037,crushing middlegame pin short
13PX4,r7/1bQ3p1/1kp1N3/pp1p4/3P3q/2P1P3/PP3n2/2K5 b - - 6 33,b6a6 e6c5 a6a7 c7b7,963,76,100,410,endgame mate mateIn2 short
deYVO,6k1/8/1r3K2/3bB3/3P4/5P1R/7P/8 w - - 3 49,f6f5 d5e6 f5g5 e6h3,950,79,98,1490,advantage endgame short skewer
So7EJ,1n1r2k1/2Q2ppp/8/4p3/1P6/P2qPn2/5PPP/2N1K2R w K - 5 21,g2f3 d3d1,952,78,97,660,endgame mate mateIn1 oneMove
B1agZ,2kr3r/1bq2pRp/p3p3/1p4B1/2pP2n1/2P5/PPB2PPb/RN1Q3K w - - 4 18,g5d8 g4f2,995,78,94,324,kingsideAttack mate mateIn1 middlegame oneMove
7iI1b,4r3/8/6k1/5p2/5P1R/6PK/1r6/5R2 w - - 1 58,g3g4 e8e3 f1f3 e3f3,996,76,97,873,endgame mate mateIn2 rookEndgame short
eRtJ3,r2qk2r/bb2n1p1/p3Q2p/1p1pn3/8/P1P5/1PBN1PPP/R1B2RK1 b kq - 0 16,e5c6 c2g6 e8f8 e6f7,985,75,95,3677,mate mateIn2 middlegame short
8w9AO,6k1/1q4p1/6p1/5pP1/p4P2/3QP3/R5KP/8 w - - 5 42,g2h3 b7f3 h3h4 f3g4,967,76,98,2444,endgame mate mateIn2 short
bkSJB,8/2b4p/1p1k2p1/p2B1p2/1nPK1P2/6PP/8/3R4 w - - 2 54,d1e1 b4c2 d4c3 c2e1,906,77,99,1444,crushing endgame fork short
aHU2e,2k5/K7/1PPb4/8/8/8/8/8 b - - 6 58,d6b8 a7a8 b8d6 b6b7 c8c7 b7b8q,973,78,96,2302,advancedPawn bishopEndgame crushing endgame exposedKing long promotion zugzwang
X1NxB,r5k1/2q2p1p/2p1r1pP/ppnp2B1/8/3B2N1/PKPQ2P1/3R3R w - - 0 22,d2c3 c5a4 b2c1 a4c3,922,77,99,2268,crushing fork master middlegame short
fCVhg,8/6pk/7p/5R2/4p3/2P3P1/PP1r2K1/8 w - - 1 37,f5f2 e4e3 f2d2 e3d2,978,78,92,718,endgame
6niyh,6k1/4b3/1P1p3p/3Pp2q/4P1b1/2NQ2p1/3B2P1/4N1K1 w - - 0 36,b6b7 h5h2 g1f1 h2h1,971,76,96,793,mate mateIn2 middlegame short
6oNv7,r1bq1r2/pp2ppk1/3pN1p1/3n3p/7P/2Q2P2/PPP3P1/2KR1B1R b - - 2 15,g7g8 c3g7,922,79,99,1117,mate mateIn1 middlegame oneMove
kObkp,3q1rk1/p3p2p/6p1/1Q1b1p2/2r1pB2/4P3/P4PPP/R5K1 b - - 0 23,d8b6 b5d5 f8f7 d5c4,968,79,95,1200,advantage fork hangingPiece middlegame short
EzHze,2k5/1p6/8/B7/P1P1KP2/r7/8/8 w - - 1 50,c4c5 a3a4 e4e5 a4a5,950,78,98,998,crushing endgame fork pin short
hUhpC,2k4r/p7/2p2Q2/6p1/6p1/4BnP1/PPP2P2/3R1RK1 w - - 1 30,g1g2 h8h2,958,76,100,553,endgame hookMate mate mateIn1 oneMove
j9Akl,8/5p2/4p3/4PP1k/4K3/8/8/8 b - - 0 56,e6f5 e4f5 h5h4 f5f6 h4g3 f6f7,935,79,100,546,crushing endgame long pawnEndgame
3AvZX,r2b2k1/1p3ppp/p1n5/3N4/1B6/6P1/PP3PKP/4R3 b - - 0 23,c6b4 e1e8,941,76,100,438,backRankMate endgame mate mateIn1 oneMove
LbdvF,2r3r1/k3B1pp/pR6/2Pn4/6P1/P7/2P2PKP/7R w - - 1 35,b6e6 d5f4 g2g3 f4e6,970,76,100,534,advantage endgame fork short
owIbA,6k1/pp3rR1/7R/3Q4/8/8/PPr1q3/K7 b - - 0 29,g8g7 d5g5 g7f8 h6h8,963,77,97,2771,endgame mate mateIn2 short
w6ClS,8/p1k5/PpP1p3/1P2PpK1/6p1/6P1/8/8 w - - 14 64,g5f6 f5f4 g3f4 g4g3 f4f5 g3g2 f5e6 g2g1q,996,79,100,320,advancedPawn crushing endgame pawnEndgame promotion veryLong
aetMd,1r4k1/b5pp/2N1p1q1/8/3PPp2/P4QnP/1B4P1/2R3K1 b - - 4 39,b8b2 c6e7 g8f7 e7g6 a7d4 g1h2,998,75,83,363,crushing fork long middlegame
pmufd,6r1/8/7R/p3kP1K/1p4P1/4p3/1P6/8 b - - 3 50,e3e2 h6e6 e5f4 e6e2,942,77,100,685,advantage endgame master rookEndgame short skewer
gmWNJ,rnbq1rk1/pp4pp/4p3/2b2p2/1n2Q3/2N2NP1/PP2PP1P/R1B1KB1R w KQ - 0 10,e4c4 b4c2,921,76,100,880,cornerMate mate mateIn1 middlegame oneMove
08627,r2q1rk1/1pp2ppp/p2p4/3n4/4P3/1BN1PP1b/PP6/R2QR1K1 w - - 0 17,c3d5 d8g5 g1h2 g5g2,942,78,100,614,kingsideAttack mate mateIn2 middlegame short
mPos2,8/5k2/4p3/5pP1/5P2/6K1/8/8 b - - 2 52,f7g6 g3h4 g6f7 h4h5,920,79,100,448,crushing defensiveMove endgame master pawnEndgame short zugzwang
gGmtQ,8/1p1r1k2/2b3p1/7p/2P2p1P/2KB1PR1/6P1/8 w - - 0 36,g3g6 d7d3 c3d3 f7g6,958,78,92,368,crushing endgame short
AgZRp,r5k1/1b4p1/1p1B1nP1/p2n1Bp1/3P4/1P5R/1P2rPP1/2R3K1 b - - 6 34,e2b2 f5e6,987,78,96,1317,mate mateIn1 middlegame oneMove
nIUwn,1r2k3/6Rp/5p2/1p6/1K6/1B1r1P2/6PP/8 b - - 0 44,d3d2 g7g8 e8e7 g8b8,938,78,99,752,advantage endgame short skewer
sNX62,3r2k1/1p2qpp1/p4n1p/3B1b2/3Q1P2/2N1r3/PP4PP/3R1RK1 b - - 0 20,f6d5 c3d5 d8d5 d4d5,983,78,100,328,advantage fork middlegame short
1YKUK,r5k1/3Q2pp/2n1p3/p1p1q3/2P5/7P/6P1/5R1K b - - 4 25,c6d4 d7f7 g8h8 f7f8 a8f8 f1f8,980,76,97,761,backRankMate endgame long mate mateIn3 sacrifice
KMTlr,1k1r4/pp3Q1p/3p3q/2pN4/3bP3/3K1Pr1/PPP5/R4R2 b - - 0 22,g3g2 f7c7 b8a8 c7d8,952,75,97,2095,backRankMate fork mate mateIn2 middlegame short
OjJon,5r2/5pk1/p3p1bp/1p1pP3/3q4/1P6/P1rB1RPP/3Q2K1 b - - 1 25,c2c8 d2h6 g7h6 d1d4 c8c1 f2f1,906,77,100,802,advantage discoveredAttack long middlegame
j4G8l,r1bq1knr/pp3ppp/3p4/4p3/2PpP3/BP1P4/P3BPPP/R2QK2R w KQ - 0 12,c4c5 d8a5 b3b4 a5a3,963,77,97,4093,advantage fork middlegame short
0R0rb,6k1/5pp1/7p/2P1nP2/1P6/R4PP1/1r5P/5BK1 w - - 3 33,a3a4 e5f3 g1h1 b2h2,934,78,100,329,arabianMate endgame mate mateIn2 short
HsrOA,4rr1k/p5b1/5P1p/2p1p2q/7B/1PP3Q1/P5PP/5RK1 b - - 0 30,g7f6 h4f6 f8f6 f1f6,952,77,96,987,advantage master middlegame short
q5FrJ,8/6pk/4p3/8/1r6/pN3P2/6PP/1R4K1 w - - 6 35,b3d2 b4b1 d2b1 a3a2 b1d2 a2a1q,972,78,99,709,advancedPawn crushing endgame long promotion
ahDI9,r5k1/2p2pq1/4r1p1/p3P1Qp/1n3P2/1Pp3RP/P1B5/2K1R3 w - - 1 32,g3c3 b4a2 c1d2 a2c3,993,79,90,480,crushing fork middlegame short
c7jmN,8/pp3rk1/4qpb1/8/P4Q1R/2B5/6PK/8 b - - 5 41,e6f5 f4h6 g7g8 h6h8,955,75,100,315,endgame mate mateIn2 short
GWFi6,2kr3r/npp2Rp1/8/1Bbpq3/P7/2P3Pp/3BN2P/R4Q1K w - - 0 24,d2f4 e5e4 f1g2 h3g2,974,76,100,305,advancedPawn kingsideAttack mate mateIn2 middlegame short
0oiVe,8/2b2pk1/R6p/8/2b2pP1/7P/3B2K1/8 w - - 2 49,a6c6 c4d5 g2g1 d5c6,916,75,100,521,crushing endgame fork master short
aoYHj,2kr4/ppp2p2/7p/8/5n2/5NQ1/P2N2b1/7K w - - 3 24,h1g1 f4e2 g1g2 e2g3,961,77,100,591,endgame
OcE20,3r1r2/1bq1n1k1/p3p1pp/1pp2pQN/4P3/2PP1P1P/P1B2P2/R3K2R b KQ - 1 22,g7f7 g5f6 f7e8 h5g7 e8d7 f6e6,987,77,97,651,long mate mateIn3 middlegame
VsuNI,8/7p/3k1p2/p2p4/3K2Pp/PP6/6P1/8 b - - 0 41,h7h6 b3b4 a5b4 a3b4,999,79,96,548,crushing endgame master pawnEndgame short
JhucD,8/8/1p1Nr3/p3P1k1/Pn4pp/1PR5/5K1P/8 b - - 0 48,e6e5 d6f7 g5f4 f7e5,942,78,97,707,advantage endgame fork master masterVsMaster short
vBssu,2r2qk1/3R1p1p/1p2p1p1/p1b5/P3QP2/2P1nN1P/1P4PK/3R4 w - - 6 31,d1d3 e3f1 h2h1 f1g3,907,77,91,868,crushing master middlegame short
duOLy,r1bq1rk1/pp1p1ppp/2n1p3/4P3/1b1P3n/2NB1N2/PP3PPP/R1BQ1RK1 w - - 3 10,c1g5 h4f3 d1f3 d8g5,933,78,93,836,advantage kingsideAttack opening short
wxeVq,r4rk1/1pp3p1/3p3p/3Pp1q1/PB2Pp2/1Q3B1P/5Pn1/R3R1K1 w - - 0 23,f3g2 f4f3 b3f3 f8f3,975,78,96,367,advantage middlegame pin short
slhpX,1b6/pp4pk/7p/8/5p2/2Br1Q2/PPq2P1P/R5K1 w - - 0 27,f3b7 d3d1 a1d1 c2d1 c3e1 d1e1,963,75,100,580,advantage endgame long
hT8cw,7k/6p1/p4r1p/1p2Nb2/1P1P1p2/P7/6PP/2R3K1 b - - 1 36,f6d6 e5f7 h8h7 f7d6,962,76,100,396,crushing endgame fork short
kGtrp,8/1N6/1bP1k2p/1P4p1/4K3/8/8/8 w - - 0 48,b7c5 b6c5 c6c7 e6d7 c7c8q d7c8,985,76,98,725,crushing endgame hangingPiece long
liibG,rnbq1rk1/ppp2ppp/3b1n2/8/8/2N2N2/PPP1PPPP/R1BQKB1R w KQ - 4 6,c1f4 d6f4 d1d8 f8d8,979,77,98,642,advantage hangingPiece opening short
sO2zs,8/8/5pk1/1P2r3/3NpK2/4P1P1/5P2/8 b - - 2 49,g6f7 b5b6 f7g8 b6b7,1028,76,89,495,advancedPawn crushing endgame short
F552m,5bk1/1p3pp1/q2p1p2/2pP4/1rP1N1QP/8/6P1/5RK1 b - - 4 27,a6c4 e4f6 g8h8 g4h5,1042,75,96,1297,endgame mate mateIn2 pin short
8zeZR,8/pp4pk/4p2Q/3pPp2/1B1P4/P4PPK/1P6/2r5 b - - 0 40,h7h6 b4d2 g7g5 d2c1,1029,77,94,309,advantage endgame fork short
Xsl3b,8/8/2R5/4rpkp/p2b4/6P1/6KP/8 b - - 1 57,a4a3 h2h4 g5g4 c6g6,1009,76,99,862,endgame mate mateIn2 short
Zr5OO,2nq2k1/p3Np2/1p1r2p1/4Qp1p/7P/1P2P1P1/P4P1K/3R4 b - - 1 27,d8e7 e5e7 c8e7 d1d6,1079,77,94,619,advantage capturingDefender endgame short
sZTc3,r4k1r/pp3ppp/2B1b3/2q5/7Q/2p2N2/5PPP/3RR1K1 b - - 0 19,b7c6 d1d8 a8d8 h4d8,1073,77,100,659,master mate mateIn2 middlegame short
6tMu0,rn1q2kr/pbpp2pp/1p6/4P3/1b2PR2/2N5/PPP3PP/R1BQ2K1 b - - 0 11,b8c6 d1d5,1012,75,97,967,mate mateIn1 oneMove opening
QoIu9,r2q1rk1/p2b1pbp/5np1/nN2N3/4p3/3BB2P/PPPQ1PP1/2KR3R w - - 0 15,d3c4 a5c4 e5c4 d7b5,1081,78,96,1748,middlegame
iP2k5,r2qkbnr/1p1b3p/p1np2Q1/4p1N1/2P5/2NB4/PP3PPP/R1B1K2R b KQkq - 0 12,h7g6 d3g6 e8e7 c3d5,1035,79,93,1101,mate mateIn2 opening short
jMZ3Y,5r2/1b1r1k1p/p4pp1/4p3/2p2n2/P1N1Q3/1PP2PPP/R4RK1 w - - 4 24,g2g3 f4h3,1060,76,89,464,master mate mateIn1 middlegame oneMove
fECtd,8/6p1/4Q1p1/5pP1/4kP2/7P/4K3/q2r4 b - - 5 45,e4f4 e6e3,1062,76,100,548,endgame master mate mateIn1 oneMove
e14zb,r2q1r2/ppp2ppk/4np2/7Q/P7/R7/2PP1PPP/5RK1 b - - 1 17,h7g8 a3h3 f6f5 h5h7,1073,75,100,350,mate mateIn2 middlegame quietMove short
YHnBf,2bq2k1/p3br1p/4p1PB/4P3/Pr3PQ1/2pp2P1/6B1/R4RK1 b - - 0 29,h7g6 g4g6 g8h8 g6f7,1082,75,100,978,advantage deflection kingsideAttack master middlegame short
p6sL8,3R4/8/p3rpkp/1pP3p1/3P4/PPb3N1/3n1KPP/3R4 w - - 1 40,d4d5 c3d4,1086,77,97,2387,endgame mate mateIn1 morphysMate oneMove
1qucj,6k1/1p1n1ppp/p3b2P/6P1/3Q4/2r2P2/q1P1B3/1K1R3R w - - 0 25,b1c1 a2c2,1026,78,94,324,mate mateIn1 middlegame oneMove queensideAttack
DVPl4,r1b1k2r/ppp1np1p/1bnp1Np1/4p3/1PB1P3/3P1N2/P1P2PPP/R1B1K2R b KQkq - 2 10,e8f8 c1h6,1070,75,97,5789,master mate mateIn1 oneMove opening
CVVAV,r5k1/4p1q1/3p2p1/p1n3Pp/1p2b2P/1P2B2B/P1PQ4/2KR4 w - - 0 24,e3c5 g7a1,1075,76,87,417,master mate mateIn1 middlegame oneMove
eDURS,2kr2nr/pp3pp1/2p1b3/3NP1p1/2B5/8/PP3PPP/3R1RK1 w - - 0 18,d5b6 a7b6 c4e6 f7e6 d1d8 c8d8,1053,75,95,1610,advantage hangingPiece long middlegame
t7loF,8/5p2/4p1p1/6P1/2k1KP2/8/8/8 b - - 9 66,c4c5 e4e5 c5c6 e5f6 c6d5 f6f7,1030,77,100,313,crushing endgame long pawnEndgame
yjDPe,Q7/8/2p5/2P2k2/7K/8/8/3q4 w - - 0 59,a8c6 d1g4,1069,75,100,546,endgame master mate mateIn1 oneMove queenEndgame
l1TWc,r1b2q1k/p5bp/2p3p1/4p3/2B1pP2/8/PP4PP/R2Q1RK1 w - - 0 18,f4e5 f8c5 g1h1 c5c4,1075,77,88,503,advantage fork master middlegame short
zR9sl,4r1k1/2p2ppp/p7/3qr3/2P5/3P4/1P3QPP/R4R1K b - - 0 22,d5d3 f2f7 g8h8 f7f8 e8f8 f1f8,1079,80,89,335,backRankMate endgame long mate mateIn3 sacrifice
2XRrq,3bR3/6pk/5r1p/pp6/8/1P3B2/P3K1PP/8 b - - 1 33,d8c7 f3e4 g7g6 e8e7 h7h8 e7c7,1054,75,98,1362,advantage endgame fork long
Se1rQ,rnbq1bnr/pppk2pp/8/4Q3/3Np3/8/PPPP2PP/RNB1KB1R b KQ - 0 7,f8d6 e5e6,1021,77,100,694,mate mateIn1 oneMove opening
Bs8Ce,4rk1q/1p6/p2b2p1/4npB1/8/1Q6/5PPP/R4RK1 w - - 2 29,b3b7 e5f3 g2f3 h8h2,1098,80,93,452,mate mateIn2 middlegame sacrifice short
aLqOw,5r1k/p1Q3Rp/1p3p2/8/1P5q/7P/r4PP1/4R1K1 w - - 1 36,g7e7 h4f2 g1h2 f2g2,1056,75,100,560,endgame mate mateIn2 short
oJKpz,6k1/5p2/6pp/5p2/5PP1/2Q1K3/2P4r/8 w - - 1 39,g4f5 h2h3 e3d4 h3c3,1016,79,99,1178,advantage endgame master queenRookEndgame short skewer
RQdzz,8/4r1k1/5p1p/6p1/4q3/6PP/3Q1PK1/3R4 w - - 8 34,g2f1 e4h1,1085,79,89,1845,endgame mate mateIn1 oneMove
Kje2k,r2qk2r/pp1b1p2/2p5/3pp3/3P4/2PBP1Q1/PP3PP1/R4RK1 b kq - 1 19,e5d4 g3e5 d7e6 e5h8,1047,78,97,8808,crushing fork middlegame short
gubk1,4k3/7R/b2p1ppQ/8/1p2P3/3q2P1/5PBP/r4NK1 w - - 4 35,h6g7 a1f1 g2f1 d3f1,1081,76,100,1074,mate mateIn2 middlegame short
KR2I4,6k1/5r2/2p2nQ1/qpPp3p/2nP3b/P4P2/2B1R1P1/2B3K1 b - - 0 30,f7g7 e2e8 f6e8 g6e8,1031,77,96,3411,kingsideAttack mate mateIn2 middlegame sacrifice short
c2VZ4,r2qkb1r/1p3ppp/p3b3/3p4/3P4/8/PP1N1PPP/R2QKB1R b KQkq - 0 13,f8b4 d1a4 d8d7 a4b4,1084,78,90,408,advantage fork middlegame short
O2x2r,4R3/3R1pk1/1q5p/r5p1/6P1/p4PKP/B7/8 b - - 0 57,b6c6 d7f7 g7g6 e8g8,1085,77,89,537,endgame mate mateIn2 short
rZZbA,7R/pp2kq2/2p1r1b1/3pPr2/4p2Q/1P2K3/P2N3R/8 b - - 4 38,e7d7 h4d8,1019,77,84,378,master mate mateIn1 middlegame oneMove swallowstailMate
O2IKP,7k/6b1/p3Q2p/8/1P6/2P2P2/7P/5qBK w - - 2 57,c3c4 f1f3,1035,77,98,407,endgame mate mateIn1 oneMove
jUtJv,1kr5/1p5p/p4N2/8/PKP5/8/8/8 b - - 0 43,c8f8 f6d7 b8a7 d7f8 h7h5 f8g6,1033,77,99,695,crushing defensiveMove endgame fork long
F8npt,1rr3k1/pp1R1pp1/5p1p/4n3/1P6/2P1PB2/5PPP/5RK1 w - - 3 18,d7b7 e5f3 g2f3 b8b7,1082,77,87,695,crushing endgame intermezzo short
qzUpQ,5rk1/p4qb1/2N1p3/3pPr1p/5pnQ/1B6/PPP5/4RR1K b - - 0 25,f8c8 c6e7 g8f8 e7c8,1048,79,94,464,advantage fork middlegame short
jvb5T,8/2B4p/1p2kpp1/1Pb5/2P4P/5P2/2P3K1/8 w - - 1 38,g2g3 c5d6 c7d6 e6d6,1088,78,100,628,advantage bishopEndgame endgame short
bwyzF,rnb1kb1r/1p3pp1/pq2p3/3pPn2/P1p2P1p/2NP1N2/1PP1B1PP/R1B1QR1K w kq - 0 13,d3c4 f5g3 e1g3 h4g3,1023,80,94,1093,advantage kingsideAttack opening pin short
daVz4,6k1/6pp/5p2/1Rp5/1b6/3NP3/5KPP/1r6 w - - 4 30,d3c5 b4e1 f2e2 b1b5,1082,75,89,806,crushing discoveredAttack endgame short
kSkcq,1Q6/6pk/7p/p5p1/3P2Pq/B1r1PP1P/6K1/R3R3 w - - 1 29,b8g3 c3c2 e1e2 c2e2 g2f1 h4g3,1013,76,99,944,advantage endgame long
X4Ox3,8/8/8/3R2p1/3P1k1p/5r2/5PK1/8 w - - 0 38,d5f5 f4f5 g2f3 g5g4,1024,78,100,634,crushing endgame master rookEndgame short
w5ZqL,8/p4p1k/1p1b1ppp/5Q2/PP6/2PN3P/4qPP1/6K1 w - - 0 31,f5f6 e2d1 d3e1 d1e1,1008,76,100,425,endgame fork mate mateIn2 short
7GL1n,2r2rk1/pb1n1pp1/1pq1pn1p/8/Q1BP3B/4P3/P2N1PPP/2RR2K1 w - - 10 18,c4b5 c6g2,1084,80,94,854,kingsideAttack mate mateIn1 middlegame oneMove
TlQuF,r2qk2r/4bp1p/bpn1p2n/p1ppP3/3P1pP1/2P1BN1P/PP1N2B1/R2QK2R w KQkq - 0 14,e3f4 e7h4 f3h4 d8h4 f4g3 h4g3,1015,78,89,429,exposedKing long mate mateIn3 middlegame
ZKlKL,r3br2/p5k1/1ppqp2p/3p1p2/1P1P2n1/PN1BP3/2P2PP1/R2Q1RK1 w - - 0 21,f2f3 d6h2,1090,77,86,320,mate mateIn1 middlegame oneMove
xaRuG,r4rk1/1pp2ppp/1p6/3nP3/3P1qb1/2PB1N2/P4PPP/R2QK2R w KQ - 0 18,d1b3 g4f3 g2f3 f4f3,1072,80,91,2056,crushing middlegame short
6Od0n,3Q4/6pk/r4p1p/r1p5/8/1P5P/6P1/7K b - - 5 44,a5b5 d8d3 f6f5 d3b5 a6a1 h1h2,1062,78,99,806,crushing endgame fork long queenRookEndgame
I9Mm8,8/1p3p1k/p5pp/7r/4Q3/P1P2Pq1/6PP/6RK w - - 0 35,h2h3 h5h3 g2h3 g3h3,1002,76,99,756,endgame mate mateIn2 sacrifice short
QWhu5,5rk1/pR5p/1p2p1p1/3pNpQ1/3PnP2/8/PP3PPP/4qBK1 w - - 1 23,g5e7 e1f2 g1h1 f2f1,1035,76,100,464,deflection kingsideAttack mate mateIn2 middlegame short
mECtM,r1b1kb1r/ppp2p1p/2n3p1/3Bp1q1/8/2P2Q2/PP1P1PPP/RNB1K2R b KQkq - 0 8,c8e6 d5c6 b7c6 f3c6,1005,79,95,1089,crushing opening short
ZOIqK,r1bqr1kb/pppn3p/3p1n1P/3N1p2/5P2/1P6/PBPPN1B1/1R1QK2R b K - 4 16,f6d5 g2d5 g8f8 b2h8,1032,77,88,785,crushing kingsideAttack opening short
JFow4,r2q1rk1/4bppp/bp1p1n2/pNpPn3/P3P3/1P3NP1/5PBP/R1BQ1RK1 b - - 4 13,f6e4 f3e5 d6e5 g2e4,1068,78,94,8775,advantage discoveredAttack middlegame short
blUWM,8/4R1pk/2b1Nr1p/pp6/2p1p3/P3K2P/1P3PP1/8 b - - 1 39,f6g6 e6f8 h7g8 f8g6,1039,76,98,1980,crushing endgame fork short
uXwX3,r1b1r3/pp2nkQ1/1qn1N3/b2pPp2/3P4/B1P5/5PPP/RN2K2R b KQ - 0 16,f7e6 g7f6 e6d7 f6d6,1061,75,100,393,mate mateIn2 middlegame short
PJt34,5k2/1R6/2R5/8/4r3/5pp1/8/5K2 w - - 2 62,c6c3 g3g2 f1f2 e4e2,1081,80,88,548,advancedPawn advantage endgame rookEndgame short
U328y,r3k1r1/1b3p1p/p2pp3/1p1q1p2/3P4/1PP1RNP1/1P3P1P/R2Q2K1 w q - 0 18,f3h4 d5h1,1076,79,88,629,mate mateIn1 middlegame oneMove
8Y815,6k1/1Q3pp1/2p2qp1/p7/P7/1BP2n2/1P1r2PP/4R1K1 w - - 0 27,g2f3 f6g5 g1f1 g5g2,1013,75,98,923,endgame mate mateIn2 short
uRPOc,rnb4r/ppqp1k2/4p1pQ/2p2nN1/8/3P4/PPP1BPPP/R3K2R b KQ - 2 14,f7g8 h6g6 f5g7 g6f7,1086,76,100,335,kingsideAttack mate mateIn2 middlegame short
aEq1Y,r4rk1/2p1bpp1/3p3p/pP1Pp3/P3P1q1/2NQ2Pn/1BP2P1P/1R3RK1 w - - 0 27,g1g2 h3f4 g2g1 f4d3,1036,77,98,661,advantage middlegame pin short
Qgbfy,r2qr1k1/5pp1/3N3p/3p4/p2P1Q2/5P1P/2P3P1/5RK1 b - - 0 30,e8e6 f4f7 g8h7 f7e6,1084,75,99,727,advantage endgame fork short
oxNOl,r7/6k1/3pN3/2pP4/1pP1p3/1P6/4rP2/1K5R b - - 1 32,g7g6 e6f4 g6g5 f4e2,1001,79,100,814,advantage endgame fork master short
Hli3G,5r1k/6pp/2P2q2/3Qp3/p7/8/5PPP/4R1K1 w - - 1 30,d5e5 f6f2 g1h1 f2f1 e1f1 f8f1,1077,76,89,494,backRankMate endgame long mate mateIn3 sacrifice
VkEb2,N4rk1/pp2b1pp/2np4/4p2q/2PP1Pn1/6Pb/PP2NPB1/R1BQ1RK1 w - - 1 14,d4e5 h3g2 g1g2 h5h2,1006,78,100,355,advantage attraction kingsideAttack middlegame short
aDFqY,4r1k1/5p1p/6p1/7q/Q7/1P6/P1P1rR1B/R6K b - - 6 28,e2f2 a4e8 g8g7 e8e5 h5e5 h2e5,1009,76,99,1440,crushing endgame hangingPiece long
190pS,8/3k1p2/1r1P2p1/2pR4/2Q5/P4q2/KP6/8 w - - 1 43,c4c5 f3b3 a2a1 b3b2,1016,75,100,509,endgame master mate mateIn2 short
CoBOr,r3kb1r/3nq1p1/5p1n/pN1Q3p/3Pp3/8/PPP2PPP/R1B1K2R b KQkq - 2 14,a8d8 b5c7,1031,77,86,323,mate mateIn1 oneMove opening
ZQMB1,5rk1/p2p1ppp/2qbp3/8/2PP1n2/1Q1n1N1P/P2B1PP1/1R3NK1 w - - 1 25,c4c5 f4e2 g1h1 d3f2,1065,77,95,3911,deflection kingsideAttack master masterVsMaster mate mateIn2 middlegame short
1xI4K,r7/4p2P/8/8/6P1/1Nk2K2/8/8 b - - 0 52,c3b3 g4g5 a8h8 g5g6,1095,76,99,1059,advantage endgame quietMove rookEndgame short
NnPFg,r5k1/1p3ppp/p1pp1P2/4qR1Q/2P5/8/PPP3PP/4rR1K w - - 5 22,f6g7 e1f1 f5f1 e5h5,1012,78,100,340,crushing endgame kingsideAttack master short
IJqLC,6k1/2p3p1/2n1r3/7P/2P3P1/1P2BK2/P2R4/8 w - - 2 45,d2d7 c6e5 f3e2 e5d7,1009,77,95,1938,advantage endgame fork short
ZLdry,4r1kR/5p2/pp3Pp1/n2pqP2/P2b1Q2/8/1Pp4P/R1B4K b - - 1 27,g8h8 f4h6 h8g8 h6g7,1042,77,100,697,kingsideAttack mate mateIn2 middlegame short
ddnnG,2rq3k/6p1/p2r2Pp/1p1n4/8/3B1PQ1/PP6/1K1RR3 w - - 0 33,d3e4 d5c3 b2c3 d6d1 e1d1 d8d1,1015,79,100,711,crushing discoveredAttack long middlegame queensideAttack
UamJL,2r2r2/R4p1k/4N3/1p1p2Qp/1PnPp3/2P3P1/2q2PK1/8 b - - 3 37,e4e3 g5g7,1072,80,83,441,master mate mateIn1 middlegame oneMove
np3YC,8/3NR1pk/p6p/1p3p1n/8/6r1/5K2/8 b - - 3 47,g3g6 d7f8 h7g8 f8g6,1004,75,100,364,advantage endgame fork short
CtpHG,rnbq1rk1/pp3ppp/2p1p3/3pP3/3PnP1b/2NB1N1P/PPP3P1/R1BQK2R w KQ - 3 9,f3h4 d8h4 g2g3 h4g3 e1f1 g3f2,1057,76,97,1462,exposedKing long mate mateIn3 opening
K4VY9,3r2r1/4ppk1/2pP3p/p3B2P/6b1/2bQ4/PqP2RP1/5RK1 b - - 2 25,c3e5 f2f7 g7h8 f7h7,1016,78,97,570,mate mateIn2 middlegame short
EwhE5,2kr1b1r/Pp3ppp/2n5/4p2Q/2P5/8/5RPP/RNBq2K1 w - - 1 20,h5d1 d8d1 f2f1 f8c5 c1e3 c5e3 g1h1 d1f1,1095,76,98,12388,backRankMate fork mate mateIn4 middlegame pin veryLong
AFBem,rnb2rk1/3q2b1/pppp3p/3Pp1p1/2B1Ppn1/P1N3P1/1PPB1PKP/R2QR1N1 b - - 1 20,b6b5 d5c6 b5c4 c6d7,1053,76,97,4618,advancedPawn crushing discoveredAttack discoveredCheck middlegame short
2cdB5,5Q2/8/8/4K3/7k/8/8/4q3 w - - 1 78,e5d6 e1b4 d6c6 b4f8,1068,78,85,376,crushing endgame queenEndgame short skewer
VxvZT,r5k1/2p2ppp/4p3/2B5/3P1qn1/P7/2P2PPP/3QR1K1 w - - 1 22,d1e2 f4h2 g1f1 h2h1,1077,80,95,1747,endgame mate mateIn2 short
x1O6Y,3r3k/1p1r1ppp/p7/4P2P/4n3/Q7/PPP4q/1K4RR w - - 4 29,h1h2 d7d1 g1d1 d8d1,1042,79,87,998,backRankMate endgame mate mateIn2 short
KIa3w,r2r2k1/pbq1bp1p/6pQ/3pp2N/2B5/3R4/PPP2PPP/5RK1 b - - 1 18,e7f8 h5f6 g8h8 h6h7,1033,77,90,1043,kingsideAttack mate mateIn2 middlegame short
Jh62f,8/8/7p/6p1/8/3k4/1K3PPP/8 w - - 1 49,b2c1 d3e2 f2f3 e2f2 g2g3 f2f3,1069,77,97,1065,crushing endgame long pawnEndgame
Ue8UX,8/ppR5/3pR1p1/6k1/8/7P/q4PP1/6K1 w - - 0 29,e6d6 a2a1 g1h2 a1e5 g2g3 e5d6,1053,75,100,534,advantage endgame fork long queenRookEndgame
KmpED,2r2rk1/1q3pp1/p2Rp1n1/8/4N1Q1/5PPp/PP5P/5RK1 b - - 0 24,g6e5 e4f6 g8h8 g4h3,1025,78,97,743,master mate mateIn2 middlegame pin short
gWpYQ,6k1/5ppp/4p3/3p4/b2P4/r6P/P1B1RPP1/6K1 b - - 0 29,a3a2 c2h7 g8h7 e2a2,1078,75,99,2738,crushing discoveredAttack endgame short
LWh9N,4r1k1/5pp1/p3Nn1p/8/2p2q2/7P/PPB1QPP1/3R2K1 b - - 0 25,e8e6 d1d8 f6e8 d8e8 e6e8 e2e8,1021,77,98,808,endgame long mate mateIn3 xRayAttack
LAawL,r1bq2k1/pp1p1ppp/5n2/2p5/2r5/1PB2Q2/P1P2PPP/R3R1K1 b - - 0 14,c4h4 c3f6 g7f6 f3g3 g8h8 g3h4,1079,75,92,1002,advantage fork long middlegame
AVY3N,r1b1k2r/pppp1pp1/5q1p/8/Qb1nP3/2N2P2/PPP1N1PP/R3KB1R w KQkq - 3 10,a4b4 d4c2 e1f2 c2b4,1015,78,100,760,crushing fork opening short
gZ7kr,8/7p/8/p1p5/5kPP/1P1p4/P2K4/8 w - - 1 42,g4g5 f4g4 d2d3 g4h4 g5g6 h7g6,1098,77,99,1013,crushing endgame long pawnEndgame
jANX9,2r2k2/pp2pp1p/3p2p1/8/8/2NK1B2/P4qPP/R1Q5 w - - 0 23,c1e3 c8c3 d3c3 f2e3,1091,78,89,814,attraction crushing deflection endgame short
ib7YN,r2qk2r/p4pb1/1Pn1pn1p/3p1bp1/3P4/P3BN2/1P2BPPP/RN1Q1RK1 b kq - 0 12,a7b6 e2b5 e8g8 b5c6,1054,75,96,1152,crushing opening pin short
1izCR,6rk/6p1/p1R4p/q7/4pQ2/7P/5PPK/8 b - - 1 33,a5b5 c6h6 g7h6 f4h6,1024,76,84,532,endgame mate mateIn2 sacrifice short
RaDLK,4B1k1/R4p1p/4pKp1/8/8/8/bp4P1/8 b - - 1 44,b2b1q e8f7 g8h8 a7a8 b1b8 a8b8,1087,80,87,357,endgame long mate mateIn3
U2DRL,3R4/3R4/3bk3/p5np/3B1p2/1P5P/2r2PK1/8 w - - 2 45,d7g7 f4f3 g2f1 c2c1,1046,79,86,932,endgame mate mateIn2 short
sTGQk,3r1rk1/ppp3p1/5bb1/4P1p1/2N2nP1/1PQp1P2/PB5P/3R2K1 w - - 1 24,e5f6 f4e2 g1g2 e2c3,1035,77,99,1032,advantage fork master middlegame short
Kj0V8,4Q3/1p4pk/pqp2b1p/4p3/8/1P5P/1PPr1PP1/R3R1K1 w - - 3 29,e8e6 b6f2 g1h2 f2g2,1022,77,86,338,endgame kingsideAttack mate mateIn2 short
7L1LC,3Q4/8/6pp/4p1k1/5q2/5P1P/6P1/6K1 b - - 3 46,g5h5 g2g4 f4g4 f3g4,1035,78,100,497,endgame mate mateIn2 queenEndgame short
Cg6Gt,r1bq1b1r/pp3k1p/2p3p1/3NQ3/2B5/8/PP3PPP/n1B2K1R b - - 0 12,c6d5 c4d5 d8d5 e5d5,1033,77,100,330,advantage middlegame short
7uOXe,8/p3Rr1k/2p2Pbb/3p4/7P/6R1/P5P1/7K b - - 0 36,h6f4 e7f7 g6f7 g3g7,1084,76,86,427,advantage endgame master masterVsMaster short
pAnqv,6k1/Pb2Qppp/8/3q4/8/1N3PK1/PP4rP/8 w - - 0 26,g3g2 d5f3 g2g1 f3g2,1073,74,98,3516,endgame mate mateIn2 short
eLEbC,5k2/4nrb1/p3p2p/1pB1Pp1Q/1P1r1P2/6RN/P2q2P1/R5K1 w - - 0 28,c5d4 d2d4 g1h2 d4a1,1017,80,100,323,advantage fork middlegame short
d4MbH,r5Rk/5p1p/p3pP1Q/1p6/P1p1q2P/6R1/5P1K/8 b - - 0 39,a8g8 g3g8 h8g8 h6g7,1043,76,97,628,attraction endgame mate mateIn2 short
oJ5Gf,k1q5/pp3p2/8/4Qp2/1P2p3/P4nP1/3r1PKP/5B2 b - - 2 40,c8e6 e5h8 d2d8 h8d8 e6c8 d8c8,1099,78,86,371,endgame long mate mateIn3
zCCuA,6k1/Q4pp1/7p/1P6/8/8/P1q1rrPP/1R3RK1 w - - 0 26,a7f2 e2f2 f1f2 c2b1,1062,77,85,441,advantage endgame short
DXtH8,8/p4pkp/1p1n4/3p3N/8/1P6/P1P1r1P1/5RK1 b - - 2 32,g7g6 h5f4 g6f6 f4e2,1082,80,88,593,crushing discoveredAttack discoveredCheck endgame fork short
LyRud,8/2k1pr2/1pp1N3/p1r5/6K1/1P2R2P/8/8 b - - 1 44,c7b7 e6d8 b7c7 d8f7,1011,78,95,2921,advantage endgame fork short
LK9cx,5rk1/ppp5/1bp1b3/6p1/4P1N1/2P5/1P2B1PP/R6K w - - 4 27,a1f1 f8f1 e2f1 e6g4,1087,75,81,338,crushing endgame short
srHew,5rk1/7p/1p4pP/2ppR1Q1/p2P4/2P2qP1/P4P2/6K1 w - - 2 29,g5e7 f3f2 g1h1 f2f1 h1h2 f8f2,1075,78,95,5376,endgame long mate mateIn3
JUiG3,r1bqk2r/pppp2pp/2n2p2/2b1p3/2P4B/P1N2N2/1PP2PPP/R2QK2R b KQkq - 1 9,e8g8 d1d5 g8h8 d5c5,1074,80,97,1381,advantage fork opening short
0q4XP,1q3rk1/4bppp/3p1n2/2p3B1/4P3/PPN2Q2/5PPP/R5K1 w - - 0 21,c3d5 f6d5 g5e7 d5e7,1097,79,89,382,advantage middlegame short
NomX0,4rk2/1p5R/2p3Q1/p2pP3/2nP2P1/P1N2q1K/1P4R1/8 w - - 3 40,g2g3 f3h1,1054,77,99,1377,master mate mateIn1 middlegame oneMove
ZYfgT,4r1k1/5ppp/p2b4/1p6/3P4/4NPP1/PP2r2n/R1BK1R2 b - - 2 26,d6g3 d1e2 h2f1 e2f1,1097,77,92,1730,middlegame
Oyjgp,8/1p2kp1p/8/pR6/P1Brb3/1P5P/6P1/6K1 b - - 7 40,d4d2 b5e5 e7d6 e5e4,1086,78,90,548,crushing endgame fork master short
l7kYt,r3r1k1/1pq1bppp/pPp1p3/2Pn3b/3P4/BQ3N1P/1P2BPP1/4RRK1 b - - 0 20,c7d7 f3e5 h5e2 e5d7,1032,77,89,401,advantage middlegame short
APUmJ,r3r1k1/6b1/b1p3Q1/p2p3p/3P4/6P1/PP4PP/5RK1 w - - 1 31,f1f7 e8e1 g1f2 e1f1,1089,74,90,742,crushing endgame short
dK6Y0,3rk2r/pQ3ppp/3bp3/8/2q5/4B3/P1P2PPP/3R1RK1 w k - 2 18,d1d6 d8d6 b7b8 d6d8,1036,80,89,337,advantage hangingPiece master masterVsMaster middlegame short
DgweF,6k1/2Q2pp1/7p/P7/3p4/3P1Prq/1P4rN/5RRK w - - 1 40,a5a6 h3h2,1049,75,100,612,mate mateIn1 middlegame oneMove
ueHUe,2rr1k2/1b2nBp1/4p2p/p1R1N3/Pp2PB2/6P1/2n2P1P/2R3K1 w - - 1 29,c1c2 d8d1 g1g2 b7e4 f2f3 e4c2,1135,78,94,584,advantage fork long middlegame
bQTxn,3r4/pp5R/4bNk1/8/2n1P3/2B2P2/PP4P1/1K6 w - - 3 35,h7b7 d8d1 b1c2 c4e3,1165,75,99,1008,endgame mate mateIn2 short
R1VOc,8/p5p1/3QB2p/2p5/7k/P3p1q1/1P4P1/7K w - - 9 41,d6g3 h4g3 e6c4 g3f2,1159,78,93,5468,crushing endgame short
b2PWZ,2kr3r/ppp1n1bp/5pp1/8/4p3/N1P1q3/PPQ1B1PP/R3R2K b - - 1 22,d8d2 e2g4 c8b8 e1e3,1191,76,88,712,advantage discoveredAttack middlegame short
HvQ5z,r1b2rk1/2q2ppp/p2b1n2/1pp5/2Pp4/P2P1QB1/BP1N1PPP/R4RK1 b - - 4 15,c8b7 g3d6 c7d6 f3b7,1184,77,92,2037,advantage middlegame short
HnUV7,rnb1r1k1/pp3ppp/2p1q3/2bp4/6n1/1QP2N1P/PPBP1PP1/RNBK1R2 w - - 1 13,d2d4 e6e2,1186,75,98,2201,mate mateIn1 oneMove opening
IyCQM,4R3/1b3pk1/6q1/p1p5/2P4P/P2r4/1Q4P1/7K b - - 4 40,g6f6 e8g8 g7g8 b2f6,1136,76,88,569,advantage deflection endgame pin short
x0v9g,1r2q3/3b2kp/2N3p1/3ppr2/p1pP1PQP/P1P3P1/1P2R3/4R1K1 w - - 0 26,e2e5 f5e5 e1e5 d7g4 e5e8 b8e8,1117,80,95,886,crushing discoveredAttack long middlegame
ck1u3,r3r1k1/5pp1/2N4p/R7/8/KPQ3PP/P4q2/8 b - - 3 38,a8c8 c6e7 g8h8 e7c8,1140,78,100,459,advantage endgame short
uva6D,4r1k1/p6p/1pq2pP1/2p5/3p2Q1/3P4/P1P5/5RK1 b - - 0 32,h7g6 g4g6 g8f8 f1f6 c6f6 g6f6,1112,76,100,1002,advantage endgame exposedKing fork long
xO27H,2r2rk1/R1p3b1/1p1p3p/1N1Pp1pP/1Pq5/8/3Q1R1P/6NK w - - 0 28,b5c3 f8f2 d2f2 c4c3,1159,75,95,10312,crushing master middlegame short
O9ddQ,8/7k/2p2Qp1/2Pq3p/7P/6P1/6K1/8 w - - 2 51,g2h3 d5h1,1162,77,94,854,endgame master masterVsMaster mate mateIn1 oneMove queenEndgame
R9Fyo,8/2RP2p1/8/4kp1p/7r/2K5/8/8 b - - 0 57,h4d4 c7c5 e5e6 c3d4,1181,76,100,1619,crushing deflection endgame rookEndgame short
DyCk0,5r1k/1p4q1/p3Q2p/2P1p3/1P4B1/P2P2P1/6KP/4b3 b - - 2 38,g7f7 e6h6 h8g8 g4e6 f7e6 h6e6,1157,76,100,452,crushing endgame long pin
0n9Kz,r4r1k/pp4p1/2p2P1q/3p1QN1/3P4/1P2P2P/P5P1/5R1K b - - 0 26,f8f6 g5f7 f6f7 f5f7,1164,76,96,4850,crushing endgame fork short xRayAttack
70Uav,r1b2rk1/p3ppbp/2pp2p1/4n1B1/4q3/5N2/PPPQBPPP/R2R2K1 w - - 0 14,g5e7 e5f3 e2f3 e4e7,1132,75,100,596,advantage discoveredAttack middlegame short
dyHt2,1R2k3/5p2/pQ2b2r/3p1p2/P1r2P2/qN4Kp/8/5R2 b - - 9 36,e8e7 b6d8,1161,77,90,371,dovetailMate mate mateIn1 middlegame oneMove
pPAKy,2rqk1nr/pp1n1ppp/4p3/2b1P3/2Q5/5N2/PP3PPP/RNB1K2R w KQk - 1 11,b1c3 c5f2 e1f2 c8c4,1182,80,92,5221,attackingF2F7 crushing discoveredAttack opening short
Qsn35,1k1r2r1/p1p5/1p2p2p/P2p1b2/5q2/1Q6/1PPR3P/1K1R4 b - - 0 28,f4c4 b3c4 d5c4 d2d8 g8d8 d1d8,1174,79,94,3325,crushing long middlegame queensideAttack
nxcAw,r5k1/1ppn1ppp/p7/3P4/3Pr2q/6b1/PPB4P/R1BQ1RK1 w - - 0 18,c2e4 h4h2,1138,78,94,693,kingsideAttack mate mateIn1 middlegame oneMove
RBJ6B,3r3k/p3q2p/2R2ppB/2b5/8/1Q2P1P1/5P1P/6K1 w - - 5 32,b3c3 d8d1 g1g2 e7e4 f2f3 e4c6,1109,80,90,797,crushing endgame fork long master
7sU0E,3B4/Q7/6p1/5b1p/8/3R2PP/PPP1r2K/5k2 w - - 1 34,h2h1 f5e4 d3f3 e4f3,1187,76,88,969,endgame fork mate mateIn2 morphysMate short
JkGfD,8/8/2R2bp1/7p/5pkP/5N2/r5PK/8 b - - 3 49,f6h4 c6g6 g4f5 f3h4,1148,77,96,9377,crushing deflection endgame master short
D23VS,r4r1k/1pN3pp/pQ6/4p1q1/4Pn2/5P2/PP4PP/3RR1K1 w - - 5 25,b6f2 f4h3 g1f1 h3f2,1143,75,97,3681,advantage kingsideAttack middlegame pin short
f4O1o,r4r1k/p4p1p/1p3p1Q/8/6q1/2P1P3/PR1B1R1P/6K1 w - - 0 26,g1h1 g4d1 d2e1 d1e1 h1g2 f8g8,1109,75,96,970,crushing long middlegame
O1JWf,5q2/4k1p1/p4p2/1pr1p2Q/r7/3R2P1/7P/4R1K1 b - - 1 35,f8f7 d3d7 e7d7 h5f7,1153,78,91,1834,attraction crushing deflection endgame short
dRAyf,5k2/p4ppp/4b3/2r1N3/5P2/8/P1n1B1PP/3R2K1 b - - 0 25,c5a5 d1d8 f8e7 e5c6 e7f6 c6a5,1126,79,90,1387,crushing endgame fork long
gW2xO,8/r7/P2r4/1p4k1/1P6/3K1RP1/8/R7 w - - 0 48,d3e4 a7e7,1129,77,94,1826,endgame mate mateIn1 oneMove rookEndgame
evaB6,3Q1bk1/5p2/p2p2pp/1q1n4/3N1P2/7P/P4BPK/8 b - - 1 36,b5c5 d4e6 f7e6 f2c5,1124,77,95,4267,crushing discoveredAttack endgame master masterVsMaster short
42xgn,1r1r1k2/5ppQ/4pq2/1b6/8/3B4/4RPPP/1R4K1 w - - 0 30,h2h3 b5d3 h7d3 d8d3,1137,78,95,1676,crushing fork middlegame short
6ThBV,8/r3kpp1/3N3p/3pP3/p1pP4/2Pn1K1P/1P4P1/1R6 b - - 13 42,f7f6 d6c8 e7e6 c8a7,1149,76,100,491,advantage endgame fork short
90M02,3r1kr1/1bq1np2/pp1p1N1n/4p2p/Q1P4N/5P2/PPB3p1/3RR1K1 b - - 2 26,g8g5 f6h7 f8g7 h7g5 c7c5 g1g2,1129,77,95,2254,advantage fork long middlegame
BeRzM,4r1k1/5b2/p4QpP/P2p2R1/2p5/4q3/6BK/8 b - - 1 48,e3e7 f6g7,1168,79,81,592,endgame master mate mateIn1 oneMove
mcAUs,4q3/6pk/3Q3p/3Bp3/4P3/7P/2r3P1/6K1 b - - 3 39,e8g6 d5g8 h7g8 d6g6,1183,75,94,4691,crushing deflection endgame short
DiMle,2r2rk1/1b3ppp/5q2/p4N2/1p2p3/1B2Pp2/PP3P1P/2RR2QK w - - 2 25,f5d6 c8c1 d1c1 f6d6,1169,80,94,2898,advantage middlegame short
7METW,4k2r/3nbppp/3p4/8/Q3PPq1/3PB3/PP3K2/R4R2 w k - 2 24,a1c1 e7h4,1116,77,88,422,mate mateIn1 middlegame oneMove
aHgEb,r4r1k/1p2NppQ/2p2n2/3p4/p2R4/P1P1P1P1/1P2qPP1/2K4R b - - 0 22,f6h7 h1h7 h8h7 d4h4 e2h5 h4h5,1147,76,94,6840,anastasiaMate attraction kingsideAttack long mate mateIn3 middlegame sacrifice
A1wcT,3r1rk1/pp2pp1p/8/6p1/1PPbR3/1P1B1NPq/7P/2RQ1K2 w - - 3 27,f1e2 h3g2 e2e1 g2f2,1137,78,89,531,mate mateIn2 middlegame short
aUINc,r5k1/p4pp1/3q1n1p/2pP3r/2B3b1/1Q2PR1P/P1N3P1/3R2K1 w - - 1 28,h3g4 d6h2 g1f1 h2h1 f1e2 h1g2 f3f2 g2g4 e2d2 f6e4 d2c1 e4f2,1102,78,94,898,advantage deflection fork master middlegame veryLong
laObu,3r1r2/p1q1npkp/1pn1p1p1/2ppP3/5Q1P/2Pb1NP1/PP3PB1/RN2R1K1 b - - 0 15,f7f6 e5f6 f8f6 f4c7,1133,76,92,7566,crushing discoveredAttack fork middlegame short
BhWp4,2b5/5k2/p1nr2p1/1p1NN2p/4PPp1/PP6/2P2R2/5K2 b - - 1 35,c6e5 f4e5 f7e6 e5d6,1148,76,100,449,advantage discoveredAttack discoveredCheck endgame master short
58fLw,2b2rk1/4bppp/p3p3/2p1n3/3q4/1PNP1Q2/PB4PP/R4R1K w - - 0 18,c3a4 e5f3 b2d4 f3d4,1199,76,93,5675,crushing middlegame short
gppdR,rnb1r1k1/ppp1q1pp/5p2/3nN3/5P2/2P5/PPPBQ1PP/2KR1B1R w - - 0 11,e5g4 e7e2 f1e2 e8e2,1136,77,88,1392,advantage opening short
b1eOB,8/8/4p3/pp1bK2P/1p3R2/8/P4pk1/8 b - - 1 62,f2f1q f4f1 g2f1 h5h6 d5a2 h6h7,1158,76,100,791,advancedPawn advantage endgame long
gI2LW,2r3r1/p1BR1Qpk/7p/2b1NP2/8/7K/6PP/4q3 b - - 2 33,c8c7 f7g6 h7h8 e5f7,1163,75,95,7914,mate mateIn2 middlegame short
MnJJ3,5rk1/5q2/4Q2p/P3R1p1/3P4/4P1P1/3n1P1P/6K1 w - - 1 38,a5a6 d2f3 g1g2 f3e5,1163,76,98,826,advantage endgame fork short
ZD44u,2kr4/pp2b1BQ/2p1Rp2/q3n3/6n1/3P4/PPP2PPP/2K2B1R w - - 1 18,h7f5 a5e1,1193,76,97,4263,mate mateIn1 middlegame oneMove
GqYLv,6k1/2p3p1/5p2/1P1Pp3/1R2Pn2/5P1p/r2N3P/5K2 w - - 1 34,f1e1 f4d3 e1e2 d3b4,1160,76,96,19959,crushing endgame fork short
uP0OW,r1b1k2r/ppp2ppp/2nqp3/3pN3/3Pn1P1/3BP2P/PPP3P1/RN1QK2R w KQkq - 1 11,e5c6 d6g3 e1f1 g3f2,1181,79,89,839,mate mateIn2 opening short
OHB1E,1q4k1/5ppp/2r2n2/3Np3/1P2P1P1/7P/1KP1Q3/r2R3R b - - 3 27,a1d1 d5e7 g8f8 e7c6,1154,76,98,1388,advantage fork middlegame short
m1b5K,r1b2kBr/ppp3p1/2np1q1p/b5N1/4P3/B1P5/P2Q1PPP/RN2K2R b KQ - 0 11,h8g8 g5h7 f8e7 h7f6,1142,74,100,389,advantage fork middlegame short
dXbAD,2kq3r/pp3pQ1/4p3/2p1r2b/2Pp1B2/3P3P/PP3P2/R2R2K1 w - - 1 24,f4e5 h8g8 g7g8 d8g8,1187,76,88,330,advantage middlegame pin short
jVPLx,2k4r/pppr1ppp/2n5/4P3/1bB2P1Q/2N1B3/PPq3PP/R3K2R w KQ - 1 17,h4f2 b4c3 b2c3 c2c3,1139,77,95,1761,crushing middlegame short
FECPA,2r2rk1/5p1p/4p1p1/1B1p2q1/p2P1n2/P1P4P/1P1R1PP1/3QR1K1 w - - 3 29,d1g4 f4h3 g4h3 g5d2,1188,75,97,2060,advantage discoveredAttack kingsideAttack middlegame short
9l6MX,r1b1r1k1/pp1p1pp1/3B2qp/1P6/P7/8/2P2PPP/R2Q1RK1 w - - 3 18,f1e1 e8e1 d1e1 g6d6,1159,76,88,325,advantage middlegame short
02Cy0,r2q3r/1p3Qpk/2p2n1p/p2n1N1P/3P1P2/2P5/PP1B2P1/2K1R3 b - - 4 25,d8g8 f7g6,1118,76,100,525,mate mateIn1 middlegame oneMove
Hm4V4,2r2rk1/p4ppp/1p1bp2N/2p5/2P1b3/6RP/PBP2PP1/1R4K1 b - - 4 20,g8h8 b2g7,1101,76,95,2327,kingsideAttack mate mateIn1 middlegame oneMove
LXIl2,r2r2k1/7p/5Qp1/n4pN1/4p3/8/bPP2PPP/2K4R w - - 0 27,f6e7 a5b3 c2b3 a8c8 e7c5 c8c5,1155,76,96,1338,long mate mateIn3 middlegame queensideAttack sacrifice
JbYbH,r4rk1/5Rpp/8/1p6/5R2/pq2PQ2/5KPP/8 b - - 0 33,f8f7 f3a8 f7f8 f4f8,1132,77,100,952,endgame hangingPiece mate mateIn2 short
xEhPy,r1b1k2r/p1p2ppp/2pP4/3p4/8/1P2P1q1/PBPP4/RN1QK1NR w KQkq - 0 11,e1e2 c8g4 e2f1 g4d1,1182,77,95,25971,crushing middlegame short skewer
1IOMB,r4rk1/1p2ppB1/p2p2pn/2pN3p/2P4P/1P1PPbPq/P3NP2/R2QR1K1 w - - 1 16,e2f4 h3h1,1198,78,93,1113,master mate mateIn1 middlegame oneMove
6sQTt,8/5p1p/p3bk2/1p6/5N1P/P4RP1/1r3P2/6K1 b - - 8 32,f6e5 f4d3 e5d4 d3b2,1139,76,90,415,crushing endgame fork master short
kTYmL,6R1/p1k1bp2/8/1pPp4/1P1Pp3/1N3q2/8/R1K5 b - - 5 33,f3b3 a1a7 c7c6 g8c8,1153,78,95,1412,endgame mate mateIn2 short
u03bG,r1bqk2r/ppp2ppp/2n1p3/2b5/8/2QP2P1/PP2PPBP/R1B1K1NR b KQkq - 0 8,c5b4 g2c6 b7c6 c3b4,1129,74,95,990,advantage opening short
kYhKk,r2qk1nr/1ppb1p1p/p5p1/3Q4/2P5/2P1P3/P3BPPP/R3K2R b KQkq - 0 12,d7c6 d5e5 e8f8 e5h8,1120,77,86,533,advantage fork middlegame short
9DTgK,1r4k1/5p1p/6pb/1N1q1P2/3P4/1R1Q4/5P1P/6K1 b - - 0 28,g6f5 d3g3 g8f8 g3b8,1109,76,97,2865,crushing endgame fork master short
V78rU,8/5Rkp/4B1p1/4p1P1/3p4/2n2P2/5r2/K7 b - - 0 37,g7h8 f7f8 h8g7 f8g8,1166,76,80,455,endgame mate mateIn2 operaMate short
ZrN4k,7k/p2r1B2/2p3PB/1p4P1/8/b7/1pK5/8 b - - 0 36,d7e7 g6g7 h8h7 g7g8q,1145,79,95,9028,advancedPawn endgame master mate mateIn2 promotion short
JOoY6,8/ppr3p1/7p/8/P5P1/2r1pK1k/R1P5/6R1 b - - 1 33,c3c2 g1h1 c2h2 h1h2,1149,78,95,4425,endgame mate mateIn2 rookEndgame short
7ma99,r1b2rk1/1p4pp/p1q1p3/2p5/P2p1P2/3P4/1PPQB1PP/R1B3K1 b - - 1 17,b7b6 e2f3 c6f3 g2f3,1162,76,83,471,advantage middlegame short
N3F9L,3r2r1/p1R5/1p3p2/3k1b1p/1B2pP2/P5P1/7K/4R3 b - - 0 31,d8c8 e1d1 d5e6 d1d6,1159,75,96,10029,endgame mate mateIn2 operaMate short
PkZSe,8/p1rk1qp1/4p3/3pN3/P2PnP2/B7/6PP/1R4K1 b - - 0 30,d7e8 b1b8 c7c8 b8c8,1126,76,98,572,endgame mate mateIn2 pillsburysMate short
UAkbD,r1b1kb1r/pp3ppp/8/q3P3/3pNBn1/6P1/PP2PPBP/R2QK2R w KQkq - 1 12,d1d2 f8b4 e1g1 b4d2,1120,77,88,603,advantage middlegame pin short
kLurE,4r3/2R5/5pkp/3p2p1/1p1Pn3/3QP2P/1P2NqPK/8 b - - 1 34,g5g4 e2f4 f2f4 e3f4,1115,75,100,328,crushing endgame master short
KbLqy,8/1Kb5/8/8/8/4N1p1/8/6k1 w - - 0 60,b7c7 g1f2 e3f5 g3g2,1101,75,97,1071,advancedPawn crushing endgame knightEndgame short
BQPFb,r6N/pp1n4/2p1b3/4kpbR/2P1n3/1P2PK2/P5BP/3R4 b - - 2 29,d7f6 h8g6,1100,78,90,1577,mate mateIn1 middlegame oneMove
wnwCO,3r2k1/5p1p/p6p/3R1NP1/1p6/nP3P2/P1r5/K3R3 b - - 0 34,d8d5 e1e8,1135,76,97,1745,endgame master mate mateIn1 oneMove
rMPxs,6rk/3R1p1p/5q2/1p3n2/3p1Qr1/1B1P3P/1P3P1K/4R3 w - - 0 36,h3g4 f6h4 h2g2 g8g4,1159,77,95,6352,advantage intermezzo master masterVsMaster middlegame short
Irje6,r5k1/3bn1p1/p1n1p2p/1p1pP3/3P4/P1N1K3/6PP/1B2NR2 b - - 1 24,a8f8 b1h7 g8h7 f1f8,1108,76,100,676,advantage deflection kingsideAttack middlegame short
BFqzo,r3r1k1/pp3ppp/2p1b3/2b1p3/6P1/2qB1QB1/P1P2PP1/R4RK1 b - - 2 17,a8d8 d3h7 g8h7 f3c3,1141,80,94,2204,crushing discoveredAttack middlegame short
ezNzq,4r1k1/5p2/R1p3p1/2Bp1n2/3P4/1PP2R1P/4rP2/5K2 w - - 1 34,a6c6 e2e1 f1g2 f5h4 g2h2 h4f3,1146,75,96,1061,advantage endgame fork long
gyPLT,r4k2/6pQ/1q2p1B1/3p1p2/1b1P4/2r1P2P/5PP1/5RK1 b - - 0 39,b6b7 h7h8 f8e7 h8g7 e7d6 g7b7,1132,78,95,1483,middlegame
n0Fmf,8/1q4k1/6p1/1Np5/P4Q2/1PN3P1/5PK1/4r3 w - - 7 40,f4f3 e1g1 g2h2 b7f3,1132,75,94,1860,advantage deflection endgame short
clWeA,r4k2/ppp2prp/1b2b3/5q2/2N4Q/2P2N2/P4PPP/R3R1K1 b - - 0 18,e6c4 h4e7 f8g8 e7e8 a8e8 e1e8,1143,77,94,3411,backRankMate long mate mateIn3 middlegame sacrifice
sle29,2k2b1r/ppp3pp/6b1/7n/4N3/1B4N1/PPP2PPP/2KR4 b - - 0 18,h5g3 b3e6 c8b8 d1d8,1114,76,100,455,backRankMate mate mateIn2 middlegame short
GVeP2,8/kpp5/p7/4P3/3P1QB1/7p/2q4K/8 w - - 0 48,h2g3 c2g2 g3h4 h3h2 f4h2 g2h2,1151,76,94,6990,advancedPawn crushing endgame long
5wZoR,q4r2/6kp/5rp1/8/3Q2PP/4NP2/2P2K2/3R3R w - - 0 29,g4g5 a8f3 f2e1 f3f2,1147,78,93,319,mate mateIn2 middlegame short
Y7An5,r2q1rk1/pb3ppp/1p2p3/3nP3/1b1PNB2/3Q1N2/P4PPP/RB3RK1 b - - 0 18,d5f4 e4f6 g7f6 d3h7,1115,77,84,1031,discoveredAttack kingsideAttack mate mateIn2 middlegame sacrifice short
UYZYH,r2k1b1r/1p2pB2/p5R1/4B3/5N2/2NP1qpp/PPP5/R3Q2K w - - 2 24,h1g1 h3h2,1183,75,100,464,advancedPawn mate mateIn1 middlegame oneMove
J3m1m,5r2/pp1R1pk1/2p3p1/8/8/PB4P1/1P3RPK/4r3 w - - 2 29,b3f7 f8h8,1118,75,100,398,endgame mate mateIn1 oneMove
sKCUQ,2rRk1nr/1p2b1pp/p1n1b3/8/8/5N2/PP2QPPP/R1B3K1 b k - 0 15,c8d8 e2e6 d8d1 f3e1,1110,76,97,2440,crushing hangingPiece middlegame short
vF6TH,4kr2/4n1Qp/2p2pp1/3pq3/2P5/1K3B2/3N1P1P/r2R3R b - - 6 25,d5c4 d2c4 e5b5 b3c3 a1c1 d1c1,1143,76,100,316,crushing long middlegame
MUgd1,8/3R2p1/p5nk/7p/2K1Q3/2P2P2/PP6/5q2 w - - 1 46,c4b3 f1b5 b3c2 b5d7 e4e3 h6h7,1130,77,89,539,crushing endgame fork long master
nR6FL,2b1k3/p1pnr1pp/8/2pR4/2P5/1P6/PK1R2PP/8 b - - 15 32,e7e5 d5e5 d7e5 d2e2 e8e7 e2e5,1188,78,88,528,crushing endgame long pin
Ojfgr,1k5r/2p1q1p1/pp6/3QN3/P3p1P1/2P1P3/1P2K2r/3R1R2 w - - 2 33,e2e1 e7h4 f1f2 h4f2,1130,75,100,992,attackingF2F7 mate mateIn2 middlegame short
bIsq8,2rq1rk1/p3bppp/2n1b3/3QPp2/1P1P4/P1N2N2/3B1PPP/R3K2R w KQ - 3 18,d5b5 c6d4 f3d4 d8d4,1134,78,95,13255,advantage middlegame short
GNQR4,r5n1/pbp2Q1k/1p1p3b/3Pp1q1/2P1P2N/2N5/PP2B1PP/6K1 b - - 0 21,g5g7 f7f5 h7h8 h4g6 g7g6 f5g6,1169,75,96,5384,advantage exposedKing long middlegame
IpT4z,k2r3r/7p/1P4pb/1qPp4/4p3/Q4b2/1PP2P1P/4K3 b - - 1 27,a8b7 a3a7 b7c8 a7c7,1132,76,95,587,endgame mate mateIn2 short
WkYDI,3n4/2p1n1k1/5q2/1pNp2p1/1P1P2B1/P2QP1P1/3RKP1r/8 w - - 17 42,d3b5 f6f2 e2d1 f2d2,1154,75,97,805,mate mateIn2 middlegame short
MjJMT,8/1pp4B/8/3pP1bk/5r2/pPP5/P7/2K3R1 w - - 1 39,g1h1 f4h4 c1c2 h4h1,1126,77,96,1131,crushing discoveredAttack discoveredCheck endgame short
F8LSN,r4rk1/ppp3pp/2n5/4p3/2P2Pn1/1PQP2P1/PB2R1Bq/R4K2 b - - 3 23,c6d4 g2d5 g8h8 e2h2,1196,76,96,4542,advantage discoveredAttack middlegame short
hmOwx,r1b2rk1/ppp3p1/7p/4Ppq1/4B3/4PQP1/PPP2PP1/R3K2R w KQ f6 0 16,h1h5 f5e4 f3f8 g8f8 h5g5 h6g5,1113,78,94,1700,advantage long middlegame
LMMD8,8/6pp/4B1k1/5R2/p3Pp2/n6P/5rPK/8 b - - 1 37,a3c2 e6f7 g6h6 f5h5,1146,77,88,1024,endgame mate mateIn2 operaMate short
bMsB5,1r3r1k/5p2/p3p2R/3n4/8/P1p2R2/2B2P2/5K2 b - - 0 33,h8g7 h6h7 g7g8 f3g3,1151,76,100,332,endgame mate mateIn2 short
KUv8F,4r2k/1p1R4/2p5/1pp4P/2b2p2/P1P2B2/1P4PP/6K1 w - - 0 32,h5h6 e8e1 g1f2 e1f1,1147,76,100,409,endgame mate mateIn2 operaMate short
2Q9dS,5k1r/5pp1/p3p2p/1p5n/8/P1r1NP1P/5K2/3RR3 b - - 5 31,f8e7 e3d5 e7e8 d5c3,1161,75,95,1509,advantage endgame pin short
kJRaN,2rkr3/p1pnq3/1pR5/3P1p1p/6p1/P3P3/Q4PPP/2R3K1 b - - 0 26,d7b8 d5d6 e7d6 c6d6,1165,75,89,329,advantage middlegame short
xrvCo,4r1k1/1p2pq1p/5ppB/1p4P1/4N3/1P2Q2K/r6P/4R3 b - - 0 32,f6f5 e4f6 e7f6 e3e8 f7e8 e1e8,1115,75,99,1524,middlegame
vRFvv,r3k2r/4pp1p/p1p2bpB/q2p1b2/8/1RNQ1N1P/P1P2PP1/1R4K1 w kq - 2 19,b3b8 a8b8 b1b8 e8d7,1179,80,91,15857,advantage defensiveMove middlegame short
o0yDD,2kr3r/1p3p1p/pp2p1p1/2qnQ3/5P2/1NPP4/PP3P1P/1K1R2R1 b - - 3 21,c5b5 c3c4 b5d7 c4d5,1190,77,88,1986,crushing fork middlegame short
rb4jX,3r4/p3Rpk1/1p3qp1/2pB3p/2Pb4/1P4PP/P3QP2/6K1 b - - 2 29,g7f8 e7f7 f6f7 d5f7,1122,75,96,4738,crushing endgame fork short
BvDwF,6k1/5p2/1P4p1/p4r1p/P3Q3/8/1q3PPP/4R1K1 w - - 1 41,b6b7 b2f2 g1h1 f2f1 e1f1 f5f1,1102,75,100,361,backRankMate endgame long mate mateIn3 sacrifice
JhyPb,3r4/1p2bR2/6kp/p5q1/1P6/P2p1KP1/B1r4P/Q7 b - - 2 35,h6h5 a1g7,1170,77,89,477,mate mateIn1 middlegame oneMove
CSPPY,r3kb1r/ppp2pp1/2nq1np1/8/4p3/2NP4/PPP1BPPP/R1BQ1R1K w kq - 0 11,d3e4 d6h2,1193,76,99,3421,kingsideAttack mate mateIn1 oneMove opening
k7QWb,4k3/p4R2/1p4Pr/2p1BP2/P1P5/1b3P2/6K1/8 w - - 3 51,f5f6 h6g6 g2f2 e8f7,1167,77,86,2137,crushing endgame short
xcwRi,8/6R1/8/p4K2/6Pk/r7/8/8 b - - 0 49,a3a1 g7h7 h4g3 g4g5,1194,77,88,388,crushing defensiveMove endgame rookEndgame short
THYHc,r1b2rk1/pp3ppp/3p4/3Np3/3nQ3/5PP1/PPPN4/2KR1B1q b - - 2 15,c8f5 d5e7 g8h8 e7f5,1183,76,100,356,advantage kingsideAttack middlegame short
O3fc4,2r5/p5kp/1p1qB1p1/2b5/2Q5/6P1/PP5P/1R5K w - - 0 28,e6c8 d6c6 c4e4 c6e4,1149,77,93,347,endgame fork mate mateIn2 short
TER4C,3r3k/2p1PRpp/pp1b4/3Q4/8/7P/PPP3P1/4q1BK b - - 2 31,d6e7 d5d8 e7d8 f7f8,1182,77,95,18420,backRankMate endgame mate mateIn2 sacrifice short
1gh0x,rr4k1/2R2ppp/8/1P6/2QpPp2/5P1P/6PK/2q5 b - - 0 30,c1e1 c4f7 g8h8 f7g7,1119,77,88,322,endgame mate mateIn2 short
wGfUA,5br1/1Rpk2q1/N1pp1p2/4p3/P3P2p/2PPBpP1/5P1P/R5K1 b - - 1 26,h4g3 b7c7 d7e6 c7g7,1257,78,93,869,crushing middlegame short skewer
eWbpk,8/5p2/6pp/p3k3/8/P1nK2PP/2N2P2/8 b - - 5 40,c3e4 f2f4 e5e6 d3e4,1285,75,86,420,crushing deflection endgame knightEndgame short
MmF6G,8/6p1/3R3p/3pr1k1/6P1/6K1/7P/8 b - - 2 51,h6h5 h2h4,1202,77,84,532,endgame master masterVsMaster mate mateIn1 oneMove rookEndgame
bTX2u,rn3rk1/pp2qp2/2p2n1p/4b3/4N2p/3B1Q1P/PPP2PP1/3RR1K1 b - - 2 16,f8e8 e4f6 e7f6 f3f6 e5f6 e1e8,1249,77,98,7553,crushing fork long middlegame
80MCJ,8/5k2/p6p/3q2p1/3P4/5P2/4Q1PP/6K1 w - - 0 33,e2e4 d5e4 f3e4 a6a5 g1f2 a5a4 f2e3 a4a3,1273,79,92,740,crushing endgame queenEndgame quietMove veryLong
fSXiY,8/6k1/1n6/1K4pp/8/P2N1p1P/8/8 w - - 0 46,b5b6 g5g4 h3g4 h5g4 d3e5 f3f2 e5g4 f2f1q,1280,80,89,726,advancedPawn crushing endgame knightEndgame master promotion veryLong
Fdh1C,2kr1b1r/1b1q4/1Q1pp2p/3pP3/1R1P2p1/8/2P2PpP/R3N1K1 b - - 0 29,d6e5 a1a8 b7a8 b6b8,1291,75,96,1291,mate mateIn2 middlegame queensideAttack sacrifice short
OFO2A,2r3k1/p1r2pp1/b3p2p/1qNp1n2/QP1P4/2R2N2/P4PPP/2R3K1 w - - 5 27,a4a6 b5a6 c5a6 c7c3,1254,80,92,798,advantage middlegame short
9zDtb,8/K7/P7/8/5kp1/2n5/7P/8 b - - 0 48,c3d5 a7b7 g4g3 h2g3,1281,74,100,1746,crushing endgame knightEndgame short
gc5aS,4k3/5p2/5P2/2PP3p/1R1B1KbP/3r4/p7/8 w - - 3 36,f4e5 d3d4 b4b8 e8d7,1271,75,90,1320,advantage endgame short
ngLF0,2r4k/1p2Rpp1/p7/8/3R4/5P1P/Pr3P2/6K1 b - - 1 25,c8c2 d4h4 h8g8 e7e8,1218,75,99,3040,endgame mate mateIn2 rookEndgame short
Am8g7,8/p1p3k1/8/1p4PP/1P4K1/P2b4/2p5/4R3 w - - 1 42,e1e7 g7f8 e7e1 d3e2 e1e2 c2c1q,1251,76,92,859,advancedPawn advantage defensiveMove deflection endgame long promotion
XNfUw,r2q3r/pp3k2/2nbpBp1/3p1p2/8/2NB2Q1/PP3PPP/R3K2R b KQ - 0 18,d8f6 g3d6 f6e5 d6e5,1205,76,80,327,advantage hangingPiece middlegame short
77HoR,8/R6p/4p1pk/4P3/5PP1/2b4P/p3r1NK/8 b - - 0 47,a2a1q g4g5 h6h5 a7h7,1299,75,83,457,deflection endgame mate mateIn2 short
ZwV9J,8/5ppp/1rk5/8/4K3/1R5P/6P1/8 w - - 0 49,b3b6 c6b6 e4d5 b6c7,1297,76,86,1239,advantage defensiveMove endgame master short
IT4zN,2b2rk1/p5bp/6pq/8/8/2P1NNP1/PP3P2/3QRRKr w - - 1 31,g1g2 h6h3,1259,74,100,1092,mate mateIn1 middlegame oneMove
1cmqN,r2qkb1r/2p2pp1/p1p2nbp/4p3/4P1P1/2NP1N1P/PPP5/R1BQ1RK1 w kq - 1 12,f3e5 d8d4 g1g2 d4e5,1275,75,91,1052,advantage fork middlegame short
KEppk,4k2r/4n3/n4pp1/1p2p2p/q3P3/2QPPB2/6PP/R5K1 b k - 4 29,a4b4 c3b4 a6b4 a1a8 e8f7 a8h8,1288,75,99,1866,advantage exposedKing long middlegame skewer
HDKOn,6k1/5P2/4K1P1/4B3/8/8/8/5r2 b - - 0 71,g8f8 g6g7,1206,77,100,1693,advancedPawn endgame mate mateIn1 oneMove
smtRJ,r1bq1r2/5Nk1/p1npp1B1/1pp5/2P1P2P/2nP4/PP1Q4/2K4R b - - 0 17,d8f6 d2h6 g7g8 h6h7,1223,77,87,1192,mate mateIn2 middlegame short
QZaR7,2rq2k1/pb2br1p/1pn2p2/2p1nN1Q/2Pp4/P2P1N1P/1P2BPP1/R3K2R b KQ - 4 20,e5g6 f5h6 g8g7 h6f7,1261,77,86,1630,advantage fork middlegame short
QdQzT,2rr2k1/p3p2p/6p1/5p2/8/1Pq2PP1/PQ2P1KP/1R3R2 w - - 0 25,f1c1 c3b2 b1b2 c8c1,1204,79,92,582,capturingDefender crushing discoveredAttack endgame master masterVsMaster pin short
pm3Ka,3rk2r/ppp2pp1/2n2n2/2b5/4q1bp/3P1B2/PPP3PP/R1BQNR1K w k - 0 18,f3e4 g4d1 e4c6 b7c6,1291,76,87,511,advantage hangingPiece middlegame short
cFCUG,2r3k1/p2Q1pp1/7p/8/8/1P3P1P/q5P1/4RK2 b - - 1 31,c8c2 e1e8 g8h7 d7f5 g7g6 f5f7,1268,75,98,6745,endgame long mate mateIn3
1KLH0,1k1r3r/2pq2p1/Qp3p1p/3n4/3p4/1P5P/1PP2PP1/R4RK1 b - - 0 21,c7c5 a6a8 b8c7 a1a7 c7d6 a7d7,1229,76,89,844,crushing exposedKing long middlegame queensideAttack skewer
pfed8,8/7p/3pk1pB/2b5/6PP/p7/Pr1RK3/8 b - - 0 44,e6e5 h6g7 e5f4 g7b2,1280,74,98,6735,crushing endgame master masterVsMaster short skewer
cDpvG,1Qr4k/3q2pp/5r2/p1BR1p2/3p1b2/3P4/P4PPP/1R4K1 b - - 5 27,c8b8 b1b8 f4b8 d5d7,1275,79,91,1416,crushing middlegame short
GdcOc,8/8/p2q4/1p1p2k1/2pQ4/2P3P1/P3K2P/8 b - - 0 42,d6e6 d4e3 g5f6 e3e6,1256,78,81,314,crushing endgame queenEndgame short
Ul1Ua,5rk1/pp1R1Qpp/1r6/q7/8/P3P2P/1PP3P1/2K2R2 b - - 0 20,f8f7 d7d8 f7f8 f1f8,1205,76,85,387,endgame mate mateIn2 queenRookEndgame short
yc1vE,1q5k/7p/5Qp1/r1P1p3/3pPp2/3B1P1P/6P1/6K1 b - - 1 39,h8g8 d3c4,1235,77,98,2043,endgame master mate mateIn1 oneMove
bznZQ,6k1/ppq2ppp/2pb4/3p4/3P4/3B3Q/PPP2PK1/4r3 b - - 1 24,c7e7 h3h7 g8f8 h7h8,1261,79,94,2716,endgame mate mateIn2 short
2XPsQ,2r3k1/2rqppbp/6p1/1R6/2nPN3/2PQB2P/5PP1/5RK1 w - - 7 24,b5c5 c7c5 e4c5 c8c5,1276,75,94,12014,crushing middlegame short
BFQ9J,3r3k/Q4p2/6p1/5N2/1P2P1R1/P6P/3q1rPK/8 w - - 3 38,a7f7 f2g2 g4g2 d2f4 f5g3 f4f7,1275,75,97,4625,advantage endgame long sacrifice
w1H2z,r1b2k2/p2r4/1q2p1Q1/2ppPnN1/3P4/1P6/P4P1P/RN3RK1 w - - 0 22,g5e6 b6e6 g6e6 d7g7 g1h1 c8e6,1292,80,93,1226,advantage discoveredAttack long middlegame sacrifice
Fh4GD,8/1R2kp2/3p4/3B4/1P3PK1/6P1/1r1r4/8 b - - 6 44,e7f6 b7f7 f6g6 f4f5 g6h6 f7f6,1212,80,80,452,crushing endgame exposedKing long
03rSW,2br3k/p3R1pp/1bp5/8/2BnP3/2N3B1/P2K2PP/8 w - - 5 27,g3e5 d4f5 d2c2 f5e7,1289,75,97,4269,advantage discoveredAttack discoveredCheck master middlegame short
N9YbU,8/8/7p/6q1/5Q2/6PK/2k5/8 b - - 6 57,c2d3 f4g5 h6g5 h3g4 d3e4 g4g5,1275,78,89,749,crushing endgame long queenEndgame
aJmgD,r5k1/2pN2p1/P1p4p/3p4/1P1q4/7P/6P1/4Q2K b - - 6 40,a8a6 e1e8 g8h7 d7f8,1266,76,93,891,crushing endgame short
RILrh,8/8/8/1p3r2/1R4k1/P4p1p/5P1K/8 b - - 5 54,f5f4 b4f4 g4f4 h2h3 f4g5 h3g3,1262,75,99,2019,crushing endgame long rookEndgame
TFZAp,2kr4/Bp3ppp/3pr3/Q1P1q3/8/5P2/P3n1PP/R4R1K w - - 1 24,a7b6 e5h2 h1h2 e6h6,1283,78,93,2684,anastasiaMate attraction kingsideAttack master mate mateIn2 middlegame sacrifice short
VFNvp,6k1/6p1/p6p/3p3P/b2P4/1qp5/B5PK/Q7 b - - 1 37,b3b2 a2d5 g8h8 a1a4,1203,79,93,580,advantage discoveredAttack endgame short
zHnvf,r1b3k1/ppp2ppp/1Pp5/8/3Pr3/2P2Pq1/1P2K3/RNBQ1B1R w - - 0 14,f3e4 c8g4 e2d2 g4d1 d2d1 g3f3,1299,79,96,11722,advantage attraction long middlegame skewer
ebPlA,8/pp1n3p/2p3pB/2Pk4/1P1P3r/P3RK1P/8/8 w - - 8 34,h6g7 h4h3 f3e2 h3e3,1276,77,93,432,advantage endgame short
iUeRt,7R/p7/K7/P1P5/1Pr5/6k1/7p/8 w - - 3 51,a6b5 c4h4 h8h4 g3h4,1220,74,94,20136,crushing endgame master rookEndgame short
JrfGs,r1b1r1k1/ppp2ppp/2n5/8/7q/2B2Q2/PP2BPPP/3R1RK1 b - - 5 15,c8g4 f3g4 h4g4 e2g4,1278,80,93,4263,crushing middlegame short
lal4G,r1b2rk1/pp3p1p/4p1p1/1B1pn3/8/2N4P/PP3PP1/R3R1K1 b - - 1 18,c8d7 e1e5 d7b5 c3b5,1217,75,100,703,advantage hangingPiece middlegame short
Z3Vch,2B5/3Q1kp1/pp3p2/4q2p/P1n5/4B3/1P3PPb/5K2 b - - 5 29,e5e7 d7d5 f7f8 d5c4,1272,78,93,2601,crushing endgame fork short
lXC7U,1k6/1p5p/p1b1p1r1/2R4N/1P2q3/5N2/P2QBP1P/4R2K w - - 1 30,c5e5 e4f3 e2f3 c6f3,1243,76,98,2497,mate mateIn2 middlegame morphysMate sacrifice short
yt9X8,8/2P1kpp1/b2bp2p/B7/PpB1n2P/8/1PP2PP1/6K1 b - - 2 28,d6c7 a5b4 e7d7 c4a6,1242,76,87,343,advantage endgame short
rTO98,r1b3rk/2pqbp1p/p1pp3p/4P3/3P4/2N2N1P/PP3PPK/R2QR3 w - - 6 16,d1e2 g8g2 h2g2 d7h3,1244,80,92,1172,attraction crushing middlegame sacrifice short
Bk8Wt,5r1k/pp1Q2p1/2p4p/2P5/1P6/P6P/4q1P1/3R3K w - - 2 34,d7d3 f8f1 d1f1 e2d3,1265,78,91,1865,crushing deflection endgame short
wfaXE,3r1rk1/pp1Nqppp/2p1pn2/8/8/2BQ4/PPP2PPP/3R1RK1 b - - 0 19,d8d7 c3f6 e7f6 d3d7,1257,79,92,688,advantage capturingDefender middlegame short
HKC49,5bk1/6pp/p3p3/2pbB3/5NQ1/2P2P2/r1q3PP/4R1K1 w - - 1 36,f4d5 c2f2 g1h1 f2e1,1274,75,87,364,fork master mate mateIn2 middlegame short
pcRqb,2rqnrk1/p2nbp2/bp2p1p1/2pp2P1/3P1PN1/2P1P2Q/PP1N3P/R1B1K2R b KQ - 1 15,e8g7 g4h6 g8h8 h6f7,1295,75,97,2057,advantage deflection discoveredCheck doubleCheck kingsideAttack opening short
K5bEA,2r3k1/3N1r1p/pp2p1pq/2p5/4Qn2/2P5/PP3PPP/3RR1K1 w - - 3 28,g2g3 f4h3 g1g2 f7f2,1230,76,85,452,crushing discoveredAttack kingsideAttack middlegame short
zoDdt,8/3k4/5P2/4R1B1/8/3KP3/5b1p/7r w - - 0 58,f6f7 h1d1 d3c2 h2h1q,1285,76,100,1146,advancedPawn clearance crushing endgame promotion short
nrSda,1k1r4/ppp2ppp/4b3/8/2P2P2/1P3BP1/P2q1P2/1Q3RK1 b - - 4 23,d8d3 f1d1 d2d1 f3d1,1214,78,93,4091,crushing endgame short
I7BCu,8/2p3p1/7p/3p4/R3k3/4Pr1P/PPP5/2K5 b - - 4 32,e4e3 a4a3 e3f4 a3f3 f4f3 a2a4,1293,75,95,8828,crushing defensiveMove endgame long rookEndgame
KBPVO,R7/5pkp/1p2r3/p4p2/8/Pn1P1B1P/1P3PP1/5K2 w - - 6 33,f3d5 b3d2 f1g1 e6e1 g1h2 d2f1,1253,76,83,438,advantage endgame long
NWJ9v,2r3k1/pp1q3p/2p3p1/3pPrP1/4pPQ1/6P1/PP6/R3R2K b - - 2 23,f5f7 e5e6 d7e8 e6f7,1269,74,96,19224,advancedPawn crushing endgame fork short
Yi05r,2rr2k1/p3qpbp/2b2np1/2Np4/PB6/1P2PP2/3Q2PP/1BR1R1K1 w - - 1 22,c5e4 d5e4 b4e7 d8d2,1295,78,82,431,advantage discoveredAttack middlegame short
ORKrG,4r3/5k2/p5pp/1p2N3/4n1q1/P1P4b/1P3PP1/2R1R1K1 b - - 1 30,f7f6 e5g4 h3g4 f2f3,1214,76,89,1230,advantage middlegame short
7QRac,6k1/p3Q2p/1p3pp1/8/5P1K/6P1/2P3qP/8 w - - 6 42,e7f6 g2h2 h4g4 h2h5,1230,78,88,1755,endgame mate mateIn2 queenEndgame short
gAH83,2b5/1p4R1/r7/p2p3R/p2Bk3/7P/5PP1/6K1 w - - 3 35,g7g4 c8g4 h3g4 e4d4,1280,77,94,1059,crushing endgame short
KefHe,5rk1/2p3pp/p3p3/2P2q2/3B1P2/2P2Q1P/PP1r2P1/R5K1 b - - 2 23,f5f4 f3f4 f8f4 d4e3 d2b2 e3f4,1287,79,91,361,attraction crushing endgame fork long
gmOta,r2qr1k1/ppp2pb1/8/4n2Q/4p1bP/PB2P3/1PP2PP1/RNB1K2R w KQ - 1 15,h5g5 d8d1,1267,76,97,11229,mate mateIn1 oneMove opening
iVfJJ,5rk1/4Q2R/5q2/3p4/5bb1/3B1Np1/P2N2K1/8 b - - 2 29,g4f3 d2f3 f6e7 h7e7,1285,76,83,1080,advantage middlegame short
Ef2J1,r4rk1/pp3p1R/3p1q2/4P3/3p4/3B4/PPP5/3K3R b - - 0 30,f6e5 h1g1 e5g3 g1g3,1237,76,94,2031,endgame mate mateIn2 short
kxa0B,2q4k/pb6/1p4Bp/4r3/4p3/1QP1P2p/PP5K/3R4 b - - 1 31,e5g5 b3f7 g5g2 h2h1 g2g6 f7g6,1287,77,93,2037,advantage endgame long
JMoFI,r4b1r/N1R3pp/p7/n2kP1N1/2pP4/1nP1B3/1P4PP/6K1 b - - 3 25,h7h6 c7d7 f8d6 d7d6,1227,76,99,1944,mate mateIn2 middlegame short
MYDQ8,2rq1r1k/pp4bp/4b1p1/5p1P/2N1p3/4P1B1/PP2QPP1/R3K2R w KQ - 3 18,h5g6 e6c4 h1h7 h8g8 h7g7 g8g7,1284,79,94,1134,advantage long master middlegame
TsWKt,4r1k1/p1q1r1pp/2p2p2/1p1p1bn1/3P4/2PB1N1P/PP3PP1/R2QR1K1 w - - 2 20,d3f5 g5f3 g2f3 e7e1 d1e1 e8e1,1262,76,82,1681,advantage fork long middlegame
8NaxS,3r4/1pk3p1/p1p1Bb1r/4pP2/1q2N3/P5Q1/1PP5/2K1R3 b - - 0 34,b4b6 e4f6 g7f6 g3g7 c7b8 g7h6,1282,75,98,897,advantage fork long middlegame pin
3E30m,r4r2/pppqnpp1/2npN1k1/2b1Pb2/5P2/3p2Q1/PPP3PP/RNB2R1K b - - 3 13,g6h7 g3g7,1270,79,91,1337,mate mateIn1 middlegame oneMove
AcE7y,r7/1ppk4/r1np4/4p1pp/1P1bPP2/PK1P1P2/3BQ2P/2R4R w - - 1 29,c1a1 d4a1 h1a1 c6d4 b3b2 d4e2,1298,76,83,301,advantage fork long middlegame
oXbAR,5Q2/B4ppk/4p2p/3pP3/3Pq2N/7P/5nP1/6K1 w - - 6 39,f8f7 e4e1 g1h2 e1h1 h2g3 f2e4,1240,77,93,2595,advantage endgame long
duGbg,1r1n4/4k2p/1PK2pp1/1P6/1P6/R4P2/b5PP/5B2 w - - 9 39,c6c7 b8b7 c7c8 a2e6,1267,78,87,2351,endgame mate mateIn2 short
fE8Bv,8/8/p1p5/4B3/P1P3p1/1P1k2Pp/5K1b/8 b - - 2 41,d3c2 b3b4 c2b3 b4b5,1297,77,85,1474,bishopEndgame crushing endgame quietMove short
lJdXz,r1b1kr2/1pp2pQp/2P1p3/q3P3/2p1p3/8/3RKPPP/7R b q - 1 21,a5c3 d2d8 e8d8 g7f8,1259,78,97,21094,attraction deflection mate mateIn2 middlegame short
V2zdK,3r3k/p1p3p1/1p2B2p/2bP4/P1P1r3/8/6PP/1R3R1K b - - 2 24,e4c4 d5d6 c4a4 d6c7,1269,76,88,1845,advancedPawn advantage endgame short
j2nBm,r4rk1/pp3ppp/3q4/1Q1N2n1/3R4/2P5/PP4PP/5K1R b - - 0 16,g5e6 d5f6 g7f6 d4d6,1254,78,88,1460,crushing discoveredAttack master middlegame short
72Yj1,4r2k/p2q2p1/5p1p/8/1PQN4/P2P3P/2P2PP1/6K1 w - - 4 25,c4c6 e8e1 g1h2 d7d4 c6a8 h8h7,1297,76,92,1193,advantage defensiveMove endgame long
IkxwB,r2q1rk1/p1p2p1p/2p1pp1Q/4P3/3P4/5N2/PP3PPP/R4bK1 b - - 1 15,f1d3 e5f6 d8f6 h6f6,1240,80,94,3892,crushing middlegame short
mksu3,5r1k/pb6/1p2R1p1/1B1pN1r1/3Pn3/8/PP3P1P/4R1K1 w - - 3 30,g1f1 f8f2,1277,77,88,321,master mate mateIn1 middlegame oneMove
uL3Zf,8/8/4pk2/8/3PKP2/B7/npr5/7R w - - 2 52,h1b1 a2c3 e4d3 c3b1 d3c2 b1a3,1293,76,95,11645,crushing endgame fork long
OHLJo,r3kb1r/1pp1qppp/p1npbn2/3Np3/2B1P3/P6P/1PPP1PP1/R1BQK1NR b KQkq - 2 8,f6d5 e4d5 e6d7 d5c6,1223,75,95,11119,advantage fork opening short
XJDCU,rnb1k2r/pp1pppbp/5np1/2p5/3P1B2/2q1PN2/P2NBPPP/2RQK2R b Kkq - 1 8,c3a5 c1c5 a5c5 d4c5,1210,76,89,1200,crushing fork opening short
qFPJp,8/R3kp1p/8/3pp3/8/5R1P/6PK/2q5 b - - 6 37,e7d6 f3f6 d6c5 a7c7 c5d4 c7c1,1257,75,96,5633,crushing endgame long queenRookEndgame skewer
hSLcE,3rkb1r/ppp1qppp/8/4n3/8/8/PP2QPPP/RNB1R1K1 b k - 3 13,e5f3 g2f3 e7e2 e1e2,1286,77,85,447,advantage hangingPiece middlegame short
qQ1yV,8/p5p1/2p2p2/1k1p1P2/N1PP2P1/PP3K2/r7/8 b - - 0 42,d5c4 a4c3 b5b6 c3a2 c4b3 a2c3,1231,76,88,991,crushing defensiveMove endgame fork long
32TmX,Nn3rk1/1p3p1p/p2p2p1/2pP3q/P2bP1n1/2N2PP1/1P4bP/R1BQ1R1K w - - 0 18,h1g2 h5h2,1218,75,100,766,mate mateIn1 middlegame oneMove
AAOFr,2kr4/ppp1bp2/8/1P6/P2P3r/4P3/5PK1/R1B2R2 w - - 0 25,f1h1 d8g8 g2f3 h4h1,1296,74,95,29314,crushing deflection endgame short
sSCZe,r3nk1Q/pp3rb1/4p3/q2pPnB1/1p1P4/2N5/PPP2P2/2K3RR b - - 3 22,g7h8 h1h8 f8g7 g5f6,1299,75,96,24859,discoveredCheck doubleCheck master mate mateIn2 middlegame short
JrLtt,8/1pp4p/5pp1/p1k1p3/2PnPP2/PP1K2P1/7P/3B4 b - - 0 29,e5f4 b3b4 a5b4 a3b4 c5b4 d3d4 f4g3 h2g3,1246,78,97,11854,crushing endgame veryLong
DMFoM,2R5/1p3qkp/p5p1/3pP3/P2P4/1P1Q3P/5rP1/7K w - - 3 30,e5e6 f2f1 h1h2 f7f4 d3g3 f1h1 h2h1 f4g3,1280,75,88,732,crushing deflection endgame veryLong
OrPkk,4r2k/1b2q1pP/p7/3p1Q2/2pP4/1pP5/1P5P/1B3R1K w - - 4 36,f5f7 e7f7 f1f7 e8e1 h1g2 e1b1,1261,76,85,459,clearance crushing endgame fork long
sMksJ,3r1r2/6k1/pp1b3p/2n4N/P7/1P2p2P/2B3P1/3R1RK1 b - - 1 34,g7h8 f1f8 d8f8 d1d6 e3e2 d6h6,1276,77,90,1155,crushing long middlegame
h1JGo,2r2rk1/pp1q1p1p/6p1/4p3/2b1p3/1NQ1P2P/PPRB1PP1/4R1K1 b - - 5 20,c4b3 c3b3 c8c2 b3c2,1201,78,81,566,crushing middlegame short
Oca5j,r1b3k1/ppb3pp/3qpr2/8/3PB1P1/2PQ3P/PP6/R1B2RK1 w - - 2 18,c1g5 d6h2,1208,78,88,706,mate mateIn1 middlegame oneMove
L1K1k,4r1k1/5pp1/1qNQ1n1p/1P1P1P2/2P5/7P/6PK/8 b - - 0 38,f6e4 c6e7 e8e7 d6b6,1244,80,89,744,crushing discoveredAttack endgame short
Qsd1r,R7/5pkp/6p1/8/2b5/P7/2r1RPPP/5K2 w - - 1 33,a8e8 c2c1,1219,78,84,385,endgame mate mateIn1 oneMove pin
oPEcw,8/8/6R1/6pp/3Bp1kP/5qP1/5P1K/8 b - - 3 65,g4f5 g6f6 f5g4 f6f3,1248,75,100,1029,crushing endgame short skewer
3GxI1,r2qk2r/1pp2ppp/p1nbpnb1/3pN3/3P1BP1/2P1P2P/PP1NBP2/R2QK2R b KQkq - 2 10,c6e5 d4e5 d6e5 f4e5,1208,77,87,319,advantage fork opening short
N63FP,rn2k2r/p1pp3p/1p2pq2/8/3P4/2QB1P2/P1P2P1P/R3K2R b KQkq - 0 13,f6f3 d3g6 h7g6 c3f3,1299,75,80,382,crushing discoveredAttack middlegame short
RmR0b,3r2k1/pb1r2pp/1p1b4/5p1q/2P1pP2/1P2P2B/PBQ4P/R5RK w - - 8 23,g1g3 d6f4 a1f1 f4g3,1272,76,91,1425,crushing master middlegame short
56wy2,8/pKp5/P6p/3P2p1/5kP1/4Np1P/5P2/4b3 w - - 1 43,b7a7 e1f2 a7b7 f2e3 a6a7 e3a7,1257,80,94,2939,crushing endgame long pin
96b5L,8/4b2R/4kp2/2P1p3/1B4PP/P2p4/5PK1/1r6 w - - 0 37,h4h5 b1b4 a3b4 d3d2,1261,77,94,3660,advancedPawn advantage endgame sacrifice short
ZBhXg,8/P7/1n2p3/5ppk/3Q4/1rp3PK/7P/8 w - - 0 55,d4d1 g5g4 h3g2 b3b2 g2f1 c3c2,1253,74,95,5440,advancedPawn crushing endgame long
hWwgB,r4rk1/ppp2ppp/2n2qb1/2b1p3/6PN/3P3P/PPP2PB1/R1BQR1K1 w - - 3 14,c1e3 c5e3 e1e3 f6h4,1299,76,85,1756,crushing middlegame short
PpYM9,8/4k3/2R5/3P1b2/5P2/6K1/3r2P1/8 b - - 6 51,f5e4 c6e6 e7f7 e6e4,1214,75,85,359,crushing endgame fork short
KH8ex,3r1rk1/ppq3pp/2p2b2/4np2/1PP5/P3PB2/3BQNPP/R3R1K1 w - - 2 23,d2c3 e5f3 g2f3 f6c3,1220,77,83,451,advantage discoveredAttack middlegame short
MLjJH,5rk1/p6p/1p2p1p1/3bQ3/1P1R1P2/5q1P/5P1K/5R2 w - - 3 33,f1g1 f3f2 g1g2 f2g2,1279,74,85,454,endgame mate mateIn2 short
GxaFv,k7/P5p1/2P4p/7P/5p2/3Kp3/R7/6r1 b - - 2 49,g1g5 c6c7 g5c5 a2c2 c5c2 d3c2,1219,79,92,646,advancedPawn crushing endgame long rookEndgame
jvEKX,6k1/6pp/p2B4/5P2/6r1/P3RK2/r7/8 b - - 1 41,g4g5 e3e8 g8f7 e8f8,1285,76,86,1130,endgame mate mateIn2 operaMate short
QqLKC,3r3k/ppp3r1/8/nn1P1Bp1/6P1/4R2P/P4P2/R5K1 b - - 0 28,d8d5 e3e8 g7g8 e8g8 h8g8 f5e6,1233,76,99,938,advantage attraction exposedKing long middlegame
DnITr,8/p1p1k3/3p3r/3Pp3/5pp1/1P6/P1PB2K1/5R2 w - - 0 30,f1h1 f4f3 g2g1 f3f2 g1f2 h6h1,1255,77,95,30160,advancedPawn crushing deflection endgame exposedKing long
m5Vqx,r7/ppq2Bkp/3b4/1Pp3Q1/P1n1P3/4r2P/6P1/R4RK1 b - - 1 21,g7h8 g5f6,1219,79,93,419,mate mateIn1 middlegame oneMove
IzaB6,r3Bb1r/ppp3kp/5pp1/8/2Q5/5P2/PPP4q/2KRR3 b - - 1 21,f8d6 c4f7 g7h6 e1h1 d6f4 c1b1,1203,76,89,1489,crushing long middlegame pin
QnUjK,r4rk1/pbppqpp1/1p2p3/n5P1/3P1P2/2P1P3/PP1N2P1/R3K2Q b Q - 0 18,f7f6 g5g6 f8f7 h1h7 g8f8 h7h8,1278,77,88,818,kingsideAttack long mate mateIn3 middlegame
yXJED,r4rk1/ppp2p2/3p1n2/2P1p2p/2B1PB2/2P2N1q/PP3Pb1/RN1QR1K1 w - - 1 17,f4h2 g2f3 d1f3 h3f3,1222,75,87,740,crushing middlegame short
mV5XM,8/8/4N1p1/3n1p2/p1k2P2/P4KP1/1P6/8 w - - 1 38,e6f8 c4b3 f8g6 b3b2 g6h4 b2a3,1320,76,96,15099,crushing endgame knightEndgame long
2xZbK,2r3k1/pp3p2/3p1b1r/2p1n3/2P2Npq/PP2P3/3Q1PP1/2RRNK2 w - - 2 29,g2g3 h4h1 f1e2 h1f3 e1f3 g4f3 e2e1 h6h1,1371,80,94,3352,mate mateIn4 middlegame sacrifice veryLong
JZGrk,4Q3/7q/k3p3/3pP1P1/2pP1P1K/Pp6/1P6/8 w - - 3 60,e8h5 h7h5 h4h5 c4c3 b2c3 b3b2 h5h6 b2b1q,1364,76,98,3752,advancedPawn crushing endgame promotion queenEndgame veryLong
4giPu,r1b2rk1/1p4pp/pq2p3/3pp3/Q2P1b2/1P1B1N2/P4PPP/R3K2R w KQ - 0 19,f3e5 f4e5 d4e5 b6f2,1304,76,89,2554,attackingF2F7 crushing middlegame short
OY2IZ,4r1k1/5Bpp/8/6P1/1p2r2P/pP6/P7/1K3R2 b - - 0 32,g8f8 f7d5 f8e7 d5e4,1340,75,95,2964,advantage discoveredAttack discoveredCheck endgame interference master short
vOxsm,r5k1/1ppq2pn/1p5p/3Ppr2/1P4Q1/P1N4P/5P2/R3RBK1 w - - 0 21,f1d3 f5g5 d3h7 g8h7 g4g5 h6g5,1336,75,98,2937,advantage long middlegame pin
xA44C,r4r2/1pq2p1Q/p4kp1/4RbN1/5P2/8/PPP3PP/2K4R w - - 1 21,c2c3 f8h8 h7f7 c7f7 g5f7 f6f7,1386,77,93,903,advantage long middlegame
qvYqC,4r1rk/p1RRP3/1p4p1/6K1/3p1P1P/1P1P2Q1/P7/3q4 w - - 0 40,d7d8 d1h5 g5f6 h5f5,1353,74,97,6325,endgame mate mateIn2 short
Zyyrz,6r1/2k2p1p/2pb1p2/p2pq3/N1PN4/1P5b/P2Q1P2/R5RK w - - 2 22,f2f4 e5e4 h1h2 d6f4,1339,74,100,512,crushing discoveredAttack kingsideAttack master middlegame short
pm501,8/8/1p1p1k1p/pPp2P1P/P1K1P3/8/8/8 b - - 2 64,f6g5 c4d5 g5f6 d5d6 c5c4 e4e5,1389,79,94,5076,crushing endgame long pawnEndgame
Q2Y7V,2r1k1r1/RR1p1p1p/2q1pQ2/4P3/8/3p2PP/P4P2/6K1 b - - 1 24,d3d2 b7d7 c6d7 a7d7 e8d7 f6f7,1319,76,99,2065,advantage attraction capturingDefender endgame long
6jPbO,r6r/2p2kb1/pp1p4/3P1q2/2Pp2pp/1Q3PP1/PP1B3P/4RRK1 b - - 0 23,h4g3 f3g4 f5f2 f1f2 g3f2 g1f2,1327,76,93,1302,crushing exposedKing long middlegame pin
tVY7x,r2qkb1r/pp5p/3pBppn/2p1p3/4P3/3P3Q/PPn2PPP/RNBK3R b kq - 1 11,c2a1 c1h6 f8h6 h3h6,1337,75,92,9292,advantage middlegame short
Hn5pw,r4rk1/1pp3p1/1pnppq1p/8/1P2Pp2/P2PB3/2P2P1N/R2Q2RK w - - 2 20,h2g4 f6h4 g4h2 f4e3,1349,75,86,437,advantage kingsideAttack middlegame short
mLXeL,5rk1/R2b4/3bq2p/3pN1p1/2pP4/1pP3P1/1P4P1/1B2Q1K1 b - - 3 29,d7e8 b1h7 g8h8 e5g6 e6g6 h7g6,1314,75,98,4711,crushing exposedKing fork long middlegame
6foTO,4r1k1/5p1p/5Qp1/1q6/1P2r3/2P2N2/P4PPP/5RK1 w - - 0 33,f3g5 b5f1 g1f1 e4e1,1311,76,87,681,attraction endgame mate mateIn2 sacrifice short
3KiGk,r2qk1nr/pppbpnb1/3p3p/1B1P1p2/4PP2/2N1B2P/PPP3P1/R2QK1NR w KQkq - 3 10,e4f5 g7c3 b2c3 d7b5,1396,79,92,4780,advantage opening short
fKVvA,5k2/1pp2pp1/p4r1p/4N3/1Pb2P2/P4P1P/5K2/4R3 b - - 0 29,f6f4 e5d7 f8g8 e1e8 g8h7 d7f8,1374,76,84,389,crushing endgame long
WQVEg,r3k2r/ppp2ppp/3p4/3np3/4P2q/3P1B1b/PPP4P/R1BQ2KR w kq - 0 14,e4d5 h4d4 c1e3 d4e3,1335,77,94,17214,kingsideAttack mate mateIn2 middlegame short
iObSm,6r1/pp3k1p/3Rb1p1/1BP1pp2/4p3/1P2P3/P4PPP/6K1 b - - 0 28,f7e7 d6e6 e7e6 b5c4 e6e7 c4g8,1397,78,92,2430,attraction crushing endgame exposedKing long sacrifice skewer
gXKJQ,8/3Q2k1/5pq1/8/8/1P4PR/P1r1rPK1/8 b - - 1 36,g6f7 h3h7 g7h7 d7f7 h7h6 f7f6,1306,75,96,5949,attraction crushing deflection endgame long
pwBAJ,8/2b1q1rk/6pp/1RnBPp2/2P2P2/3r3P/2Q4K/2B3R1 b - - 6 41,c7e5 b5c5 d3h3 h2h3,1398,75,86,1005,advantage master middlegame short
E9dTp,r7/P1pk2p1/R1p2p1p/2P4P/2K5/8/8/8 b - - 2 43,f6f5 c4d4 f5f4 d4e4,1354,75,84,788,crushing endgame rookEndgame short
AD804,rnb1k1nr/pp4p1/2pp1pq1/2b1p1Bp/2B1P3/2NP1N2/PPPQ1PPP/R4RK1 w kq - 0 9,f3h4 g6g5 d2g5 f6g5,1379,74,81,1114,advantage middlegame short
Iu9yj,2kr4/ppp5/8/4R3/4P3/4n3/PPPN4/3K4 w - - 1 34,d1c1 d8d2 c1d2 e3c4 d2c3 c4e5,1377,75,94,15782,endgame master
wJheB,r6k/pb4pp/1p2B3/2ppn3/5r2/2PP2qP/PPQB2P1/4R1KR w - - 1 20,d2f4 e5f3 g1f1 g3e1,1332,78,96,9366,kingsideAttack mate mateIn2 middlegame pin short
UbTJm,1r4k1/QP3ppp/2q5/2pN1b2/5b2/5N2/PPP2KPP/4R3 b - - 3 22,c6d5 a7b8 f4b8 e1e8,1310,75,100,898,backRankMate mate mateIn2 middlegame sacrifice short
5PqF1,4r2k/1p5p/p4R2/6N1/1P6/P3n2P/2r5/6RK b - - 4 34,h7h6 g5f7 h8h7 f6h6,1373,75,87,550,endgame mate mateIn2 short
WlDP7,3rr3/pQ5B/3kbp1B/2p1q3/2P5/PP4PP/5P1K/8 b - - 0 30,e8h8 h6f4 e5f4 g3f4 d8d7 b7a6,1398,76,86,778,advantage long middlegame pin
p5Qaz,6k1/5p2/p5p1/1q5p/8/5P1P/P4QP1/5K2 w - - 8 42,f1e1 b5b1 e1e2 b1a2,1371,78,94,1429,crushing endgame interference queenEndgame short
iySc0,r4r2/pp3pk1/2p1Nqp1/3pnb2/2P1pN1P/1P2P3/P2P1PQ1/3RK2R b K - 7 18,f5e6 f4h5 g7h8 h5f6,1399,76,93,793,advantage middlegame pin short
I43Ti,6k1/1p3ppp/8/p2P4/1nP5/1P3K1q/3R3P/1Q6 w - - 8 39,f3f4 h3h6 f4f3 h6d2,1324,77,91,923,crushing endgame short skewer
Abu8D,r2q1rk1/pp2bp1n/2p1p1NQ/8/3P4/2P5/PP2BPPP/R4RK1 b - - 0 16,f7g6 h6g6 g8h8 e2d3,1394,78,92,1015,crushing defensiveMove middlegame short
uXxIV,r6k/1bpp1p1p/pb3p2/1p6/3P1Bq1/1PNQ1N2/1P3P1P/R4R1K w - - 3 19,f1g1 b7f3 d3f3 g4f3,1386,75,84,371,crushing kingsideAttack middlegame short
eJhXk,r3r2k/5Bpp/2ppQp2/1p2n3/1P2P3/2q3P1/2P2P1P/R2R2K1 b - - 8 30,e8e6 a1a8 e6e8 a8e8,1351,77,93,1016,backRankMate hangingPiece mate mateIn2 middlegame short
A1I3D,6q1/6r1/5Q1k/4p3/8/1P6/P5rp/5R1K b - - 13 48,h6h7 f6h4 h7g6 f1f6,1313,76,96,31125,endgame killBoxMate mate mateIn2 short
BG5pI,3R4/8/4k3/p1p1r3/1b3R2/5K2/8/8 b - - 26 65,e5d5 f4e4 d5e5 d8e8,1365,77,93,803,crushing endgame short
aSB6X,r7/pp2qpk1/4p2p/4P1p1/8/5Q1P/P4PP1/3R2K1 b - - 0 26,a8d8 f3f6 e7f6 e5f6 g7f6 d1d8,1383,78,89,707,crushing endgame long
PunUN,5rk1/6p1/1Q1p3p/pP1Pp3/P1r2p2/3q1P1P/6P1/2R1R1K1 w - - 0 33,b6d6 c4c1 e1c1 d3e3 g1h2 e3c1,1373,75,97,3796,advantage attraction endgame fork long pin
ReE7h,2r3k1/qb2bpp1/5n1p/p2r4/P1N1p3/1P6/1BQ2PPP/1BR1R1K1 w - - 2 27,e1e4 f6e4 c2e4 d5d1 c1d1 b7e4,1388,75,86,525,advantage discoveredAttack kingsideAttack long master masterVsMaster middlegame
lIw4H,1n1k3r/1p2b1p1/2p1PpBp/3p1N2/1p3P2/8/rnP2BP1/1NKR4 b - - 1 23,b2d1 f2b6 d8c8 f5e7,1371,75,82,442,deflection mate mateIn2 middlegame short
818XR,r1r5/p3p3/1p2Rkpp/6N1/7P/5P2/PP4PK/8 b - - 1 31,f6f5 g2g4 f5f4 e6e4,1329,76,93,1114,endgame hookMate mate mateIn2 short
M5TpH,3r2k1/5ppp/8/4p3/4q3/1P6/P3KQ2/2R1R3 w - - 0 48,f2e3 e4g2 e3f2 d8d2 e2d2 g2f2,1350,75,95,22264,advantage attraction deflection endgame exposedKing long
69CAt,r4rk1/pp3ppp/2pbp3/3p4/1PBP2P1/P1N3q1/2P5/R1BQ1K1R b - - 0 18,d5c4 c3e4 f7f5 e4g3,1320,78,90,1048,advantage middlegame short trappedPiece
k8kf1,6k1/5p1p/1p3bpP/3pqb2/8/2r1P3/PQBR1PP1/2KR4 b - - 1 27,f5c2 d2c2 c3c2 b2c2,1329,76,86,830,advantage middlegame short
vHRE1,1rb1k3/4pp1R/p1pp2p1/4b3/qN2P1P1/5P2/1P1Q2K1/2R5 w - - 2 23,b4c6 b8b2 c6e5 b2d2,1340,78,91,3704,crushing master middlegame pin short
3R14z,6r1/5p2/8/2P5/P2PQ1k1/8/3N1q2/7K b - - 2 37,g4h5 e4h7 h5g4 h7g8,1365,79,93,1486,crushing endgame fork short
mVGPQ,8/p6p/1p3kp1/n1p1Np2/P2P1K2/2P3P1/4PP1P/8 w - - 0 27,d4d5 g6g5 f4e3 f6e5,1339,75,84,377,crushing deflection endgame knightEndgame short
pvrsb,5rk1/1pp3pp/3p4/p1nP2q1/1PPNPr2/P7/2Q3PP/R4RK1 w - - 1 21,b4c5 f4f1 a1f1 g5e3 c2f2 f8f2,1341,76,96,3350,crushing fork long middlegame
KU8RI,2K5/2N5/3qP3/p7/P7/5k2/8/8 b - - 15 86,f3f4 e6e7 f4g3 e7e8q,1373,79,92,3034,advancedPawn crushing endgame promotion short
Z8QA9,6k1/p2qbpp1/4p2p/1prn4/8/P1B3P1/1P2PPBP/3Q1RK1 b - - 0 21,d5b6 d1d7 b6d7 c3b4,1367,77,94,2391,advantage middlegame short
BuNvI,3rR1k1/5pp1/p6p/1p6/5Q2/6P1/3q1PPK/8 b - - 3 31,g8h7 f4f5 g7g6 f5f7,1322,76,100,1271,endgame mate mateIn2 short
V2uYf,2kr2r1/ppp1p2p/5p1n/8/P1N5/2QP1qBP/2P2P2/5RK1 b - - 1 18,h6f5 c4b6 c8b8 c3c7,1315,75,96,6626,discoveredAttack mate mateIn2 middlegame pin queensideAttack short
u33i8,r1b5/pp2Q1kp/2p1p1p1/2P5/1n1P4/4q3/PP1R1rPP/1BK4R b - - 5 24,g7h6 e7h4 h6g7 h4f2 e3f2 d2f2,1321,76,99,2436,advantage long middlegame
rn0Ji,r4rk1/2qb1ppp/p2bp3/3pnP2/3Q1B2/2N5/PP2N1PP/R4R1K b - - 3 18,e5g4 f4d6 c7d6 d4g4,1307,75,94,11972,advantage discoveredAttack master middlegame short
9Rgiw,3b2k1/5p2/7p/p1pNq1P1/2Pp4/P2Q2P1/5PK1/8 b - - 0 37,d8g5 f2f4 e5e6 f4g5,1392,75,94,24241,advantage endgame fork short
nfuKP,Q2R1n2/6pk/5q1p/5b2/8/1P3BP1/Pr3P1P/6K1 b - - 5 28,f8e6 d8h8 h7g6 a8e8 f6f7 f3h5 g6h5 e8f7,1371,76,96,24536,attraction crushing deflection master middlegame veryLong
yhg3I,r6k/p5pp/1ppN1p2/3pnP1P/8/6P1/PPP3K1/4R3 b - - 0 28,a8d8 e1e5 f6e5 d6f7 h8g8 f7d8,1381,71,95,29952,crushing endgame fork long sacrifice
eY0Cy,r3r1k1/5ppp/pb2p3/3p4/3n1P1q/P1NBB3/1P3P1P/R2QK2R w KQ - 4 21,c3e2 d4f3 e1f1 h4h3,1348,75,97,2403,mate mateIn2 middlegame short
wAT56,8/1p2n1k1/1p1p1q2/p2B1Pp1/2PP1R2/PP4Q1/5P1K/4r3 w - - 0 33,f4e4 f6h6 g3h3 e1h1 h2h1 h6h3,1388,75,95,2832,attraction crushing deflection endgame exposedKing long master
zm3Xh,r1bqk2r/pppp1pp1/2n2n1p/2b5/3NP3/2P1BP2/PP4PP/RN1QKB1R b KQkq - 1 7,e8g8 d4c6 b7c6 e3c5,1343,75,95,14732,crushing discoveredAttack opening short
arcYq,r4r1k/pbp1b1pp/1p1p2q1/5p1n/3Pn3/P1P1PN1P/BPQN1PPB/2R2RK1 w - - 7 16,c3c4 e4d2 c2d2 b7f3,1351,78,92,835,advantage discoveredAttack middlegame pin short
B8sV8,8/6p1/p5kp/1p1q1p2/4rB2/P4KPP/1PQ5/5R2 w - - 0 44,g3g4 e4c4 f3g3 c4c2,1345,74,94,20052,crushing discoveredAttack discoveredCheck endgame short
TKW8l,rn1qr1k1/ppp2ppp/8/3P1b2/8/2B1QNn1/PPP1BPPP/R3K2R w KQ - 4 12,e3d4 e8e2 e1d1 f5c2,1308,78,93,2304,advantage middlegame short
rSYD7,1Q6/5ppk/1p2r2p/4p3/8/2P4P/Pq3PP1/4R1K1 w - - 2 29,e1e5 b2c1 g1h2 c1f4,1342,77,89,1482,crushing endgame short
mkYVf,rn3rk1/p4p2/2pp1qp1/8/1p2PB2/2b3N1/P1P1Q1PP/1R1R2K1 w - - 4 21,f4d6 c3d4 g1h1 f6d6,1332,80,92,4480,advantage interference intermezzo middlegame short
IiEJS,8/7p/8/6p1/5PP1/4K2k/8/8 b - - 0 60,h3h4 f4f5 h4g4 f5f6 g4f5 f6f7,1342,76,97,30866,advancedPawn crushing endgame long pawnEndgame quietMove
pLM8d,4rk2/p1b2p2/2p2p2/8/1PBP2Q1/P3r2P/5KP1/7R w - - 1 34,g4h5 c7g3 f2g1 e3e1 c4f1 e1f1 g1f1 e8e1,1333,74,96,4453,attraction endgame mate mateIn4 operaMate sacrifice veryLong
Diwdq,2r5/4q3/1p1p4/p2P2pk/2PPR2p/P6K/2Q5/8 b - - 2 40,e7f7 c2e2 h5g6 e4e6 g6g7 e6e7,1329,75,98,5534,crushing endgame long pin
oqTh6,r3kb1r/p2n1ppp/bq2p3/2ppP1N1/3B4/1PN2Q2/P1P2PPP/R3K2R b KQkq - 1 12,c5d4 f3f7 e8d8 g5e6 d8c8 f7e8 c8b7 e8d7,1376,76,92,2435,attackingF2F7 crushing deflection middlegame veryLong
t8OVD,1r6/8/b2b3R/P1k3P1/3Rp3/2B1P1p1/1P1K1pP1/8 w - - 2 38,d4d6 f2f1q d6c6 c5b5,1349,78,92,4884,advancedPawn crushing endgame promotion short
Wncbf,2rqr2k/p3b1pp/8/2p5/NPQp1n2/5P2/P4BPP/2R1R1K1 b - - 0 22,c5b4 c4c8 d8c8 c1c8 e8c8 e1e7,1343,76,86,317,advantage long middlegame
uNHJd,2r3k1/3q4/p1p4Q/3p1p1n/1P1P4/P4P1P/6P1/4R1K1 b - - 0 34,d7h7 h6e6 h7f7 e6c8,1312,75,87,958,crushing endgame fork short
cIl0d,8/8/1K6/1P6/6p1/5k2/8/8 w - - 0 68,b6a7 g4g3 b5b6 g3g2 b6b7 g2g1q a7a8 g1a1,1327,75,100,1276,advancedPawn crushing endgame pawnEndgame promotion veryLong
l0D00,5rk1/1RQ2p2/4p1p1/8/6qp/1B1P2P1/1PP2PKP/8 w - - 3 33,c7f4 h4h3 g2f1 g4d1,1304,79,93,772,endgame mate mateIn2 short
1MurT,5r1k/1pP3p1/p3p2p/4p3/PP2P2q/B1Q4R/8/R4r1K w - - 4 29,a1f1 f8f1 h1h2 h4f2,1345,77,96,11623,endgame mate mateIn2 short
nOAZs,3r4/8/R5pp/6k1/P1Pp4/1B1K3b/1P6/8 w - - 0 37,c4c5 h3f1 d3d2 f1a6,1352,74,98,3797,crushing endgame short skewer
QmMrg,3n1Q1K/3k4/4pR2/1p1pP3/3P4/8/8/7q w - - 1 51,f6h6 h1h6 f8h6 d8f7 h8h7 f7h6,1336,77,90,968,attraction crushing endgame fork long sacrifice
mX4N8,5b1k/8/8/3P3p/p3R3/P4pP1/1r3B1P/6K1 b - - 0 36,f8a3 f2d4 h8g8 d4b2,1315,79,92,741,crushing endgame fork short
mdkEJ,4r1k1/pp4bp/5pp1/3P4/8/3Q1P2/Pq1B2PP/2R4K w - - 0 25,d5d6 b2c1 d2c1 e8e1 d3f1 e1f1,1394,78,91,8759,backRankMate endgame fork long mate mateIn3 sacrifice
T34pG,6rk/1p3Qpp/p2B2n1/2pP4/3bP2R/3q2P1/P6P/5R1K b - - 2 27,g6h4 f7g8 h8g8 f1f8,1378,77,99,4501,attraction master mate mateIn2 middlegame operaMate sacrifice short
hu3gt,3rkbnr/pp1qpppp/8/2PNn3/8/8/PPP2PPP/R1BQK1NR w KQk - 1 9,c1f4 d7d5 d1d5 d8d5,1323,74,83,393,advantage opening short
f0idA,4r2k/ppQ5/6pp/5b2/8/P6P/B4PPK/q1B5 b - - 1 25,a1e5 c7e5 e8e5 c1b2 h8h7 b2e5,1322,77,85,537,attraction crushing endgame long pin
SCJp1,r6r/1p2k1bp/p2pp1pN/q5B1/2Q1P3/8/2P2PPP/5RK1 b - - 3 17,a5g5 c4c7 e7e8 c7f7,1373,77,97,2812,advantage middlegame short
jvet5,8/1p3kp1/1Kp1p3/P2pP1p1/5n2/7P/3N4/8 b - - 3 36,f4h3 b6b7 g5g4 a5a6,1364,75,89,581,crushing endgame knightEndgame short
rDMAO,4B3/2p5/pp1b1p1k/3P2p1/P4PR1/r1PKP3/8/8 b - - 2 36,d6b4 f4g5 f6g5 g4b4,1322,76,86,1147,crushing discoveredAttack endgame short
JHdqR,7k/6p1/p2p3p/4p3/qPRnP3/P6r/B5R1/4Q2K w - - 0 37,g2h2 h3h2 h1h2 d4f3 h2g3 f3e1 c4c8 h8h7 a2g8 h7g6,1375,77,93,1482,attraction crushing exposedKing fork middlegame veryLong
OUdc0,8/4bp2/p3p2B/1p1kP2P/1Pp3P1/P1K5/8/8 b - - 0 41,d5e5 h6g7 e5f4 h5h6 f4g5 h6h7,1314,76,84,936,advancedPawn bishopEndgame crushing endgame long master
7CDwF,4r1k1/pp1q2p1/5b1p/1PP1n3/P3Q3/2P1P2P/6PB/5RK1 b - - 0 28,e8c8 h2e5 f6e5 e4e5,1359,75,100,1441,advantage middlegame short
U0hUz,3Nr3/5Q2/bp5k/p3b3/7P/PP3PP1/4q1BK/3R4 w - - 3 36,f7e8 e5g3 h2g3 e2e8,1331,74,83,1609,advantage discoveredAttack middlegame short
jR63l,r1bqkb1r/pp3ppp/1n2p3/7Q/8/1B1n4/PP2NPPP/RNB2K1R b kq - 3 12,d8f6 h5b5 b6d7 b5d3,1315,74,97,4325,advantage fork opening short
qQJex,5rk1/5pp1/4p3/2p3q1/p1P1P3/P1B1R1R1/2PK4/1r6 b - - 3 31,g5h5 g3g7 g8h8 g7g5 h8h7 g5h5,1318,79,92,1284,crushing discoveredAttack discoveredCheck endgame long
gCaNJ,8/1p2Qp2/p4R2/3p2p1/P2k2n1/8/1q5P/5B1K w - - 5 36,e7e2 b2e2 f1e2 g4f6,1367,75,93,974,crushing endgame short
X0Oxi,8/8/5p2/6p1/4rkP1/3K4/5R2/8 b - - 1 49,f4e5 f2f5 e5d6 d3e4,1337,75,100,1432,crushing deflection endgame rookEndgame short
qSJ2k,1r1r2k1/2p2pp1/p1p1p1bp/3nP3/1P6/P1N1P3/3B1PPP/3RR1K1 w - - 2 20,c3a4 g6c2 d1c1 c2a4,1380,74,94,26108,advantage fork middlegame short
8DbA7,5rk1/p4pp1/8/1qp1R3/5Q2/3P1PPb/PP5P/R5K1 w - - 3 31,e5h5 b5b2 h5h3 b2a1,1338,80,92,2808,advantage endgame short
0ni1M,2r4k/6p1/pQ5p/6p1/3Pn1P1/1Bq3BP/P4P2/1K1R4 w - - 3 30,b6a6 e4d2 d1d2 c3c1,1363,75,98,3162,mate mateIn2 middlegame sacrifice short
5ZalX,5r2/4B3/p1b1p1k1/1p1p4/1Pnb2PK/P1N4P/8/2R5 w - - 0 31,e7f8 d4f2,1377,75,95,2589,endgame mate mateIn1 oneMove
EYTtR,8/p3k1Q1/1p2p3/3p4/3Pq3/4P3/P4rR1/7K b - - 1 36,e7d6 g7g3 d6c6 g3f2,1308,78,87,403,crushing endgame fork master short
mDwav,2r3rk/5p1p/p1q2PpQ/1pp5/5R2/P1P4P/RP4P1/6K1 b - - 6 30,c8e8 h6h7 h8h7 f4h4,1315,78,93,304,attraction endgame kingsideAttack mate mateIn2 sacrifice short
QA9eE,r3rnk1/pp3pp1/2p2q1p/3p3P/3P1BQ1/P1PP2P1/6P1/4RRK1 w - - 1 20,f4b8 e8e1 f1e1 a8b8,1322,75,87,615,crushing master middlegame pin short
fFFCx,8/R3p3/3b1k2/p2r4/P7/1P2RKP1/8/8 w - - 0 46,f3e4 d5e5 e4f3 e5e3,1317,77,88,717,advantage endgame master short
v6jkJ,4r3/8/1R2PBp1/k1K4p/p7/1b4P1/1P5P/8 b - - 0 49,e8e6 f6c3,1357,78,94,4478,endgame master masterVsMaster mate mateIn1 oneMove
QnUTX,3R4/1r3p2/1pr1k1p1/1R5p/4PK1P/5P2/6P1/8 b - - 5 39,c6d6 b5e5 e6f6 d8d6,1360,75,100,1027,crushing deflection endgame master rookEndgame short
Klpgi,6r1/pbk1q2r/1p4p1/2p5/4p3/6R1/P2QBPP1/3R2K1 b - - 1 38,g8h8 d2f4 c7c8 e2g4,1387,74,87,3989,crushing middlegame short
m2Jy1,3r1rk1/ppq2p2/2p1bbNp/8/2PPQ3/3B3P/P4PP1/1R2R1K1 b - - 0 20,d8d4 g6e7 g8g7 e4h7,1330,75,80,964,kingsideAttack mate mateIn2 middlegame short
IkMli,br4k1/3qbppp/p3p3/2r5/1n3n2/6QP/P2N1PP1/B1RRNBK1 b - - 1 25,c5c1 g3g7,1341,79,93,6331,kingsideAttack master mate mateIn1 middlegame oneMove
HbLbh,4k2r/3p2pp/q3pP2/8/1p6/1P2rP2/PQ1N2PP/R3K1R1 w Qk - 1 19,e1d1 a6e2 d1c2 e3c3 b2c3 b4c3,1334,74,95,33071,advantage exposedKing long middlegame
w3YWW,6k1/p4q1p/1p4pP/3p1p2/3Pn2R/P3Q3/3r2P1/5RK1 b - - 1 35,f7c7 h4e4 d2g2 g1g2,1382,75,96,1951,crushing endgame short
Bt5fe,r2r2k1/1bR4p/1q3pp1/1p2p3/3P3P/1Q6/4NPP1/3R2K1 b - - 1 26,g8h8 b3f7 b6c7 f7c7,1399,76,88,799,advantage middlegame short
Sqv1u,r3r1k1/1p3p1p/p1pp1b2/5qpQ/R3Np2/1P1P3P/1PP2PP1/5RK1 b - - 5 22,f5g6 h5g6 f7g6 e4f6,1373,75,95,33607,crushing kingsideAttack middlegame short
R8KhS,r1b1k2r/pp1p1ppp/5p2/3q4/1bnN4/2N5/PP2QPPP/R3KB1R b KQkq - 3 11,e8f8 e2c4 d5c4 f1c4,1391,79,90,5613,advantage opening short
vgaMU,r1b5/pp4k1/2np2n1/2pNp3/4P3/3PP2P/PPP1B1P1/5RK1 b - - 0 20,c8e6 d5c7 a8b8 c7e6,1371,78,94,9018,crushing fork middlegame short
O9KlZ,3r2k1/5pp1/3qb3/P3R2Q/8/2P1R2P/3r1PP1/6K1 b - - 0 38,f7f6 e5e6 d2d1 e3e1 d6e6 e1d1,1320,75,87,1486,crushing long middlegame
JYC4Z,3rk2r/5pR1/3Pp3/pp2P3/2p2P2/2P1Q3/PP6/3R1K1q w k - 2 28,e3g1 h1f3 f1e1 h8h1 g1h1 f3h1,1379,75,80,451,clearance crushing endgame fork long pin
khY8j,r5r1/pp2b2Q/2ppkN2/8/3p4/5P1P/qPP2P2/2KR3R w - - 2 19,f6g8 e7g5 f3f4 g5f4 d1d2 a2a1,1340,79,93,942,long mate mateIn3 middlegame pin
sSN7l,3q3k/5Qpp/2pb3r/3p4/3P4/2NB3b/PrP3P1/4RRK1 b - - 1 20,h3e6 e1e6 h6e6 f7e6,1356,76,91,2782,crushing middlegame short
9GYea,8/8/8/4kp1p/7P/4K1P1/8/8 b - - 1 51,e5f6 e3f4 f6e6 f4g5 e6e5 g5h5 e5f6 h5h6,1309,78,88,1031,crushing endgame pawnEndgame veryLong zugzwang
tSKxq,rnbqk2r/pp3ppp/2p5/2bp4/3NP1n1/2N5/PPP1BPPP/R1BQ1RK1 b kq - 1 8,d5e4 e2g4 c8g4 d1g4,1335,78,93,2588,advantage opening short
k0AFq,2R5/3rq1pk/p4r1p/1p3P2/2pp4/P4P2/1P3PQP/2K3R1 b - - 0 30,d4d3 g2g6 f6g6 f5g6,1364,76,95,29076,endgame mate mateIn2 sacrifice short
m3bz8,1r4k1/5p2/6p1/4p1P1/Pp1pP3/2r2P1R/1K1R4/8 b - - 0 37,b8a8 d2h2 g8f8 h3h8 f8e7 h8a8,1479,77,94,586,crushing endgame long quietMove rookEndgame skewer
S22ue,5r1k/2p1b1pp/p1Q5/1p6/1P1P4/P1N1P2P/3N1qP1/R5K1 w - - 1 24,g1h2 e7d6 c6d6 c7d6 a1f1 f2f1 d2f1 f8f1,1453,75,92,2765,crushing middlegame veryLong
6PY77,r3kb1r/5qp1/p6p/1pp2p2/4bP1N/P1P1B2P/1P2B1P1/3Q1RK1 b kq - 1 21,f8e7 e2h5 e8g8 h5f7,1476,76,80,2596,crushing middlegame pin short
n8pUT,1k5r/1pp1n3/P2p2pq/3P1p2/P3Pnp1/3B3r/2P1NBKN/2Q4R w - - 0 27,e2f4 h3h2 h1h2 h6h2 g2f1 h2h1 f2g1 h1f3,1418,78,90,3674,crushing exposedKing middlegame veryLong
f8Y1A,r1bq1rk1/p1p1bppp/2nn4/1p6/3Np3/QBP4P/PP3PP1/RNB2RK1 b - - 1 12,d6c4 d4c6 e7a3 c6d8,1402,76,83,2669,advantage hangingPiece opening short
nHleP,5nk1/2r2pp1/bn5p/p2pPpqP/Pp1P2N1/1P4R1/6P1/1B1Q1NK1 b - - 1 35,a6f1 g4f6 g7f6 g3g5,1425,75,94,1336,advantage discoveredAttack kingsideAttack master middlegame short
MhW1E,4r1k1/pp3pp1/2n4p/2P5/5P2/2PB2Q1/Pq3P1P/3K2R1 b - - 2 23,b2c3 d3h7 g8h7 g3c3,1452,73,95,30241,crushing discoveredAttack endgame short
cl000,1n4k1/2Q2pp1/1r2p2p/3pP2P/1q6/3b2N1/2p2PP1/R3N1K1 b - - 1 36,d3h7 c7d8 b4f8 d8b6,1408,80,96,23495,crushing deflection middlegame short
voSgs,r1r3k1/p4ppp/4p3/p2pPn1q/3P4/1Q3N2/PPR2PPP/2R3K1 b - - 1 20,c8b8 b3b8 a8b8 c2c8 b8c8 c1c8,1400,75,97,2723,backRankMate long mate mateIn3 middlegame sacrifice
RPcx0,4r3/6pp/2p3k1/p7/1p4PP/1P4B1/1b6/5R1K b - - 0 36,e8e3 h4h5 g6g5 g3f4 g5g4 f4e3,1409,75,88,395,advantage endgame exposedKing fork long
fVJx7,r4rk1/ppp2p1p/3p2p1/4n3/2P1B2b/2N1PP1q/PP3P1P/R2Q1R1K w - - 2 15,f3f4 e5g4 d1g4 h3g4,1435,75,92,1368,advantage middlegame short
basmC,3R1rk1/1R3p1p/5Qp1/p7/1p6/7P/qr3PPK/8 b - - 1 37,b2f2 d8f8 g8f8 f6h8,1493,77,92,2084,attraction endgame mate mateIn2 short
mP7Bb,5k2/1p2r3/p7/8/P3Q2P/5P2/6PK/8 w - - 1 48,h2h3 e7e4 f3e4 b7b5 a4b5 a6b5 h3g4 b5b4,1466,78,95,2268,crushing defensiveMove endgame veryLong
KCEKT,5r1k/5pp1/p3p2p/1pQp4/4r3/P1P2RRP/1P3PPK/1q6 b - - 3 27,h8g8 g3g7 g8g7 f3g3,1422,75,95,1660,attraction crushing endgame kingsideAttack sacrifice short
II2t9,5r2/8/6p1/1p1kp1Np/1P2R3/2P2K2/8/8 w - - 12 45,f3g3 f8f5 e4h4 f5g5,1482,75,93,1525,crushing endgame short
ZAPPc,8/8/8/5p2/p1P5/P2K2k1/1P6/8 w - - 1 56,d3e3 f5f4 e3e2 g3g2,1459,77,87,1732,crushing defensiveMove endgame pawnEndgame short
kzHiE,8/6b1/r5n1/p2p2R1/2pP1n2/2P2k2/P4B2/5KR1 b - - 0 38,a6b6 g1g3 f3e4 g3e3,1477,79,94,3852,epauletteMate master mate mateIn2 middlegame operaMate short
J4xGn,8/p1qN1Qpk/2p4p/1p6/3P4/7P/Pr3PP1/5K2 b - - 0 29,c7a5 d7f6 h7h8 f7e8,1496,75,88,1959,endgame mate mateIn2 pin short
soh5u,2R5/4kp2/3q2pp/1p1p4/3P2Q1/4P1PP/r4P2/6K1 b - - 3 40,f7f5 g4h4 g6g5 h4h5,1443,76,84,422,crushing endgame short
XzPmC,r2q1rk1/ppp1bppp/2n5/3p4/3Pn1b1/1BN2N2/PP3PPP/R1BQ1RK1 w - - 4 10,b3d5 e4c3 b2c3 d8d5,1403,76,86,379,advantage capturingDefender intermezzo opening short
rIvc7,4r2k/5R2/3r2Kp/8/R2P4/5P1P/8/8 w - - 5 47,f7f6 e8g8 g6f5 g8g5 f5e4 d6f6,1434,78,93,674,advantage deflection endgame long rookEndgame
8XV0o,6k1/6pp/p3P1p1/3Q4/2n3P1/P1N1q2P/1rP5/2K2R2 w - - 1 25,c1d1 b2b1 c3b1 c4b2,1497,74,95,5730,endgame mate mateIn2 sacrifice short
58g73,r1b1k2r/ppp2ppp/1bn2q2/3p4/QP1P4/P1N5/4PPPP/R3KBNR w KQkq - 0 10,c3d5 f6d4 a1d1 d4f2,1414,74,94,35940,attackingF2F7 crushing fork opening short
F6B4L,1k3b1r/3Rn1pp/BP6/8/3N2p1/5b2/1P1K3P/8 b - - 0 32,e7c6 d4c6 f3c6 d7d8,1490,79,95,22285,mate mateIn2 middlegame pillsburysMate short
iBG4r,r4rk1/1bq1bppp/4p3/1ppnN1P1/pP2NP2/3P4/1PPB1Q1P/1K1R2R1 b - - 0 20,d5b4 e4f6 e7f6 g5f6,1455,76,95,5914,advantage kingsideAttack master middlegame pin short
Zf29t,6k1/6pp/8/1P1qp3/P7/Q2r2P1/5P1P/2R3K1 w - - 1 30,a3c5 d3d1 c1d1 d5c5,1422,75,96,28539,advantage deflection endgame short
uPmWz,8/8/4p1pp/2pkP3/1p3PPP/2PK4/8/8 w - - 0 37,c3b4 c5b4 h4h5 g6h5,1480,77,91,2735,crushing endgame pawnEndgame short
gcNDR,1rn2rk1/pp2qpp1/2pN3p/P2nP3/8/1Q5P/1P3PPB/R3R1K1 w - - 1 24,d6f7 e7f7 e5e6 f7f2,1476,77,92,3690,advantage hangingPiece middlegame short
9FpNP,2krbbr1/ppp2q1p/4p2p/3pP3/3P4/P7/1P2BPPP/RN1Q1RK1 w - - 3 15,e2h5 f7h5 d1h5 e8h5,1409,76,88,810,advantage middlegame short
5neAZ,5r1k/6p1/3q3p/2p5/Pp1P1r2/3Rp2P/1P4P1/3Q1RK1 w - - 0 31,f1f4 d6f4 d1f3 f4f3,1479,75,88,1840,crushing endgame master short
YoqvD,8/1R6/5k2/3K1B2/P4rP1/1P2p2P/2n5/8 w - - 0 47,f5d3 f4d4 d5c5 d4d3,1418,76,86,1056,crushing endgame fork short
QgHXl,3r2k1/ppB2ppp/2n3q1/2b5/P1P5/1B1P3b/2P2RPP/R1Q1r1K1 w - - 0 19,c1e1 g6g2,1467,80,87,2592,kingsideAttack mate mateIn1 middlegame oneMove pin
rQ1At,5bk1/7p/b2Pp1p1/2q1P3/p1p1Pp2/Pr3N1P/6P1/R1Q1R1K1 w - - 1 32,g1h2 b3f3 g2f3 c5f2 h2h1 f2f3,1447,76,90,1393,crushing long middlegame sacrifice
DjjnC,5rk1/p1pbrpp1/1p1p3p/2nPP2q/2P2R2/P1P1QN1P/2B3P1/5R1K b - - 0 23,d6e5 f4h4 h5h4 f3h4,1466,75,91,3515,advantage middlegame short trappedPiece
1fFdN,r3k2r/p1p1nppp/2bq4/1B6/8/8/PPP1QPPP/R1B1K2R w KQkq - 0 14,c1e3 d6b4 e3d2 b4b5 e2b5 c6b5,1446,76,90,1071,advantage long middlegame
hpCKF,5k2/p1p2p1p/2p5/P5p1/1P1n1rP1/4N2P/3R2K1/8 b - - 0 33,f8e7 d2d4 f4d4 e3f5 e7e6 f5d4,1465,74,95,23168,advantage attraction endgame fork long sacrifice
bqaD0,6r1/8/3Pk2p/p1P5/3K1BP1/8/P7/8 w - - 1 51,c5c6 g8g4 d4e3 g4f4 e3f4 e6d6,1454,78,92,765,crushing endgame long pin
DRk6d,6rk/6R1/7P/7K/5P2/8/8/8 b - - 6 54,g8g7 h6g7 h8g7 h5g5 g7f7 g5f5,1446,79,94,4715,advancedPawn crushing defensiveMove endgame long zugzwang
7VRW0,5rk1/p3r3/3p1p2/2pP2p1/1qN3P1/1P1Q4/P4P2/2K4R b - - 5 33,f8e8 d3g6 e7g7 g6e8,1427,75,85,1011,deflection endgame mate mateIn2 short
21NYc,r2k3r/ppp2pp1/3p2q1/2bNn3/4P1p1/4B3/PPP2PPP/R2Q1RK1 w - - 2 16,e3c5 e5f3 d1f3 g4f3,1480,74,89,501,advantage kingsideAttack middlegame pin short
wKE3p,5rk1/5q2/2p1Qn1P/pp6/4Pp2/2P5/PP3P2/2K3R1 b - - 2 33,g8h7 g1g7 f7g7 h6g7,1478,79,93,13053,advancedPawn crushing endgame fork short
WBCdP,6k1/pp4p1/7r/3p1nR1/3P2K1/2P5/PP1N2r1/R1B5 w - - 5 34,g4f5 h6f6 f5e5 g2g5,1421,76,96,25624,deflection endgame mate mateIn2 short
Paiq5,3r1r1k/1Rp1Q1pp/8/p3P3/P7/8/2q2PPP/5RK1 w - - 2 21,b7c7 c2f2 f1f2 d8d1 f2f1 d1f1,1477,76,91,565,endgame long mate mateIn3 sacrifice
3QpSs,2k5/1pp5/p2p2pb/8/3Pb3/4P3/PPP2rPP/2K1RBR1 w - - 6 21,e1e2 f2e2 f1e2 h6e3 c1d1 e3g1,1481,78,96,37210,capturingDefender crushing endgame fork long
CRkZt,8/2p3k1/6p1/3pP3/1p1P2P1/1r6/4K3/2R5 b - - 1 35,b3c3 c1c3 b4c3 e2d3 c3c2 d3c2,1477,78,88,743,crushing endgame long rookEndgame
htk4J,8/6p1/RP6/5pk1/P7/7K/1r6/8 b - - 0 43,f5f4 a6a5 g5f6 a5b5,1489,75,100,956,crushing endgame rookEndgame short
kvaiL,4R3/8/5P2/8/4Q3/7p/5k1K/5q2 w - - 11 63,f6f7 f1g1 h2h3 g1g3,1417,75,81,347,endgame mate mateIn2 short
UOGrX,r1b2rk1/pp3ppp/4pq2/n1Pp4/3Pn3/P1PB1NB1/2Q2PPP/R3K2R b KQ - 4 13,e4g3 d3h7 g8h8 h2g3,1420,76,88,4593,crushing intermezzo middlegame short
smwAX,5k2/4R3/p1rnpBp1/P6p/5P1P/2P2P2/6K1/8 w - - 3 37,e7e6 f8f7 f4f5 g6f5 e6e7 f7f6,1409,78,85,627,advantage endgame long
m28Rs,r3r2k/4q1p1/p2p1p1p/1ppPnR2/4PQ1P/1PP3R1/P1B3P1/6K1 w - - 7 33,f5f6 e7f6 f4f6 g7f6,1429,75,91,1752,crushing middlegame short
T20yD,6k1/5p2/1ppP2p1/2P4p/1P5P/5QP1/R5K1/1q2r3 w - - 3 44,f3f2 b1e4 f2f3 e1g1 g2g1 e4f3,1488,77,91,432,advantage deflection endgame long
vPioL,4r2k/pb1r1pp1/1pp3qp/1Q1P4/8/2P1B3/P4PPP/3R1RK1 w - - 0 27,d5c6 b7c6 b5c6 g6c6,1456,75,88,695,crushing middlegame short
VkEKc,r2qr1k1/2p2ppb/2n2b1p/1p2p3/p2P1n2/P1P1NNBP/BP3PP1/R2QR1K1 w - - 3 22,a2d5 f4d5 e3d5 d8d5 d4e5 d5d1,1418,80,94,9858,crushing long middlegame
KlotQ,5rk1/p1p2pp1/bp1p3p/n2PrR2/2P1P1R1/2P1Q1P1/q2N3P/5BK1 b - - 3 22,h6h5 g4g7 g8g7 e3g5,1455,75,91,767,attraction crushing kingsideAttack master middlegame sacrifice short
ZZGGA,8/pp2B1Q1/2k1p3/2Pp4/6P1/P3r3/1Pq2r1P/K2R3R w - - 0 32,e7d6 e3a3 b2a3 c2a2,1438,79,92,325,mate mateIn2 middlegame sacrifice short
lYrO7,1r5k/6p1/pPQ2p1p/8/4R3/1q5P/5PP1/6K1 b - - 0 35,b3b6 e4e8 b8e8 c6b6,1430,74,96,24099,advantage deflection endgame short
kgZ8h,5k2/6p1/6Bp/1b1R4/p7/8/PP4PP/5qNK b - - 0 36,b5c6 d5f5 f1f5 g6f5,1497,76,89,585,advantage endgame fork short
6u88V,r4b1r/ppqk1pp1/4p2p/2p1n3/Q1Pp4/3P2B1/PP1N1PPP/R3K2R b KQ - 1 15,d7c8 a4e8 c7d8 e8d8 c8d8 g3e5,1440,77,94,7721,advantage long middlegame queensideAttack
sL5Km,r2qk2r/pbp1nppp/1bn5/1p1Pp3/8/5NP1/PP3PBP/RNBQR1K1 b kq - 0 12,e7d5 f3e5 c6e5 e1e5,1419,75,88,430,advantage opening short
zX07U,rn2kbnr/pp1bpppp/8/1Bp5/1qN1p3/PPN5/2PP1PPP/R2QK2R b KQkq - 0 9,b4c3 b5d7 b8d7 d2c3,1449,80,91,1618,advantage intermezzo opening short
AZi3d,2r3k1/5pp1/4p3/1p2qn1p/p7/P1P2Q2/1PB2PP1/3R2K1 b - - 1 36,c8c4 d1d8 g8h7 f3h5,1424,77,96,5557,endgame mate mateIn2 short
TmPVv,8/8/5b2/1p2pP2/3pK1N1/2k5/8/8 b - - 9 49,d4d3 g4f6 d3d2 f6d5,1444,76,94,866,crushing endgame hangingPiece master short
xyXhm,8/8/8/3pkpp1/7P/4KPP1/8/8 b - - 0 41,f5f4 g3f4 g5f4 e3d3 e5f6 d3d4 f6g6 d4d5,1490,79,93,616,crushing endgame pawnEndgame veryLong
cStph,3Q4/p7/6k1/8/P4P2/5qP1/6K1/8 w - - 0 46,g2h3 f3h1 h3g4 h1h5,1448,78,93,2450,endgame master masterVsMaster mate mateIn2 queenEndgame short
HnnJw,6k1/5p1p/2b5/8/3q2PP/P1p5/5R1K/5R2 b - - 1 42,d4g4 f1g1 g4g1 h2g1,1481,76,94,4023,advantage endgame master pin short
b3qeg,r6r/1p1kq3/2pb2Q1/p2p3n/3P1P2/P1N5/1P4PP/R3R1K1 b - - 2 21,e7h7 g6e6 d7d8 e6d6,1494,76,93,1845,advantage deflection middlegame short
s6uq9,2kr3r/p3npQp/b1p1p3/2b1N3/2P5/5N2/PP3qPP/R1B2RK1 w - - 0 15,f1f2 d8d1 f3e1 d1e1,1402,74,86,540,kingsideAttack mate mateIn2 middlegame pin short
2AJay,3b4/pp1k4/2pR2p1/2Pp2p1/1q6/2N2rP1/P1KB3P/4R3 b - - 2 31,d7c7 c3d5 c6d5 d2b4,1403,75,86,955,crushing discoveredAttack middlegame short
5lVWt,2Q1R3/6p1/5rkp/p6p/1p3P2/P1P2qP1/1P6/K7 w - - 0 42,e8h8 f3d1 a1a2 b4b3,1460,75,100,3069,endgame mate mateIn2 short
1Z3sl,8/8/2p5/1r2k3/1R6/1PPK4/8/8 b - - 6 52,b5b4 c3b4 e5d5 d3c3 c6c5 b4b5,1443,77,95,16530,crushing defensiveMove endgame long
kwlKg,2r2rk1/1p3p2/p3p1p1/3p2NP/b4P2/PqP4Q/1P1R3P/2K4R b - - 2 23,d5d4 h5g6 c8c3 b2c3,1462,75,91,2399,crushing middlegame short
56iC1,r4rk1/4b1pp/pq6/2pP1n2/4B3/3Q1N1P/P5P1/R4RK1 w - - 2 25,e4f5 c5c4 d3d4 e7c5 f5e6 g8h8 d4c5 b6c5,1402,80,93,2670,clearance crushing discoveredAttack discoveredCheck middlegame pin veryLong
3jy5z,8/p1R5/1p2R1p1/4n1P1/1kP4Q/2qr4/5P1P/6K1 w - - 3 34,c4c5 d3d4 h4d4 c3d4,1403,76,97,2760,crushing defensiveMove endgame short
DlEJ5,8/6p1/2p4p/2Pp2k1/1P1P2P1/8/3K4/8 b - - 4 56,g5g4 b4b5 c6b5 c5c6,1485,79,91,1870,crushing endgame pawnEndgame short
ZMadn,4r2k/6bn/2PQ4/3P1bp1/P5Nq/2B1p3/3KB3/R5R1 w - - 0 33,g4e3 g7c3 d2c3 e8e3 c3d2 h4d4,1403,80,97,5463,attraction crushing exposedKing fork long middlegame
8HntW,2rq1rk1/p4pp1/bp3n1p/3p1N2/Q2p4/4PN2/PP3PPP/2R1R1K1 b - - 1 19,a6d3 c1c8 d8c8 f5e7,1434,78,95,27200,crushing middlegame short
Es39c,8/8/8/5p2/1P6/3K2k1/1P6/8 w - - 1 44,d3e3 f5f4 e3e2 g3g2 b4b5 f4f3,1489,73,95,23791,crushing endgame long pawnEndgame
8arF9,8/8/1K6/1pP5/1P1k4/Pb6/8/8 b - - 14 60,b3c4 c5c6 d4c3 c6c7 c4e6 b6b5,1481,76,95,5891,advancedPawn bishopEndgame crushing endgame long
USH00,5r1r/PQ6/2R2nk1/3p4/3Bp1b1/6P1/1P3PB1/2R2K1q w - - 5 38,g2h1 h8h1 f1g2 g4f3,1417,74,97,20051,mate mateIn2 middlegame short
hU5dW,7r/1Q4pp/4ppk1/p4n2/P1P1pq2/4bP2/R3B1PP/5R1K w - - 0 25,f3e4 f5g3 h2g3 f4h6 e2h5 h6h5,1437,75,100,1542,kingsideAttack long mate mateIn3 middlegame sacrifice
w6ir6,6r1/pR1k1p1p/2pPpB2/8/4KP2/3P2PB/5q1r/8 b - - 2 24,d7d6 f6e7,1472,75,96,1964,endgame mate mateIn1 oneMove
QR5kA,r4n1r/1p4kp/pq4p1/1B1pPpP1/3P4/2P4Q/PP6/R1B1KR2 b Q - 0 23,a6b5 h3h6 g7g8 f1f5,1420,75,80,349,advantage middlegame short
7CVXS,8/1p4Q1/4r3/3q1p1k/1P1BR1p1/2PPKnP1/5P2/8 w - - 1 42,g7h7 e6h6 h7e7 f5e4,1432,77,93,3949,advantage endgame master short
YKjKt,2r5/5p2/5k2/6RK/7P/8/8/8 w - - 1 58,g5g1 c8h8 h5g4 h8g8 g4f3 g8g1,1454,77,94,13915,crushing endgame long rookEndgame skewer
dvoql,r1b1k2r/pp1n1ppp/2p1pn2/q2p2B1/1bPP1P2/PQN1PN2/1P4PP/R3KB1R b KQkq - 0 9,f6e4 b3b4 a5b4 a3b4,1466,77,94,1371,advantage opening short
opyCc,6k1/ppp3p1/2n5/2b1rp2/5NK1/1P5P/P1Q3B1/3R4 w - - 0 34,g4f3 e5e3 f3f2 e3c3 f2e2 c3c2,1474,77,96,16402,advantage discoveredAttack discoveredCheck exposedKing long middlegame
Oz4Uq,5Q2/p2q4/kpnN4/8/4P3/7P/6PK/2r5 b - - 10 45,c1c2 f8f1 c2c4 f1c4 b6b5 c4b5,1439,79,94,2882,endgame long mate mateIn3
UJVXK,1k1r1b1r/ppp2Q2/6p1/4P2p/3Pn3/4BN2/PP2q1PP/R4RK1 w - - 1 19,e3g5 e4g5 f3g5 e2e3 g1h1 e3g5,1449,76,100,1605,advantage fork long middlegame
nUDpF,r5k1/p4p1p/4r1p1/1qpN4/8/5Q1P/PP4P1/5RK1 b - - 8 29,b5b7 d5f6 e6f6 f3b7 f6f1 g1f1,1460,77,93,812,crushing discoveredAttack endgame long
e4EmL,7k/p1q2p1p/2p4b/2N1PR2/1P4Q1/2P4P/3r4/7K w - - 3 34,f5f6 c7e5 g4c8 h8g7 f6f7 g7f7,1457,76,93,1285,crushing endgame long
5bmZM,8/4Bp2/6p1/1p6/4n1PP/1kR5/6K1/8 b - - 0 59,b3c3 h4h5 g6h5 g4h5,1413,75,94,498,crushing endgame short
5ECTN,2r1kr2/pp2ppQp/1q4p1/3p1b2/1n1N4/4P3/PPP2PPP/2KR1B1R b - - 2 16,b4c2 f1b5 f5d7 b5d7 e8d7 d4c2,1408,75,95,12952,crushing long middlegame
te0kq,8/p7/1p2k1nP/6P1/P3K3/8/2p5/2N5 b - - 3 53,e6d6 e4f5 g6e7 f5f6,1413,79,94,2472,crushing defensiveMove endgame knightEndgame short
Z29qC,r4rk1/pbqn1ppp/1p2p3/8/3P4/2RQKNP1/P4PBP/7R b - - 0 19,c7d6 f3g5 d7f6 g2b7,1407,78,94,10406,advantage discoveredAttack middlegame short
Cchno,7k/1RN5/p4p1p/1p6/4n3/r3P2P/6PK/8 b - - 4 30,h8g7 c7b5 g7g6 b5a3,1438,75,84,523,crushing discoveredAttack discoveredCheck endgame short
DfvMU,r2qkbnr/ppp2ppp/8/3Nn3/Q5b1/5N2/PP3PPP/R1B1KB1R b KQkq - 1 8,c7c6 f3e5 d8d5 e5g4,1423,76,100,1303,advantage hangingPiece opening pin short
68IXS,3r4/5R2/8/p5p1/1bB2k2/1P6/6K1/8 b - - 5 41,f4g4 c4e2 g4h4 f7h7,1476,79,95,20476,endgame mate mateIn2 pillsburysMate short
8VKpU,1k1r1r2/ppp5/7p/4N3/1b1n2q1/2N1P2R/PPQ3P1/R5K1 w - - 0 23,e3d4 g4d4 g1h1 d4e5,1405,79,92,1369,crushing fork middlegame short
sNVOy,4r3/pp4bk/3n2p1/5pPp/2p2q1P/2P1NP2/PP1QBK2/4R2R w - - 1 27,e3c4 d6e4 f2f1 e4d2,1454,76,97,6386,crushing middlegame pin short
zwWNv,r3r1k1/bpp2p1p/p2p2n1/3Pp1q1/NPP5/P1N2QP1/5PKP/2R2R2 w - - 2 21,c3e4 g6h4 g2h1 h4f3,1410,76,93,824,advantage middlegame pin short
O63O4,rn2k2r/ppp2ppp/8/8/4P1Q1/2q3P1/P6P/R1BK1BNR b kq - 1 13,c3a1 g4c8 e8e7 c8h8,1445,77,100,1219,advantage middlegame short skewer
CljQX,2kN1b1r/ppp3pp/2n5/8/2Pp2b1/4B1P1/PP3P1P/R3KB1R w KQ - 0 14,d8f7 f8b4 e3d2 h8e8,1428,77,93,2914,clearance crushing middlegame short
nF25j,2r3k1/pp3pp1/1b2b2p/4p3/PP2P3/1pPr1P2/3BK1PP/R6R w - - 0 21,e2d3 e6c4,1465,77,95,4679,endgame mate mateIn1 oneMove
wSM1Z,5rk1/2q2p1p/4p1pB/2P5/3bB3/5QP1/1r5P/5R1K b - - 6 29,d4c5 f3f6 c5d4 f6d4,1491,77,89,364,crushing middlegame short
eFeXW,3r1k2/1pq2rp1/p4B2/1bb1p2Q/4P3/1BP5/P5PP/R6K b - - 2 24,f7f6 h5h8 f8e7 h8g7 e7e8 g7c7,1485,77,96,17729,advantage deflection interference long middlegame skewer
P9dFk,8/p7/8/nPpB4/P1P1K3/6p1/5k2/8 w - - 0 63,e4e5 a5c4 d5c4 g3g2,1460,77,90,340,advancedPawn crushing endgame sacrifice short
YKkGX,8/p2R1p1k/1p4pP/1P3r2/4p3/3pQ3/r4PK1/8 w - - 4 40,g2g3 f5f3 e3f3 e4f3,1439,78,92,563,advantage endgame fork master queenRookEndgame short
RT0yM,rn6/1pk1br2/p1p1q2p/8/3P4/P1N2PQ1/1PP4P/2KRR3 b - - 3 19,e7d6 e1e6 d6g3 h2g3,1439,77,94,2363,advantage middlegame short
Q0ddT,8/3q1pk1/3pr2p/R4RpP/1p2P1P1/1B1P4/2P5/2K5 b - - 4 36,e6f6 f5f6 g7f6 a5f5 f6g7 f5f7 d7f7 b3f7,1404,77,87,473,attraction crushing endgame fork veryLong
OcJEW,r7/5pk1/2np2p1/q2Nr1QN/4p2p/1P5P/P5P1/3R1K2 b - - 5 35,g7h7 d5f6 h7h8 g5h6,1432,75,95,9010,mate mateIn2 middlegame short
xMBsF,2r3r1/ppQ5/6k1/4p3/3b3B/3P1p2/PP3P2/2K4R w - - 3 27,h1g1 g6h5 c1d2 c8c7,1447,75,85,853,crushing defensiveMove endgame pin short
cS0QX,1r4r1/pp1k1Np1/n1n1p3/3pP1Bp/Qb1P4/5B2/PP3P1q/R4KR1 b - - 3 21,b8f8 g1h1 h2h1 f3h1,1462,75,95,28932,advantage middlegame pin short trappedPiece
uXFTa,8/6pp/8/3p4/1r3R2/1Pk3KP/5PP1/8 w - - 2 38,f4b4 c3b4 g3f3 b4b3,1428,75,96,1854,advantage endgame short
57BH0,2b3k1/r4pp1/B4q1p/R2p4/8/1P2P3/3Q1PPP/6K1 w - - 2 34,a6c8 f6a1 a5a1 a7a1 d2c1 a1c1,1493,78,82,3159,backRankMate endgame long mate mateIn3 sacrifice xRayAttack
vxZFm,8/pb2r1k1/1p3rPp/2pp4/3b4/P5N1/1PBR2PP/3R3K b - - 0 34,f6f2 d2f2 d4f2 g3f5 g7g6 f5e7,1472,77,94,1154,crushing discoveredCheck doubleCheck fork long middlegame
Kv1P5,1q1k1b1r/2p2ppp/r1B2pb1/3P4/3Np3/2Q5/PPP2PPP/R3K2R w KQ - 9 16,a2a3 f8b4 a3b4 a6a1 e1d2 a1h1,1431,78,94,3642,crushing long middlegame pin skewer
Dx6fp,r3r1k1/p1q4p/6p1/4pp2/7N/5P2/PPb3PP/R2Q1RK1 w - - 0 18,a1c1 c7b6 g1h1 c2d1,1441,73,96,30618,crushing middlegame short
SbRuE,r4q1k/ppp3p1/8/6Np/4p2b/1P1n4/P1P1Q3/R1BK4 b - - 1 27,d3c1 e2h5 h8g8 h5h7,1469,76,83,587,fork mate mateIn2 middlegame short
3hUyd,r2qk1nr/pp2ppbp/2np2p1/2p5/4P3/5BPb/PPPPNP1P/RNBQR1K1 b kq - 3 7,e7e6 e2f4 h3g4 f3g4,1438,79,91,2079,crushing master opening short trappedPiece
u9upu,4r3/4rk2/1ppqpn2/6pp/2PP4/4R2B/Q4PPP/4R1K1 w - - 0 32,h3f5 e6f5 c4c5 d6d5 e3e7 e8e7 e1e7 f7e7,1482,78,95,2167,advantage hangingPiece middlegame veryLong
0pB9u,3r4/1p4pk/p3b1Np/1pPr4/1P1P4/P5K1/3R4/4R3 b - - 6 37,e6f5 g6e7 d5d4 d2d4 d8d4 e7f5,1516,77,94,10890,crushing endgame long
cyPVg,2r2rk1/1R5p/6p1/8/6N1/4n2P/P7/5RK1 w - - 2 37,f1f2 c8c1 g1h2 e3g4 h3g4 f8f2,1521,76,81,1096,crushing endgame exposedKing long
nPmUy,rn3r2/pp5Q/4p1qp/1N3k2/1bPpp1P1/8/PP3P1P/R4K1R b - - 0 18,f5g5 h2h4 g5f6 g4g5 h6g5 h4g5,1539,75,93,398,crushing long middlegame
isssb,6k1/ppq2pp1/2pb1n1p/3p1N2/3Pr3/5Q1P/PPP1NPP1/R5K1 w - - 6 21,f5h6 g7h6 f3f6 e4e2,1530,76,94,11237,crushing hangingPiece middlegame short
Xx0Zl,1r2k2r/p2bppbp/2pp2pB/q7/4n3/1PNB4/P1PQ1PPP/2KR3R w k - 0 14,c3e4 a5a3 c1b1 a3b2,1513,77,97,7247,mate mateIn2 middlegame queensideAttack short
VPnKE,r1b2rk1/ppp2pp1/1b1p3B/3Np2Q/6PK/1B3q2/PPP2P1P/R4n2 b - - 2 17,f1h2 d5e7 g8h7 h6c1,1597,76,94,490,discoveredAttack discoveredCheck mate mateIn2 middlegame short
EisA4,5bk1/5p1p/8/p2Q2P1/4p2p/2P2q1P/P4P2/1K1R4 w - - 2 38,d1d3 f3d3 d5d3 e4d3,1571,75,94,21073,crushing endgame short
cTrPz,8/2pQ1ppk/1p2p3/p3pq1p/2P5/P1N2bP1/1P3P1P/R5K1 w - - 3 25,h2h4 f5h3 d7d3 e5e4 d3e4 f3e4,1544,75,92,2262,advantage defensiveMove endgame long
USkTC,r2q4/pppk1pp1/3p1n1p/8/2P2Bb1/P2Q1N2/2P3PP/4R1K1 b - - 0 17,a7a6 f3e5 d7c8 e5g4,1567,77,90,5626,crushing middlegame pin short
mnHkN,8/5p1p/p2k2p1/6P1/2n1PP1P/1N6/P1p3B1/3r1RK1 w - - 8 39,g2f3 d1f1 g1f1 c4d2 b3d2 c2c1q,1518,74,87,494,advancedPawn attraction crushing deflection endgame exposedKing long master promotion
iL1gX,6k1/4bpp1/1PR3p1/2P1P2q/5P2/r2rB2P/2Q3K1/4R3 w - - 3 31,b6b7 d3e3 b7b8q g8h7 e1e3 a3e3,1546,74,91,862,crushing long middlegame
dDQcL,8/1pp5/p1kn2PR/3p4/r2P4/2P5/7P/7K b - - 0 38,c6d7 g6g7 a4a1 h1g2 d6f5 g7g8q,1510,76,81,380,advancedPawn crushing endgame long promotion
xKM8x,2r5/4b3/p3b1k1/1p2P3/1Pp1KP1p/P1R3B1/3R4/8 b - - 0 37,h4g3 c3g3 g6f7 f4f5 c4c3 f5e6,1550,76,89,364,advantage endgame long trappedPiece
BXWwS,4r1k1/p1nq1p2/2p2Qp1/1p1b1pNp/3P4/P1PB4/1P2RPPP/6K1 w - - 1 26,e2e8 c7e8 f6e5 f7f6 e5e3 f6g5,1508,77,92,929,crushing fork long middlegame
2M2bs,8/pB6/2P4p/1P4p1/P2n1k2/8/4pK2/8 b - - 0 44,g5g4 c6c7 g4g3 f2e1,1524,76,90,483,advancedPawn crushing defensiveMove endgame short
0YhYG,3r4/2RP4/1N3bp1/1k6/N3p3/3bP1Pp/2p4P/2K5 b - - 1 56,f6g5 c7c5 b5b4 c5g5,1514,77,94,8928,crushing endgame fork master short
rP7DQ,r1b2rk1/pp3ppp/3p1b2/3Pn3/4BB2/6N1/PqP3PP/R2Q1R1K b - - 4 15,c8g4 f4e5 b2e5 d1g4,1594,76,90,4888,advantage capturingDefender middlegame short
XZpj7,2rkr3/2q3bp/8/6P1/1QBpp2p/1P6/P3N2P/1K1R4 b - - 2 34,d4d3 c4d3 e4d3 d1d3,1556,77,90,2731,advantage master middlegame short
ya4id,8/8/8/3kr1p1/8/8/4r3/3K1Q2 w - - 4 71,f1e2 e5e2 d1e2 d5e4 e2f2 e4f4 f2g2 f4g4,1555,74,96,1863,crushing defensiveMove endgame veryLong zugzwang
ggpDG,r3k1nr/p4ppp/2p5/qb1pp2P/Pb6/1P3P2/2QBP1P1/RN2KB1R w KQkq - 3 15,a4b5 b4d2 e1d1 a5a1 c2c6 e8e7,1538,76,93,940,advantage defensiveMove long opening pin
Vy3sq,rnb1r1k1/1p3p1p/4pqpB/4n3/2p1N3/P1Q5/1P3PPP/R4RK1 b - - 5 18,f6h4 c3e5 h4h6 e4f6 g8h8 f6e8,1580,77,94,1613,advantage discoveredAttack discoveredCheck fork long middlegame
ydi9n,1q1r2k1/p4pp1/1p3n1p/1N6/4n3/1PQ2N1P/P4PP1/5RK1 w - - 2 24,c3e5 b8e5 f3e5 d8d5 b5a7 d5e5,1543,76,94,14777,crushing fork long middlegame
4rBLa,6r1/6pk/p3p2p/3p2P1/2p1pq1R/P1P3RQ/5PKP/1r6 b - - 0 35,f4c1 h4h6 g7h6 h3h6,1545,78,98,3782,endgame mate mateIn2 sacrifice short
D9aSB,r3k2r/npp1bpp1/p2p4/P2P2Nn/2B1PBq1/2N4p/1PP2Q2/R4R1K w kq - 2 18,f1g1 g4f4 f2f4 h5f4,1569,75,94,370,advantage middlegame short
hdV8G,8/1b1n2kp/2n1p1pN/1p1p4/1Pp2QPB/3q3P/5P1K/8 b - - 0 35,d3d4 f4f7 g7h6 g4g5 h6h5 f7h7,1574,76,96,9273,deflection fork long mate mateIn3 middlegame sacrifice
HuyLo,4R3/p4k1p/p1n2qp1/5p2/5PP1/1P1p2KP/P5B1/4R3 b - - 2 26,d3d2 g2d5 f7g7 e8g8,1574,75,95,2314,crushing endgame short
2IaG9,1r3r1k/p3R1pb/5p1p/5P2/2Bp4/3P4/P6P/4R1K1 w - - 0 40,e7g7 h8g7 e1e7 g7h8,1547,77,91,1770,crushing endgame hangingPiece short
mFHCO,r1b2k1r/pp3pNp/7Q/3p4/1q6/5K2/PPn2PPP/RN3B1R w - - 2 16,f1d3 b4g4,1547,78,91,3493,mate mateIn1 middlegame oneMove
uGXRN,1k4rr/1p1Q2p1/1pp3b1/7q/P4R1p/8/1P3PPP/3R1NK1 w - - 0 33,d7g4 h5g4 f4g4 g6h5,1512,76,94,22507,advantage clearance middlegame short
Xxfmw,r1b1qrk1/p1pn1pbp/5np1/NB6/5P2/5N2/PPP2PPP/R2Q1RK1 b - - 0 12,e8d8 a5c6 d8e8 f1e1,1557,77,94,8603,advantage opening short
MFpVu,5k1r/1p1q4/5n2/1Pp2Q1p/3b3P/R3pP2/4N1P1/4K2R w K - 1 26,f5g6 d4c3 a3c3 d7d2 e1f1 d2d1,1591,77,96,25392,clearance exposedKing long mate mateIn3 middlegame sacrifice
sRa0O,5rk1/1pp3p1/p4pRn/6r1/3p1q1N/3P2P1/PPP2P2/R2Q2K1 w - - 3 28,d1e2 f4h4 g6g5 h4g5,1568,74,95,19466,crushing middlegame pin short
xMcTH,r1bqk2r/pp1n2bp/2p3p1/3pN3/5P2/2N1P1P1/PPP3P1/R2QKB1R w KQkq - 1 12,e5g6 h7g6 h1h8 g7h8,1562,78,92,5116,advantage hangingPiece opening short
mBUps,rr5k/p4Ppp/1b6/3Q4/4P1n1/5NBq/PP3P1P/R2R2K1 w - - 1 24,g3b8 b6f2 g1h1 h3f3,1578,77,92,1741,kingsideAttack mate mateIn2 middlegame short
ILHkn,3r1r2/pp5k/2pn4/4p3/8/BPP4N/P5PP/4R2K b - - 4 26,e5e4 h3g5 h7g8 g5e6,1504,78,93,1734,advantage endgame short
qiu4Q,2r2bk1/r6p/2p1p1p1/BP1pP3/3P4/8/5P1P/2R1R1K1 w - - 1 26,c1c6 c8c6 b5c6 a7a5 e1b1 a5a8,1585,77,95,25290,advantage defensiveMove endgame long master
Edn6G,r1b1k1nr/ppp2ppp/2n2q2/b3p3/2B1P3/1QP2N2/3N1PPP/R1B2RK1 w kq - 0 13,a1a5 c6a5 b3a4 a5c6,1510,77,88,866,advantage defensiveMove hangingPiece master middlegame short
DO2K2,2rq2rk/1p1n1ppp/p7/4P3/3PP1Q1/B4R2/P5PP/R5K1 w - - 3 21,f3f7 d7e5 d4e5 d8d4 f7f2 d4a1,1500,76,93,2794,advantage clearance fork long middlegame sacrifice
xcB0x,5r2/1pR4Q/p2Pk1r1/3npq2/1P4N1/6P1/5P2/6K1 b - - 4 44,d5c7 h7e7 e6d5 g4e3 d5e4 e3f5,1582,80,94,3155,crushing endgame fork long
kXy00,3r1b1k/R6p/4B1p1/1p1Pp3/8/4p1PP/PP3P2/6K1 w - - 0 26,a7c7 e3e2 c7c1 f8b4,1544,76,96,23262,advancedPawn advantage defensiveMove endgame short
NizMS,r1b2rk1/p4pbp/1p2pnp1/2q3R1/2P4P/3B1N2/PPQB1P2/2KR4 b - - 1 18,c5f2 d1f1 f2f1 d3f1,1528,78,93,5174,advantage master masterVsMaster middlegame short trappedPiece
KWxIP,8/6k1/6p1/5p2/pr6/6N1/1pB2KP1/1R6 w - - 0 43,g3e2 a4a3 e2c3 b4c4,1509,75,94,22511,advantage endgame short
OVuxi,4k3/5p2/4bKN1/8/5P2/8/8/8 b - - 0 71,f7g6 f6e6 g6g5 f4g5 e8f8 e6f6 f8g8 f6g6,1554,76,97,4646,crushing defensiveMove endgame hangingPiece veryLong
mPa3L,6k1/R4p1p/8/pP4p1/8/7P/2Rn1PPK/3r4 w - - 5 35,g2g3 d2f3 h2g2 f3e1 g2f1 e1c2,1568,77,94,5849,advantage discoveredAttack discoveredCheck endgame fork long master
tqt35,r3k1nr/pp1n2R1/2pB3p/6b1/4P1b1/2NP4/PPP3P1/R3N1K1 b kq - 0 18,g8e7 d6e7 g5e7 g7g4,1578,75,94,6446,advantage middlegame short
ohPdU,5rk1/1Q6/P1Pp3p/P3p1p1/4q3/1P4R1/5PK1/8 w - - 3 45,g2h2 f8f2 h2g1 e4e1,1501,74,91,3789,endgame mate mateIn2 short
41jFO,r3rnk1/ppb1q1p1/2n5/2ppPRNQ/8/3P2P1/PPP4P/R1B3K1 b - - 0 19,c7e5 f5f8 e8f8 h5h7,1525,75,100,1667,kingsideAttack mate mateIn2 middlegame sacrifice short
ENQPc,5rk1/5ppp/pr2p3/3pN2n/3P4/QN3P2/PPq5/4RRK1 w - - 0 24,a3e7 h5f4 f1f2 f4h3,1586,76,96,1878,advantage middlegame quietMove short
zWmbP,rn1q2kr/pp1bb2p/4p2Q/3pPp2/2pP4/2P4P/PP1N1PP1/RN2KB1R w KQ - 1 12,g2g4 e7g5 h6h5 d7e8 h5e8 d8e8,1531,75,96,12987,crushing long middlegame trappedPiece
vad7S,8/1R2b1pp/8/1PpNkq2/2P5/3p4/1P3PPP/4N1K1 w - - 1 29,b7b6 d3d2 e1f3 f5f3 g2f3 d2d1q,1506,76,90,1749,advancedPawn advantage endgame long promotion
SJTdQ,r1b1kb1r/1pq2ppp/p1n1p3/2p5/P1B1N1n1/5N2/1PPPQPPP/R1B2RK1 w kq - 6 11,h2h3 c6d4 h3g4 d4e2,1525,74,88,1513,advantage kingsideAttack opening short
ySOS4,2b1r3/4k3/prp4R/R2p1Bp1/1P1K4/P3P3/6P1/8 w - - 5 40,f5d3 c6c5 a5c5 b6h6,1582,75,83,3034,advantage discoveredAttack endgame master short
HOtmJ,r2q2k1/pppn4/1b1ppnQ1/6B1/3P4/7P/PP3PP1/R4RK1 b - - 1 19,g8f8 g5h6 f8e7 g6g7,1507,75,89,819,advantage middlegame short
Zpdfr,r5k1/pp3pn1/2p2q2/7Q/5p2/1NP5/PP3PPP/4R1K1 w - - 1 25,h5e5 a8e8 e5e8 g7e8,1581,75,94,14179,advantage endgame short
QHRPq,r2qr1k1/ppp2ppp/3b1n2/4n3/8/2N1PB2/PPP2PPP/R1BQ1RK1 w - - 3 11,c3d5 e5f3 d1f3 f6d5,1503,78,92,887,advantage kingsideAttack opening short
nzd5r,2kr4/7R/pb6/7p/5B2/P3P3/5PPP/5rNK w - - 2 34,h7h5 f1g1 h1g1 d8d1,1528,80,94,867,attraction backRankMate endgame mate mateIn2 sacrifice short
yyKj1,r4rk1/1Rp3pp/5p2/p1P1p3/2q5/P4R1P/6P1/4Q2K b - - 0 26,c4c5 f3c3 c5d6 c3c7 d6c7 b7c7,1543,78,91,849,advantage endgame long
FyLtl,8/5pkp/3K2p1/4P3/3R2Pq/3Q4/7b/8 w - - 2 46,d3f3 h4d8 d6c5 h2g1,1594,78,96,21462,crushing endgame pin short
oLOii,r1b4r/ppp3p1/2nbpqk1/3p1pN1/3P3P/2P3P1/P1P1QP2/R1B1R1K1 b - - 2 14,h8e8 h4h5 g6h6 g5e4 h6h7 e4f6,1524,75,100,541,advantage discoveredAttack long middlegame
SFD8A,6rk/pp2r3/2p5/2bp3p/3N2b1/1P1BP1P1/P1P2P1P/R4RK1 w - - 0 23,d3f5 c5d4 f5g4 d4a1,1550,79,93,1657,advantage middlegame short
k7jB9,2nr2k1/1p1r1p2/p4pp1/3p4/P7/1P3BP1/3R1PP1/3R2K1 w - - 0 25,f3d5 c8b6 d5b7 d7d2 d1d2 d8d2,1583,74,87,311,crushing endgame long
DlnOp,3Rr3/pp2P2p/2pP4/4k3/2P3r1/1P6/P7/7K b - - 2 45,g4g8 d8e8 g8e8 d6d7 e8e7 d7d8q,1592,78,95,5339,advancedPawn advantage endgame long promotion rookEndgame
s1BcU,8/5ppp/2p1p1b1/2R1Nn2/3P3P/R5Pk/1r6/6K1 w - - 15 37,g3g4 f5g3 a3g3 h3g3,1508,77,100,925,advantage defensiveMove endgame short
p5Gox,5bk1/2n2p2/p4npp/P2p4/2rPp3/1qB1P1PP/N2Q1P1K/R4B2 b - - 7 30,c4a4 a2c1 a4a1 c1b3,1523,76,83,1386,advantage middlegame short
GISUq,6r1/pp3p2/2pp3k/4nP2/2P1Q1nP/2N1q3/PP2B3/1K4R1 b - - 1 31,d6d5 e4e3 g4e3 g1g8,1522,76,90,587,advantage master middlegame short
rsFWL,2rqn2k/p5pp/3b4/8/Q2p4/3PB3/PP3PPP/RN4K1 w - - 0 19,a4d4 c8c1 e3c1 d6h2 g1h2 d8d4,1519,75,94,9662,advantage discoveredAttack long middlegame sacrifice
QINpJ,2r1r1k1/p4pp1/1p3np1/3p4/3Q1Pq1/1NP1RpPb/PP5P/4R1KB w - - 0 28,h1f3 g4f3 e3f3 e8e1,1553,76,97,2714,crushing deflection kingsideAttack middlegame short
4DRjM,2k4r/Bp1n4/4Q3/3N1p2/7p/8/PPPKB2q/6r1 b - - 0 31,g1g2 d5b6 c8c7 e6d7,1546,79,93,4005,mate mateIn2 middlegame short
5gJZv,1r4k1/8/4R1pb/8/6r1/NP3n2/PBP4P/1K2R3 w - - 4 35,e6e8 b8e8 e1e8 g8f7 e8e1 f3e1,1534,77,92,484,advantage long middlegame
V8jsq,1r4k1/5p2/p1bpp1p1/2p4p/P1PbPP2/2NP4/2Q1R1PP/q2BB2K w - - 0 28,c2a2 d4c3 a2a1 c3a1,1504,76,93,5886,advantage middlegame short
1fNLI,r4rk1/pp3ppp/2n1pn2/3p4/3P4/P1N2B1P/1qPQ1PP1/R3R1K1 b - - 1 14,a8c8 e1b1 b2a1 b1a1,1534,75,100,1411,advantage middlegame short trappedPiece
HPlwc,2r3k1/3Q1p1p/1p4p1/p7/2q4P/3R2P1/1P3P2/6K1 b - - 0 36,h7h5 d3c3 c4c3 b2c3,1511,74,95,15444,advantage endgame short
lrPSS,rn3rk1/pb3pbp/1p4p1/2pq4/8/2PBPN1P/PPQN2P1/3R1RK1 b - - 1 18,b8d7 d3e4 d5e6 e4b7,1571,74,94,8508,advantage middlegame short skewer
zpGce,1r1q1rk1/pp2ppb1/4b2p/n5p1/2BP4/2N1PNP1/PPQ2PP1/R3K2R b KQ - 6 17,a5c4 f3g5 f7f5 g5e6,1575,76,94,8375,advantage middlegame short
EhGQc,r1q2rk1/p2b1nb1/Pp4pp/4pn2/1P6/2BB1N2/R4PPP/3QRNK1 w - - 2 22,d1b3 d7e6 b3b2 e6a2,1556,76,92,4575,advantage master middlegame short skewer
SuZty,q5k1/3nppb1/2np2pp/3N4/3PP1PP/1PQ1BP2/2P5/1K6 b - - 1 30,e7e6 c3c6 a8c6 d5e7 g8f8 e7c6,1558,74,89,814,advantage attraction fork long middlegame sacrifice
Q5F5n,6R1/1p3p2/4k3/8/1r2r2p/4PK2/3R4/8 b - - 7 41,b7b5 g8e8 e6f5 d2d5 f5g6 e8e4,1572,80,94,5961,crushing deflection endgame exposedKing long rookEndgame
UuHVe,r2k3r/ppp1n1Q1/2p5/7q/4p3/7b/PPPPNPP1/R1B2RK1 w - - 0 16,g2h3 h8g8 g7g8 e7g8,1521,76,94,6108,advantage middlegame pin short
rknFW,r4rk1/4R1pp/2pn3P/p2p1pP1/3P1P2/2P4Q/2q2B2/4R1K1 b - - 0 32,g7g6 e7g7 g8h8 e1e7,1505,76,86,1190,clearance crushing defensiveMove middlegame short
bL5PT,3k4/1Br2p2/2Pr2pp/P7/8/R7/6P1/6K1 b - - 0 49,c7b7 c6b7 d8c7 a5a6,1573,80,94,1055,advancedPawn advantage endgame hangingPiece rookEndgame short
zlC0W,r1b1kb1r/pp3ppp/2pp4/4p1q1/4N3/1BP2Q2/PP3PPP/R4RK1 b kq - 3 13,g5e7 e4d6 e7d6 f3f7,1584,77,97,3524,advantage attackingF2F7 deflection middlegame short
vphRq,r1b2r2/pp4k1/4pn2/2n3P1/3N4/2P2P2/P1BK4/4R2R b - - 0 25,f6d5 h1h7 g7g8 e1h1,1593,74,89,2748,advantage clearance defensiveMove middlegame short
tTYuG,4r2k/6pp/5p2/1PQ5/7q/7P/6P1/3R3K b - - 0 31,e8e1 d1e1 h4e1 h1h2,1587,76,85,333,crushing endgame master short
FPGHZ,3R4/3N1p1k/4p1pp/6r1/6n1/8/r5PP/5RK1 b - - 1 43,g4e5 d7f6 h7g7 d8g8,1547,77,93,3493,endgame mate mateIn2 short
eRMa7,2b3k1/5pp1/7p/n2p4/3N1Pq1/P2BP2P/5KP1/2R5 b - - 0 31,g4d7 d3f5 d7f5 d4f5,1544,79,94,10938,advantage endgame short
GCbXZ,r1b1kb1r/pp1n1ppp/2q1pB2/2pp4/3P4/1QP1PN2/PP1N1PPP/R3KB1R b KQkq - 0 8,d7f6 f1b5 c8d7 b5c6,1507,79,93,9367,crushing opening pin short
p8zgF,3q1rk1/1pr2p1p/p4np1/8/3Q4/2N2P2/PPP2P1P/4RKR1 w - - 2 18,e1d1 c7d7 d4d7 f6d7,1548,75,94,1045,advantage middlegame short
ntffU,2b1R3/1p4pk/2p1B2p/8/1PQ1P3/6PK/3q3P/r7 b - - 4 34,c8e6 c4e6 d2g5 e6g8 h7g6 e8e6,1593,75,87,1225,crushing endgame long
2dUUV,8/p1Q5/Pp1p2qk/1P1P4/2P1Pp2/4pPrP/2R4K/8 w - - 1 49,c7d8 g3h3 h2h3 g6g3,1561,74,100,2056,attraction endgame mate mateIn2 sacrifice short
V4XC2,8/8/p7/P6p/1Pb3k1/8/3KN3/8 b - - 0 68,c4e2 d2e2 g4f5 b4b5,1537,78,98,3065,crushing endgame short
G1Rwt,6k1/p1rn3q/3R4/1p1Rp1p1/1P2PpP1/P1p4P/4QP1K/8 w - - 0 41,d5b5 c3c2 b5b8 d7b8 d6d8 g8g7,1561,76,84,348,advancedPawn advantage endgame long
CJWD8,8/6k1/1P3p2/2K5/2B5/6pr/7p/7R w - - 0 57,c4d5 h3h5 c5c4 h5d5 c4d5 g3g2 h1h2 g2g1q,1545,73,96,20225,advancedPawn crushing endgame promotion sacrifice veryLong
M073k,2R5/3RPp2/5k2/6np/5K2/5pPP/4r3/8 w - - 6 57,c8c1 e2e4,1507,78,84,457,endgame master mate mateIn1 oneMove
FSmLA,4r1k1/p1p2p2/1p1b2pp/8/4q3/5N1P/PP1Q2P1/R6K b - - 1 26,e4e3 a1e1 e3e1 f3e1,1594,74,93,8295,advantage endgame short
dZ4Lk,r3k2r/pp1n1pp1/2p1p1p1/8/6n1/3B2NP/PPPR1PP1/2K4R b kq - 0 18,a8d8 h3g4 h8h1 g3h1,1521,76,92,2210,advantage hangingPiece middlegame short
VNLJB,r1bqk2r/ppp4p/8/3p1pb1/4p3/2N3P1/PPnN1QBP/R1B2RK1 w kq - 0 16,a1b1 g5e3 d2e4 e3f2,1576,80,89,1283,advantage kingsideAttack middlegame pin short
HPKae,5r2/3pR1pk/p1q4p/6r1/2P5/P4PQ1/6PP/5RK1 w - - 2 34,g3h4 c6c5 h4f2 c5e7,1537,75,100,3349,advantage endgame fork short
eKIKx,2rb2kr/5pp1/Q6p/3n1q2/4p3/2P4P/P3BPP1/R1B1K2R b KQ - 0 29,d5c3 e2g4 f5d5 a6c8,1590,76,95,26069,crushing middlegame short
M4nPV,rn2r1k1/pp3ppp/2pb2q1/2Pp1b2/3PN3/3B4/PPQ2PPP/R1B1R1K1 b - - 0 14,d6c7 e4f6 g7f6 e1e8,1532,76,94,21140,crushing discoveredAttack kingsideAttack opening short
eROHC,8/2q3k1/4p2p/pB3pp1/P7/1b3P1P/3Q2P1/7K b - - 5 47,g7f6 d2b2 c7e5 b2b3 e5e1 h1h2,1540,76,93,3320,advantage endgame fork long
V8LC7,1k6/2P5/1P1Kp2p/3nP2P/4N3/5p2/6r1/8 b - - 0 63,b8b7 e4c5 b7b6 c7c8q,1582,76,88,1051,advancedPawn crushing deflection endgame master masterVsMaster promotion short
gaV12,2r3k1/5p1p/4pqp1/8/p1rP4/PR1Q1NP1/5P2/4R1K1 w - - 0 29,b3b8 c8b8 d3c4 f6f3,1504,77,95,16776,advantage middlegame short
TRYQb,r6k/3n2pp/p4r2/R1pPp1Q1/2P1P3/3B3P/1q4P1/R5K1 w - - 4 36,a5a2 b2d4 g1h2 d4d3,1571,77,91,2758,crushing fork middlegame short
RX04w,6rk/ppQ3p1/4r2p/3pP2q/1P6/P5R1/5PKP/4R3 w - - 5 35,f2f4 e6c6 c7c6 b7c6,1572,75,95,1466,crushing endgame short
ajk34,rn3rk1/pb3qpp/1p2p3/2bn2B1/8/1QN2NP1/PP2PPBP/R2R2K1 w - - 6 14,e2e3 d5c3 b2c3 b7f3 g2f3 f7f3,1563,76,97,7600,advantage discoveredAttack long middlegame
d2ywJ,3Q4/5bp1/4pnkp/3pB3/3Pp3/6PP/4PPBK/q7 w - - 4 30,h3h4 f6g4 h2h3 g4f2,1579,76,91,8902,crushing endgame short
Bmga5,r1bq1r1k/ppp1b1pp/2p5/4p2Q/2BP3P/2P5/PP1N1PP1/R3K2R b KQ - 1 15,e5d4 c4d3 h7h6 h5g6 c8f5 d3f5 f8f5 g6f5,1508,75,94,1183,advantage middlegame veryLong
c7rZq,r3k2r/pp1n1ppp/4p3/8/3q4/2N1R3/PPP3PP/R1Q4K b kq - 0 16,e8g8 e3d3 d4b6 d3d7,1593,74,94,23996,advantage middlegame short skewer
RuYyA,2r1r1k1/p4pPp/6p1/2pq4/5BB1/2P4P/P1Q3P1/2R2bK1 w - - 0 28,g4c8 e8e2 c2e2 f1e2,1571,74,95,12860,crushing middlegame short
vB5tR,2k4r/ppNr1Qp1/3q3p/8/1b2P1b1/6P1/PP2PPBP/R4RK1 w - - 1 17,c7b5 d7f7 b5d6 b4d6,1503,76,93,2655,advantage middlegame short
tv3ed,r2q1rk1/p1p1bpp1/1p2pn1p/2n3N1/2B4P/2N1P3/PBQP1PbR/2KR4 b - - 1 14,g2d5 c3d5 e6d5 b2f6,1513,77,96,13645,advantage discoveredAttack middlegame short
cOreS,r2r2k1/p3Qpbp/6p1/8/4N3/2PBRPPb/q6P/1R5K w - - 1 27,e3e2 a2b1 d3b1 d8d1 e2e1 d1e1,1524,79,94,1148,fork long mate mateIn3 middlegame sacrifice
ami6J,4r1k1/1pp2ppp/p2p4/3P1b2/2P5/1P2qP2/P2N1QPP/R4K2 w - - 1 22,a1e1 f5d3 f1g1 e3e1,1539,75,90,1822,crushing deflection endgame short
E17bP,6k1/5pp1/1p6/pP5n/3Prq1p/8/3Q2RP/4R2K w - - 0 36,d2f4 e4e1 g2g1 e1g1 h1g1 h5f4,1507,77,97,3682,crushing endgame hangingPiece long
GWlts,r4rk1/1b2nppp/3q4/p1R5/3p4/BP1B1N2/P4PPP/2Q3K1 b - - 1 22,a8c8 c5c8 f8c8 c1c8 e7c8 a3d6,1541,76,87,697,advantage long middlegame
r3GhR,8/8/p4p1p/2rR2p1/2r3P1/5PKP/3Rk3/8 b - - 2 51,e2e3 d5d3,1528,80,84,1333,blindSwineMate endgame master mate mateIn1 oneMove rookEndgame
NcZ6v,8/1r3kp1/p2Pp2p/P2bBp2/1Pp2P2/4R1K1/2P2P1P/8 b - - 0 33,b7b4 d6d7 f7e7 e5d6 e7d7 d6b4,1511,77,95,34004,advancedPawn crushing endgame long
UIYt9,r2q1rk1/p1ppn3/1p2p2p/4NbpQ/3P4/2P3B1/P1P2PP1/R4RK1 b - - 3 18,g8h7 e5f7 e7g8 f7d8,1550,75,93,1310,crushing middlegame short
wZajO,3r4/6k1/p3r1p1/4p1q1/6Q1/1P3p1P/PB2nPP1/1R2R1K1 w - - 2 29,e1e2 g5g4 h3g4 f3e2,1509,75,81,343,advancedPawn crushing intermezzo master middlegame short
rtr9a,r1bqk2r/ppp2ppp/2np1n2/4p1B1/2B1P3/P1PP4/2P2PPP/R2QK1NR b KQkq - 1 7,c8g4 g5f6 g4d1 f6d8,1518,76,94,9807,crushing middlegame short
BPssY,8/5pk1/2Pb2p1/2R5/1p2P1P1/5KP1/3rB3/8 b - - 0 37,d6c5 c6c7 d2c2 c7c8q c2c3 f3g2,1600,74,92,3688,advancedPawn advantage defensiveMove endgame long promotion
gFuQY,6k1/8/3b1Rr1/p1p5/3p2r1/1P6/1PP2QK1/8 w - - 0 64,g2f1 g6f6 f2f6 g4f4 f6f4 d6f4,1619,76,97,6124,crushing endgame exposedKing fork long master pin
dUpKM,2b3k1/6p1/n2qpnN1/1p1p4/3Pp2Q/P3P3/5PPP/1B4K1 b - - 5 34,d6c7 h4h8 g8f7 g6e5 c7e5 d4e5,1684,79,91,959,crushing kingsideAttack long middlegame
FQLOY,2k2rr1/ppp1n3/2n1p3/6Bp/P2PP3/3B1P1q/1P1Q3P/R4R1K w - - 1 22,d3e2 g8g5 d2g5 f8g8 g5g8 e7g8,1674,76,94,620,advantage clearance long middlegame sacrifice
r4Uui,r3kb1r/pbqn1ppp/1pp2n2/4p3/5B2/2PBPN2/PP1N1PPP/R2Q1RK1 w kq - 0 10,f3e5 d7e5 d2c4 f8d6 c4d6 c7d6,1609,75,94,8611,advantage long opening quietMove
73yw5,7k/1R5p/5P2/8/8/1pn2KP1/4r2P/8 b - - 1 38,b3b2 b7b8 e2e8 b8e8,1614,80,94,1192,endgame mate mateIn2 short
r4Zp6,6k1/1p1r1pp1/5r1p/p1b4P/2Pp4/PP1R2P1/1B3PK1/3R4 w - - 0 30,b2d4 f6d6 d4c5 d6d3,1643,74,96,3725,advantage endgame short
zNFVw,2r2rk1/pp2Rp1p/6p1/2Rp4/3P1q2/P2Q1N1P/1P3PP1/6K1 w - - 1 23,e7c7 c8c7 g2g3 f4d6,1615,75,91,311,advantage middlegame short
d6pSt,8/5rbk/7p/1p6/3n3N/4P1p1/1q5P/3RQBK1 w - - 0 33,e1g3 f7f1 d1f1 d4e2 g1g2 e2g3,1660,77,92,1125,crushing discoveredAttack discoveredCheck fork long middlegame sacrifice
bYxCq,8/5p2/p3kPp1/p1K1P1P1/2P5/8/8/8 w - - 1 42,c5d4 a5a4 d4c3 e6e5,1699,76,95,2773,crushing endgame pawnEndgame quietMove short
6O0WF,4r1k1/Q1p1rppp/5n2/8/3N2q1/2P5/PP3PPP/R4RK1 w - - 1 20,a7b7 c7c5 b7f3 c5d4 f3g4 f6g4,1659,75,94,971,advantage long middlegame
2dh4Q,r3r1k1/1bp2pp1/pn2pP2/1p2q1N1/8/P5P1/1PQ2PP1/RB3K1R b - - 2 20,e5f6 h1h8 g8h8 c2h7,1691,77,91,2645,attraction kingsideAttack mate mateIn2 middlegame sacrifice short
RobBu,2r2rk1/ppP1Q1pp/2q2p2/5N2/2N5/1P4P1/PKP4P/8 b - - 5 28,f8f7 e7d8 c6e8 d8e8,1603,75,90,1325,advantage endgame short
UaPq0,5rk1/1p2Rrp1/p6p/3Q4/5p2/1P5P/1q3PP1/4R1K1 b - - 1 29,f4f3 e7f7 f8f7 e1e8 g8h7 d5f7 b2a1 g1h2,1699,75,96,16983,crushing deflection endgame veryLong
VTkme,4r2k/p4p1p/1p6/6Q1/8/2P2qP1/PP1R1P1P/4rRK1 w - - 3 27,d2d8 e1f1 g1f1 f3h1,1608,75,89,321,attraction endgame mate mateIn2 short
vIZB4,2r3k1/2P4p/6p1/4R3/8/p7/r4PP1/2R3K1 b - - 0 32,a2b2 e5d5 g8f7 d5d8 c8c7 c1c7,1644,76,88,915,crushing endgame long quietMove rookEndgame
XNHkI,r2q1rk1/4bppp/1pN1p3/p7/P2PQP2/1P5P/2P2P2/R4bK1 b - - 0 19,f7f5 e4e6 f8f7 c6d8,1647,76,90,2182,crushing kingsideAttack middlegame short
q6I14,4rb1k/3Q1ppp/1P1p1q2/4pNn1/4n3/7P/1P3PP1/R1R3K1 b - - 2 24,e8d8 c1c8 d8c8 d7c8,1695,75,88,742,crushing middlegame pin short
x4hoJ,1Q2R3/1p4kp/2pb2p1/p4p2/8/7P/P1B3PK/3r4 w - - 8 44,g2g3 d1d2 h2g1 d6b8 e8b8 d2c2,1664,76,91,579,crushing endgame fork long
lZiCS,5rk1/1p1R3p/6P1/2q1N3/n3P2P/5N2/r1n2P2/5K2 b - - 0 30,f8f3 g6h7 g8h8 e5g6,1619,75,90,1667,advancedPawn mate mateIn2 middlegame short
bQpQq,rn1q1rk1/pp4p1/2p3B1/6P1/3PpbP1/8/PPP3Q1/R3K2R b KQ - 1 17,d8d6 h1h8 g8h8 g2h3 h8g8 h3h7,1623,75,92,3318,attraction kingsideAttack long mate mateIn3 middlegame sacrifice
v7NGY,2r3k1/5ppp/p1p5/8/2R1P3/2bP3P/5PP1/2rB1RK1 b - - 3 32,a6a5 d1g4 c1f1 g1f1 c8c7 c4c3,1622,79,94,3505,crushing endgame long
uFm7G,4r3/p4pk1/1ppQ2p1/8/4P3/8/Pq2BP2/4K2R w K - 2 29,d6h2 b2c1 e2d1 e8e4 e1f1 c1d1,1625,77,94,1053,crushing deflection endgame long
da4kL,1r2r2k/2q3pp/1b2b3/4Np2/2P1p3/Q7/P2P1PPP/R1B2RK1 w - - 3 21,d2d4 b6d4 c1f4 d4e5 f4e5 c7e5,1630,75,96,4243,crushing fork long middlegame trappedPiece
1quGO,8/8/R1bN2k1/4p3/3p3P/6P1/2r5/4K3 w - - 2 42,e1d1 d4d3 d6e4 g6f5,1662,76,92,2247,crushing endgame master short
67yRk,5rk1/2p2ppp/p4q2/3p1R1Q/8/3P3P/Pr3P2/4R1K1 b - - 1 30,f6c3 h5f7 f8f7 e1e8 f7f8 f5f8,1656,75,96,7838,endgame long mate mateIn3 sacrifice
Bg2Vn,2k2b1r/ppp1pppp/2n5/5b2/8/P2r1PP1/1PK3BP/RNB3NR w - - 0 12,g2h3 c6d4,1613,76,96,2096,master mate mateIn1 middlegame oneMove
OAhDZ,r2q1rk1/ppp3pp/2n2p1N/8/4P3/1Q2Rb2/PPP2PPP/R5K1 b - - 4 17,g8h8 b3g8 f8g8 h6f7,1629,75,100,2474,kingsideAttack mate mateIn2 middlegame sacrifice short smotheredMate
ZybWs,1k1r3r/1pq3p1/p2pB2p/1p1PpP2/1QPn4/3P3P/PP6/1K1R3R w - - 1 24,c4b5 c7c2 b1a1 c2d1 h1d1 d4c2 a1b1 c2b4,1686,77,94,2373,advantage fork middlegame sacrifice veryLong
rboSA,r4k1r/q7/p2N3n/4Pp2/1Q6/2P3pP/P5P1/5R1K b - - 4 29,f8g7 d6f5 h6f5 b4g4,1644,74,91,2959,advantage middlegame sacrifice short
YA4t4,5n1k/p1r1r2p/1p3p1B/4pP1Q/1qPpR3/3P2P1/5K2/7R b - - 10 38,b4b2 e4e2 b2c3 h6f8,1629,76,93,1356,advantage defensiveMove master middlegame short
l5Xme,8/5k2/8/1R4bP/P5P1/8/3rRK2/3r4 b - - 8 49,f7f6 b5f5 f6g7 f5g5,1622,75,94,372,crushing deflection endgame master short
HEjMe,r2q1rk1/1pp2ppp/2p5/p3P3/1b1P4/2N2QP1/PPP5/2KR3R w - - 0 16,h1h7 d8g5 c1b1 g8h7 d1h1 h7g8 c3e4 g5g6,1614,75,94,4848,advantage intermezzo middlegame veryLong
4P1I6,8/2p5/8/8/2pk2Pp/p1p1r2P/P4RP1/3K4 b - - 3 54,d4d3 f2f3 c3c2 d1c1 e3f3 g2f3,1635,76,95,2641,crushing endgame long master rookEndgame
FeRn8,r3r1k1/ppp2pp1/5nn1/3qP3/5P2/P2B1QpP/1PPN2K1/R4R2 w - - 0 22,e5f6 g6h4 g2g3 h4f3,1631,74,89,2246,advantage fork middlegame pin short
Na4yK,2k2b1r/1pp3pp/4p3/p4p2/2q1pP2/P1Nr4/1P2Q1PP/R3BR1K w - - 2 17,a1d1 d3c3 e2c4 c3c4,1649,75,100,429,advantage middlegame short
eYkGw,r2qk2r/pb3ppp/1pn1pn2/1Nb5/2Pp4/5NP1/PP2PPBP/R1BQ1RK1 w kq - 0 10,b5d4 c6d4 f3d4 b7g2,1661,77,89,794,advantage discoveredAttack opening short
8DXNl,r1b2rk1/pp4q1/2p1pn2/2Pp2N1/3P4/3QP2R/PP4PP/R5K1 b - - 8 21,f6e4 g5e4 d5e4 d3e4,1604,75,92,685,advantage middlegame short
1CgR3,1rb1k2r/1p3pQ1/pqn1pn2/2b4p/4P3/P1BB3P/1PP3P1/2KR2NR b k - 0 18,c5e3 c1b1 h8g8 g7f6,1625,75,87,520,advantage defensiveMove middlegame short
UUy0d,1rb3k1/2q2ppp/pn6/Q7/B2PP3/2p2PP1/P6P/R4K1R w - - 0 24,a4c2 c7c4 f1e1 c4d4,1686,76,91,817,advantage middlegame short
XLVRz,1rbr2k1/pp4q1/2p4p/2Pn2p1/1P1BQ3/P4R2/6PP/4R1K1 b - - 4 34,g7h7 e4e8 d8e8 e1e8,1692,75,97,2205,kingsideAttack mate mateIn2 middlegame pillsburysMate sacrifice short
WpFzl,8/8/2p5/p2p1k2/8/1PP2K2/P6R/2r5 w - - 3 47,c3c4 c1c3 f3e2 c3c2 e2d3 c2h2,1634,76,88,653,crushing endgame exposedKing long rookEndgame skewer
Dqgb6,3k1q2/3r4/2Q2pP1/4pP2/3p4/pP1P1P2/P7/1K6 b - - 0 42,f8d6 c6d6 d7d6 g6g7,1616,75,96,3715,advancedPawn crushing endgame short
FbGdF,r1bq1rk1/p3bppp/2p1pn2/6B1/Q1p1P3/2N3P1/PP3PBP/R4RK1 b - - 1 12,d8b6 e4e5 f6d5 c3d5 e6d5 g5e7,1601,75,95,15919,capturingDefender crushing long master middlegame
Bdrd6,4r1k1/pp3p1p/6p1/4P3/3N1b2/5N1P/PP3qP1/3Q3K b - - 2 27,f2g3 d4e2 g3f2 e2f4,1610,75,95,16920,advantage endgame master short
27uas,r2r4/ppp2pk1/4p1bp/8/2q5/2P1Q2P/P1PB2P1/R4R1K b - - 3 19,c4d5 e3h6 g7g8 d2g5 d5g5 h6g5,1615,76,93,979,crushing long middlegame pin
D8Gp1,4r3/5k1p/1p1N1n2/1PpP4/2P5/5Q1P/6PK/4q3 b - - 0 38,f7g6 f3f5 g6g7 f5g5 g7f8 g5f6,1628,75,96,5588,crushing deflection endgame exposedKing long
VwqLw,3k4/1p5R/p4Npb/2p2p1p/P7/2r3P1/4PP1P/5K2 b - - 11 41,h6g5 h7h8 d8c7 f6d5 c7d6 d5c3,1698,75,95,1739,advantage endgame exposedKing fork long
t4YoU,2r2bnr/p3kppp/1p2p3/1B3b2/1n1P1B2/2N1P3/PP3PPP/2R1K1NR w K - 6 13,c3d5 e6d5 c1c8 f5c8,1640,75,100,801,advantage hangingPiece middlegame short
l68hW,r3r1k1/ppp1bpp1/1n3n1p/8/7B/2N2N2/PPP2PPP/3RR1K1 b - - 0 15,a8d8 d1d8 e7d8 e1e8 f6e8 h4d8,1665,77,95,16531,advantage kingsideAttack long middlegame
QwsDq,2rq1rk1/3nbpp1/p1b1pn1p/1p6/3PN2B/1B3P2/PPP1N1PP/R2Q1RK1 w - - 8 15,e2c3 f6e4 h4e7 e4c3 e7d8 c3d1,1608,78,92,505,advantage long middlegame
dL1Ro,rn2r1k1/ppQ2bpp/5b2/2Np4/8/1P6/P4PPP/5RK1 b - - 7 26,e8e7 c7c8 e7e8 c8b7,1694,76,93,2859,advantage deflection middlegame short
2v9gu,8/2R5/7p/1p2p2r/3kP1r1/3P3R/2P4K/8 b - - 1 43,g4h4 c2c3,1672,75,95,2828,endgame mate mateIn1 oneMove rookEndgame
fvxob,r1b3k1/6pp/p1p1p3/2qpQr2/8/2N5/PPP2PPP/R4RK1 w - - 3 18,e5e3 d5d4 c3a4 d4e3,1625,75,94,1779,crushing fork middlegame short
JvR32,1r2k1nr/p4ppp/2p1p3/3pP3/8/2N1qN2/PPP3PP/R4Q1K b k - 3 13,b8b2 c3d1 e3a3 d1b2,1676,78,95,17194,advantage fork middlegame short
SWhGx,8/8/P7/8/6kp/1R3pp1/1P4K1/8 w - - 0 51,b3f3 h4h3 g2g1 g4f3 a6a7 h3h2 g1h1 g3g2 h1h2 f3f2 h2h3 g2g1q,1629,77,93,1492,advancedPawn crushing deflection endgame exposedKing promotion rookEndgame veryLong
LX2fK,4k3/1p6/p4pn1/P1Bp4/1PnPp3/7B/4P3/5K2 b - - 2 32,g6f4 h3c8 e8d8 c8b7,1672,74,89,2148,advantage endgame short
qMHcq,2rqkb1r/ppp1pppp/2n1b3/1N1p3n/3P1B2/P3PP2/1PP3PP/R2QKBNR w KQk - 1 8,b5c7 c8c7 f4c7 d8c7 g2g4 h5f6,1690,75,93,1074,advantage long opening
Akxqu,8/p1r5/2P5/8/5pkp/1P4p1/P1R3P1/5K2 w - - 0 52,c2c5 h4h3 g2h3 g4h3,1605,79,93,654,crushing endgame master rookEndgame short
MHQkX,r2qr1k1/1pp3pp/p4n2/P3n1N1/1P1pN3/3P1Q2/5PPP/R4RK1 w - - 4 20,e4f6 g7f6 f3g3 f6g5,1699,79,95,13379,advantage middlegame short
gNCfO,5k2/5r2/1pp1R1Q1/p2p1n1p/3P4/3q2P1/PP3RKP/8 w - - 5 32,e6f6 f5e3 g2h3 d3g6 f6g6 f7f2,1651,76,93,867,advantage discoveredAttack endgame long
C3tU1,r1b2rk1/1p3ppp/p2p4/2pN2Q1/1q2P3/8/PPP2PPP/1R3RK1 b - - 0 15,b4e4 d5f6 g8h8 f6e4,1618,74,88,1116,crushing middlegame pin short
LV2Tt,r4k1r/pppQ1pbp/3p4/4p3/2PPbPPq/2P1P2N/P2KB3/R6R b - - 2 18,e4h1 h3g5 h4g5 f4g5,1666,76,93,1382,crushing master middlegame short
cPEus,r3k2r/pppn1p2/3p1qnp/3P2pQ/4P3/2P1BN2/P4PPP/R4RK1 b kq - 5 13,f6c3 e3d4 g6f4 d4c3 f4h5 c3h8,1647,78,97,9594,crushing fork long middlegame
Z4GU0,3rr1k1/2p2ppp/5b2/1b6/1N6/P1P1N2P/1P3PP1/R3K2R w KQ - 1 20,a1c1 e8e3 f2e3 f6h4 g2g3 h4g3,1666,79,94,8230,long mate mateIn3 middlegame sacrifice
gj6uO,5rk1/p5q1/1p2R3/5p2/3P4/P1P3pp/1PQB1P2/6K1 w - - 0 28,d2h6 g3f2 g1f2 g7g2 f2e3 g2c2,1629,80,92,874,advancedPawn attraction crushing discoveredCheck doubleCheck endgame long skewer
iKMJ9,2r3k1/3q1pp1/p6p/1p1p1N2/2p5/2P1PQ1P/1n3PP1/3R2K1 b - - 1 31,c8d8 d1d5 d7d5 f5e7 g8f8 e7d5,1660,75,97,4578,advantage attraction endgame fork long sacrifice
qsGr1,3k4/7R/3K4/3p1r2/3P4/8/8/8 b - - 32 80,d8e8 d6e6 f5f1 h7h8 f1f8 h8f8 e8f8 e6d5,1697,75,94,4824,crushing endgame exposedKing rookEndgame veryLong
ArR49,8/8/1p1p4/p1pP4/P1P3k1/1P6/7K/8 b - - 0 56,g4f3 h2h3 f3e4 h3g4 e4e5 g4g5,1699,76,94,941,crushing defensiveMove endgame long pawnEndgame zugzwang
uGWb2,r1bq1rk1/pppp1ppp/5n2/2b1n3/4P3/2PP4/PP3PPP/RNBQKBNR w KQ - 5 9,c1g5 c5f2 e1f2 f6g4 f2e1 d8g5,1632,78,94,9508,advantage attackingF2F7 attraction discoveredAttack long opening sacrifice
WzsLX,r4rk1/1p1b2pp/2nqp3/p4p2/3p1N2/P2B2Q1/1P3PPP/R1R3K1 b - - 3 24,g8h8 f4g6 h7g6 g3d6,1611,76,95,6550,advantage discoveredAttack middlegame short
7cjwL,8/8/ppk5/8/P1PK3p/7P/8/8 w - - 1 38,d4d3 c6c5 d3c3 a6a5 c3d3 c5b4,1637,77,94,13312,crushing endgame long master pawnEndgame quietMove zugzwang
3Mx9v,3k4/4r1p1/R6p/pp3B1P/6P1/1Pr5/2P5/1K6 b - - 4 37,a5a4 a6a8 d8c7 a8c8 c7d6 c8c3,1696,76,99,2124,crushing endgame exposedKing long skewer
Rk7zI,8/6p1/4pk1p/2p5/4PN2/1r3PnP/5K2/R7 b - - 5 39,e6e5 f4d5 f6g5 f2g3,1696,76,94,17282,advantage endgame short
qU5qD,8/3br1kp/1Q1p2p1/1p1P1p2/2p1Pb1q/6NP/PP2RPPK/5R2 w - - 6 34,b6d4 f4e5 d4b6 f5f4,1613,76,86,775,advantage defensiveMove master middlegame short
HnHaf,Q7/p2r1pp1/1p3k1p/5q1P/8/PPR5/1KP5/8 b - - 8 38,d7e7 c3f3 f5f3 a8f3,1661,76,99,2884,advantage endgame pin short
27shV,5R2/1k3P2/8/1p3r2/1K6/8/8/8 b - - 1 49,b7c7 f8a8 f5f7 a8a7 c7c6 a7f7,1675,77,94,1651,crushing endgame exposedKing long quietMove rookEndgame skewer
QOaLE,q3rbk1/3r1p1p/2N3p1/PR1Pp3/4P3/1P1nBP1P/Q4KP1/2R5 w - - 5 32,f2e2 d3c1 e3c1 a8a6 a2a4 d7b7,1689,78,94,1199,advantage long middlegame pin
SK80e,2r5/p2q2bk/1p4pp/4p3/4N3/Q3P1BP/P4PPK/8 b - - 3 27,c8f8 a3f8 g7f8 e4f6 h7g7 f6d7,1613,77,94,573,advantage endgame fork long sacrifice
f9ajK,4k3/1p2p3/5b2/8/1P4rp/P2RBqP1/2Q4P/6K1 w - - 0 41,e3h6 f6d4 d3d4 g4d4,1687,75,94,7840,crushing endgame short
4igZP,2r3k1/6p1/1N2r2p/p1PRp3/1bR4P/5pP1/1P3P2/6K1 b - - 6 31,e6b6 c5b6 c8c4 b6b7 b4d6 d5d6 c4b4 d6d8,1697,75,95,13585,advancedPawn crushing endgame veryLong
Zzl37,8/8/5pkp/2p5/Pp2K3/8/5P2/8 b - - 0 51,b4b3 e4d3 g6f5 a4a5 f5e5 a5a6 b3b2 d3c2,1687,75,100,1359,crushing endgame pawnEndgame quietMove veryLong
k7yIc,RR6/1n6/1k1p1p1q/P1p1p2B/2P1P2p/3P1Kb1/6P1/4r3 b - - 0 56,b6c6 h5e8 c6c7 b8c8,1628,78,94,729,mate mateIn2 middlegame pillsburysMate short
SlAsE,r3k2r/ppp3pp/4qR2/4N3/8/2B1P3/2P3PP/3Q2K1 b kq - 0 19,e6f6 d1d7 e8f8 c3b4 c7c5 b4c5 f8g8 d7d5 f6e6 d5e6,1643,76,95,15671,endgame exposedKing mate mateIn5 veryLong
xzjEI,8/2p1kp1p/p1p5/4P3/1P6/7P/5PP1/6K1 w - - 1 36,f2f4 c6c5 b4c5 a6a5 g1f2 a5a4 f2e3 a4a3 e3d4 a3a2,1635,75,93,714,endgame
Ze9zw,5rk1/pp2q1b1/4pr2/6QR/P6R/7P/2n2PP1/6K1 b - - 8 34,c2e1 h5h8 g8f7 g5h5 f6g6 h4f4,1628,76,90,1524,advantage exposedKing long middlegame pin
51JAp,8/pp6/6P1/5K2/5P1k/1P6/1b6/8 b - - 0 44,h4g3 f5g5 g3f3 f4f5 f3e4 f5f6,1632,79,94,305,bishopEndgame crushing endgame long quietMove
jpBlT,2k3r1/p4p2/2P1p1r1/3pP2p/8/2P1QNP1/q6P/1R4KR w - - 0 24,b1b7 g6g3 h2g3 g8g3 g1f1 a2g2 f1e1 g2h1,1603,75,95,4132,advantage fork middlegame sacrifice veryLong
8HV8A,8/5K2/5P2/p1k4P/1p2r3/1P1p4/P7/3B4 b - - 4 53,c5d6 h5h6 e4h4 f7g7,1611,76,92,1605,advantage defensiveMove endgame short
LVGre,1k1r4/pp6/2p2R2/3q1p2/3P1P2/P7/1PQ3r1/1K1R4 w - - 2 28,c2f5 d5b3 f5e5 b8a8,1682,75,82,1045,crushing defensiveMove endgame master short
kMqKG,rq6/5p1k/4b1rp/p2pn1PR/P2N2n1/2BP1NQ1/1PPK2P1/R7 w - - 0 26,d4e6 e5c4 d2c1 b8g3,1698,76,96,24127,crushing discoveredAttack middlegame short
ji3Hm,1k5r/p1b1Np2/1p6/3p4/5q2/2P1R2P/PP3Q2/5K2 w - - 4 38,e7d5 f4c4 f2e2 c4d5 e3e8 h8e8,1618,75,94,920,advantage endgame fork long
hUL88,2k4r/1rq4p/Q1n1p1p1/2p5/P4B2/2P3P1/1R3P1P/6K1 b - - 1 31,c7d7 a6a8 c6b8 a8b8 b7b8 b2b8,1637,75,95,1790,exposedKing long mate mateIn3 middlegame operaMate queensideAttack xRayAttack
D4d3F,r4rbk/pp5p/1q5B/4NP1n/3P4/b1PB4/P5QP/K5R1 b - - 5 25,b6h6 g2g8 f8g8 e5f7,1617,75,96,4517,cornerMate kingsideAttack mate mateIn2 middlegame sacrifice short
wzMlq,5rk1/5rb1/3P1Bp1/1qp3Q1/8/P5P1/1P4B1/5RK1 b - - 0 34,f7f6 g2d5 g8h7 g5h4 g7h6 f1f6 f8f6 h4f6,1654,76,90,430,advantage deflection exposedKing middlegame veryLong
7loZe,r2qk2r/1pp2p2/p3bn2/2p1N3/4PPp1/2NP4/PPP1Q1P1/R4RK1 w kq - 0 16,f4f5 d8d4 e2f2 d4e5,1603,77,94,1468,advantage fork middlegame short
YDG9t,3r1rk1/1p3pp1/p1n1bn1p/1Bq5/8/2N1PN1P/PP2QPP1/2R2RK1 w - - 0 16,c3e4 c5b5 e2b5 a6b5,1646,74,96,4145,advantage middlegame short
uk37x,6k1/p3qp2/2p2npp/3p2P1/P2Pr3/1P3Q1N/2P4P/5RK1 b - - 0 28,h6g5 f3f6 e4g4 g1h1 e7e4 f6f3,1602,75,91,3055,advantage endgame long
CGLLw,r2r2kb/1p2p2p/p2p2pB/3P1bN1/2p1NP2/2n5/1PK3P1/qBQR3R w - - 0 22,b2c3 a1c3,1623,80,92,1553,mate mateIn1 middlegame oneMove pin
qwoB5,8/4R3/6p1/3k1p1b/2pN1K2/2P1P3/8/2r5 b - - 6 49,c1c3 e7e5 d5d6 d4b5 d6c6 b5c3,1690,75,92,2520,crushing endgame fork long master masterVsMaster
tDAWG,4r2q/5p2/3p1pk1/pppPr3/4BQ2/3P2P1/PPP5/2K2R2 b - - 2 28,g6g7 f4f6 g7g8 f6f7,1610,75,97,5323,endgame mate mateIn2 short
oybKY,8/7k/6pp/1qB5/3PB1Pn/2b1P3/1pQ2P2/6K1 w - - 1 42,c5e7 h4f3 e4f3 b2b1q c2b1 b5b1,1685,75,96,1382,advancedPawn advantage endgame long promotion
lM9ll,8/6R1/8/5p2/4p2k/4KPr1/8/8 w - - 2 70,g7g3 h4g3 f3e4 f5f4 e3e2 g3g2 e4e5 f4f3,1684,76,95,2846,crushing endgame veryLong
q6N8N,rnbqkbnr/pp2pppp/8/8/2Bp4/4P3/PP3PPP/RNBQK1NR b KQkq - 0 5,d4e3 c4f7 e8f7 d1d8,1624,76,90,3123,attackingF2F7 crushing deflection opening short
79nRk,1r4k1/1pR1n1bp/p3P3/P3qPpQ/8/4p2P/4B1P1/3R3K b - - 11 41,e5c7 h5f7 g8h8 f5f6,1620,77,88,399,crushing middlegame short
nlD1P,2r2rk1/1p3ppp/p1n1pn2/q2p4/3P1P2/2PB1NP1/PPQ4P/2R2RK1 b - - 3 17,c6b4 c3b4 c8c2 b4a5,1625,74,92,1878,advantage middlegame short
bSTjG,r6b/1p3k1p/1q1p3P/1b1PpP2/p3B3/2B2P1Q/PP6/3RK1rR w K - 1 29,h1g1 b6e3,1659,75,100,521,middlegame
B2k4u,3r4/4bpk1/p2q2pp/1p1p4/5PN1/PB6/1Q4K1/4R3 b - - 1 32,g7h7 e1e7 d6e7 g4f6 e7f6 b2f6,1647,75,91,416,crushing long middlegame pin sacrifice
LOcB9,r2q1rk1/1b3pp1/p1n2n1p/1p2p1B1/1P1bP3/P2Q1N1P/B3NPP1/2R2RK1 w - - 0 19,g5f6 d4f2 g1f2 d8d3,1663,75,94,7695,crushing discoveredAttack kingsideAttack middlegame short
TggD4,r1bq3k/ppp2Qpp/2np1P2/8/4P3/P7/6PP/R4RK1 b - - 0 21,d8g8 f6g7 g8g7 f7e8 g7g8 f1f8,1645,76,94,10013,advancedPawn clearance crushing kingsideAttack long middlegame pin
Sj6gC,8/6B1/p2bk3/4P3/P1Pp2pp/3K2P1/7P/8 b - - 0 38,d6e5 g7e5 e6e5 g3h4,1614,74,97,8083,bishopEndgame crushing endgame master short
fpFWy,3r2k1/pp4pp/3BR3/5p2/1P1b4/P7/5PPP/6K1 w - - 2 27,g1f1 g8f7 e6e7 f7f6 e7b7 d8d6,1655,74,87,939,crushing defensiveMove endgame long
iTba6,5rk1/5r1p/R5R1/1p3pQ1/4n3/7P/PPq2PP1/6K1 b - - 0 29,h7g6 a6g6 g8h8 g5h6 f7h7 h6f8,1618,76,95,19061,deflection endgame exposedKing long mate mateIn3
Hq2oL,5rk1/1p1bn1p1/1q2p2p/pNbpN3/P7/2PB4/1PQ2rPP/R4R1K b - - 1 20,f2c2 f1f8 g8f8 e5d7 f8g8 d7b6,1642,76,100,774,advantage attraction fork long middlegame
9j1JL,8/8/3k3P/pP1Pp1K1/P3P1B1/2p5/1r6/8 w - - 0 61,h6h7 b2h2 g4d1 h2h7,1642,75,85,582,crushing endgame short
zjXfZ,3r2k1/1p3pb1/3q3p/6p1/PPp1p3/4BbPP/2Q2P2/2R1KBR1 w - - 2 30,e3c5 g7c3 c2c3 d6d1 c1d1 d8d1,1663,79,93,648,long mate mateIn3 middlegame operaMate sacrifice
cdC0v,r4rk1/1ppB2p1/1p1p3p/5p2/3PPp2/P1PQ1n1q/1P3PRP/R6K b - - 1 24,f5e4 d3c4 g8h8 d7h3,1677,75,94,1090,crushing middlegame short
L9waL,r2k1b1r/ppp1qppp/2B2n2/5b2/Q7/5N2/PP1P1PPP/RNB2K1R w - - 1 10,c6b7 f5d3 f1g1 e7e2 a4d4 f8d6 d4d3 e2d3,1681,76,95,3937,advantage opening veryLong
JXo4E,2rqr1k1/p4pbp/1p2p1p1/1b1pPn2/3P4/BP3N2/P3QPPP/2R2RK1 w - - 0 20,c1c8 b5e2 c8d8 e8d8,1698,76,93,9231,crushing middlegame short
UvUe5,8/8/5p1k/p4P2/3p3r/1P2pK2/P1P5/4R3 w - - 0 49,e1e2 h6g5 e2g2 g5f5,1619,75,95,6462,crushing endgame rookEndgame short
3b3Fb,8/8/3p1q1k/8/6Qp/1P6/P1P5/2K5 w - - 2 41,a2a4 f6g5 g4g5 h6g5,1704,75,95,10665,crushing endgame master queenEndgame short
Jo3mK,2b2rk1/1pq2p2/r2b1pn1/p2p4/2pP4/2P2Q1P/PPBNNPP1/R4R1K w - - 0 17,f3f6 d6f4 e2f4 a6f6,1792,76,96,1930,advantage discoveredAttack middlegame short trappedPiece
Pqy3Z,r3kb1r/2p3p1/p1p2n2/3p2qp/3PPRb1/6QP/PPP3P1/RNB3K1 b kq - 0 14,f6e4 f4e4 d5e4 c1g5,1750,75,87,977,crushing discoveredAttack middlegame short
Ycge7,r2q1rk1/1pp2pp1/1p1pbn1p/1P2p3/1B2P3/2PP1N2/P4PPP/R2Q1RK1 b - - 1 13,a8a2 a1a2 e6a2 c3c4,1786,77,91,857,advantage defensiveMove middlegame short
tXTn5,3q1r1k/1p3Pb1/3p4/1rpQ1b2/p3nP2/4B3/PPP1B3/2KR2R1 w - - 1 23,d5f5 g7b2 c1b1 e4c3,1764,75,89,384,mate mateIn2 middlegame queensideAttack short
Kud9L,r4rk1/pp3pp1/6q1/n3p3/7R/P2P3Q/n1P2PPP/5R1K b - - 5 26,f7f6 h4h8 g8f7 h3d7,1757,75,100,840,kingsideAttack mate mateIn2 middlegame short
fLJaV,1R4k1/5p2/p1K1bbp1/4q3/PB5p/4Q2P/6P1/5r2 b - - 5 39,g8g7 b4f8 g7g8 f8d6,1751,75,83,542,crushing discoveredAttack discoveredCheck middlegame short
GmUcY,r5k1/1b5p/2n1pqpQ/2bp4/8/2P2N2/2B1NPPP/5RK1 w - - 0 25,f3g5 f6f2 f1f2 a8a1 e2c1 a1c1 c2d1 c1d1,1741,76,96,1792,kingsideAttack mate mateIn4 middlegame pin sacrifice veryLong
hEOFm,8/8/1p6/p7/P1k3P1/8/5K2/8 b - - 0 46,b6b5 g4g5 b5b4 g5g6 b4b3 g6g7,1723,78,94,351,advancedPawn crushing endgame long pawnEndgame quietMove
Qqbe5,r4rk1/pp2pnbp/6p1/5b2/7q/P1N1BQ2/1PP1NPPP/1R3RK1 w - - 1 17,e2d4 g7d4 e3d4 h4d4,1713,79,90,2042,advantage middlegame short
e0RB8,2kr3Q/pppn4/5pp1/5n2/3qpP2/bPN5/PBPP2PP/R4R1K w - - 3 15,c3b5 f5g3 h2g3 d8h8,1769,77,90,467,mate mateIn2 middlegame short
YIRlR,r4B1k/pp1b2pp/1np2n2/4qp2/2P5/1PNNb1P1/R1Q3BP/7K b - - 2 24,e5d4 f8c5 d4c5 d3c5,1713,75,94,3192,advantage middlegame short
qPaWx,r4rk1/p1q1bppp/1p2p3/8/6R1/1PB3P1/P1Q1PPKP/R7 b - - 2 17,f7f6 g4g7 g8g7 c3f6 e7f6 c2c7,1729,76,88,1305,advantage attraction discoveredAttack kingsideAttack long master middlegame sacrifice
tLoWI,6rk/1pp4p/p1npprq1/4p1p1/4P1Q1/P1PP1NPP/1P3PK1/R4R2 w - - 6 24,a1e1 h7h5 g4g5 g6g5 f3g5 g8g5,1735,74,92,813,advantage long middlegame
IXItZ,8/6pk/8/5q1p/3Q1p1P/3p4/5B2/5K2 w - - 2 56,f1e1 f5e6 e1f1 e6e2,1767,75,94,1792,crushing endgame master masterVsMaster short
dJQcf,2r5/5R2/p2B4/1b2P1k1/1P6/3rK3/8/7R w - - 11 44,e3f2 c8c2 f2e1 c2c1,1716,77,94,2643,crushing endgame short
Tu0tT,rn2R3/1R3p1k/2pb1P1p/p2p2pb/P7/1BP5/1P4PP/2K5 b - - 0 25,a8a6 b3c2 h5g6 b7f7,1722,74,95,17337,mate mateIn2 middlegame pin short
bJQwB,5rk1/1pp2r1p/p2p2p1/3P4/4NPbn/2PB2R1/PP5P/2K2R2 b - - 4 30,f7f4 f1f4 f8f4 g3g4 f4g4 e4f6 g8f7 f6g4,1783,75,98,1372,advantage attraction fork middlegame sacrifice veryLong
feSdp,3r1r1k/p5pp/1p3q2/4n3/6Q1/8/PP3PPP/R1B2RK1 w - - 3 23,g4g5 f6f2 f1f2 d8d1 f2f1 d1f1,1713,77,96,3823,long mate mateIn3 middlegame sacrifice
l95IW,5bk1/8/p2r2p1/1p5p/1p2Q3/6PB/q6P/5R1K b - - 1 35,a2d5 e4d5 d6d5 h3e6,1717,75,96,7832,advantage endgame short
QAtWZ,6k1/2bq1pp1/6rp/3pPN2/2pP4/rpP2Q1P/1R3PP1/2R3K1 b - - 3 40,g6a6 f3g4 d7f5 g4f5,1741,78,93,2273,crushing middlegame short
JonPE,8/pp6/1k2n2p/8/8/1Q6/PP1bq1PP/R6K b - - 3 35,b6c7 b3c2 c7d6 a1d1 e6d4 c2d2 e2d2 d1d2,1756,75,94,892,advantage endgame master pin veryLong
oB1N1,6k1/5p1p/pR1N2p1/1bp1Q3/5P2/6KP/2P5/6q1 w - - 3 36,g3h4 g1f2 h4g5 h7h6,1793,76,91,1935,crushing endgame short
z6FXp,2N5/3n3p/1pK2k2/1P6/5pp1/8/6PP/8 w - - 0 50,c8b6 d7b6 c6b6 f4f3 g2f3 g4f3,1707,78,93,4805,crushing endgame knightEndgame long
XVnqY,r2q1rk1/1R3ppp/p2bpn2/2ppN3/3P1B2/P2QP3/2P2PPP/1R4K1 b - - 3 18,c5d4 e5c6 d8e8 f4d6,1710,75,96,11604,advantage discoveredAttack middlegame short
2tx1I,2r3k1/1p2bppp/pBn1b1q1/4p3/4P3/2P1NB2/PPQ2PPP/3R2K1 w - - 3 26,e3d5 e6d5 d1d5 c6b4 c2b3 b4d5,1719,76,95,12035,advantage attraction long middlegame
p9XTJ,8/1p2Q3/2p5/p4p2/3Ppk1P/2P5/6PK/1q6 b - - 0 37,a5a4 e7g5,1743,75,94,7955,endgame mate mateIn1 oneMove queenEndgame
CuBuH,r5k1/p5p1/1p2bp1p/2pqN2Q/3p1P2/3P4/PPP3PP/4R1K1 w - - 0 24,h5g6 f6e5 e1e5 e6f7 e5d5 f7g6,1711,76,93,2377,crushing endgame long
yYchA,6kr/q7/3R4/5Q2/8/8/PPP2KP1/4r3 w - - 3 37,f2e1 a7e3 e1d1 h8h1 f5f1 h1f1,1774,79,93,1678,endgame exposedKing long mate mateIn3
sBkup,1k1R1b2/pp4p1/1np3r1/4p2p/P6P/1QN2q2/1P3PP1/6K1 b - - 1 22,b8c7 c3b5 c7d8 b3f3,1762,75,94,2159,advantage discoveredAttack master middlegame short
OZl1G,8/1p3q1k/3b2p1/2pPnp1p/3B4/1PP5/2K2PQ1/6R1 w - c6 0 35,d4e3 f5f4 e3c1 f7f5,1758,75,87,638,advantage clearance endgame short
vqvIa,8/p5pk/7p/5b1P/2P2q2/8/PP1R4/2K1Q3 w - - 0 38,c4c5 f4c4 c1d1 f5g4 d2e2 c4d3,1706,75,100,432,endgame
Kwpzj,6r1/1p1b1k2/p2b3p/3pn3/5B2/5P2/PP3PK1/1BR4R w - - 1 30,g2f1 d7b5 f1e1 e5f3,1771,76,93,1804,crushing middlegame short
63RKr,r1b2rk1/ppp1q1pp/2pb4/3nN3/3PRB2/2N5/PPP2PPP/R2Q2K1 b - - 0 12,f8f4 c3d5 c6d5 e4f4,1781,76,97,1767,advantage capturingDefender intermezzo middlegame short
OefSc,3r2k1/b1p2pp1/p1B1r2p/1p2N3/1Pb1Q3/P6P/1qP2PP1/R3R1K1 b - - 0 23,f7f6 e5c4 e6e4 c4b2 e4e1 a1e1,1776,74,87,461,advantage long middlegame
oa0Pj,5rk1/1p4p1/2pbp2p/p7/P2P1q2/2P2P1P/1P3PK1/R2QR3 w - - 0 24,e1e6 f4h2 g2f1 h2h3 f1e2 h3e6,1725,75,97,2666,crushing deflection endgame fork long
gN4vN,8/Rbk5/5p2/P1p2p1B/2Pr1P1P/8/8/5K2 w - - 3 52,f1e2 c7b8 a7b7 b8b7,1746,71,94,18387,advantage endgame short trappedPiece
GIMaN,1r4k1/7p/pPp2pp1/1nb1p3/2N1N3/6P1/5P1P/2R3K1 b - - 8 29,c5b6 e4f6 g8g7 f6d7 b6f2 g1f2,1710,77,93,7151,advantage endgame long
AKfpn,8/5pkp/3Q2p1/rr2p1P1/2K4P/5P2/8/8 b - - 7 48,h7h6 d6f6 g7g8 g5h6 b5c5 c4d3,1717,77,94,2212,crushing defensiveMove deflection endgame long queenRookEndgame
cAkdN,6k1/1p4q1/8/6rn/1P6/4R2Q/5PN1/6K1 w - - 9 40,h3h2 g7a1 e3e1 a1e1,1798,79,89,971,endgame mate mateIn2 pin short
kopR9,4r1k1/pp3p1p/5p2/4r2n/6q1/2Q2R2/PPP3PP/R1B3K1 w - - 2 20,c1d2 e5e2 f3g3 h5g3,1734,79,92,2476,crushing middlegame short
3xOBT,7r/p2qbk2/1p3p2/3r4/2Q5/3R3P/PP3PP1/5RK1 b - - 12 25,h8d8 f1d1 d7b5 c4b5 d5b5 d3d8,1743,76,93,1327,advantage long middlegame quietMove
rLEyr,8/2q5/2p1k3/3p4/1P1Qp1P1/4P1K1/8/8 w - - 3 45,g3h4 c7h2 h4g5 h2e5 d4e5 e6e5 g5h4 d5d4,1779,75,91,1284,crushing endgame queenEndgame veryLong
oeQqT,1r6/6p1/3k1p1p/4pP1P/P1Bp2P1/2bR1P2/2r5/3R2K1 b - - 6 38,b8a8 c4b3 c2b2 d3c3,1712,77,92,2790,advantage endgame pin short
wJJH6,r5r1/1p3RPk/1ppq2np/1B1p4/PP1P2PN/2PQ3P/6K1/8 b - - 0 28,g8g7 f7g7 h7g7 h4f5 g7f8 f5d6,1706,77,97,2544,advantage attraction fork long middlegame pin
0ADTm,r2q1r1k/pp2b2p/2b1pnB1/2npB2Q/8/2P1P1N1/PP3PPP/R4RK1 b - - 2 17,c5d7 h5h7,1797,76,94,4582,kingsideAttack mate mateIn1 middlegame oneMove pin
wNz4q,3r2qk/2N1bQnp/1p1p2pB/r1p1p1P1/PnP1P3/3P3P/8/R4RK1 b - - 4 31,d8d7 h6g7 g8g7 f7e8 g7g8 e8d7,1763,76,95,9959,crushing fork long middlegame
tqHSw,2kr2r1/4np2/1p2q3/pN3b2/2R1p2Q/1P6/1PP2P1P/4K2R b K - 1 24,e7c6 c4c6 e6c6 b5a7 c8d7 a7c6,1795,79,95,12205,advantage attraction exposedKing fork long middlegame sacrifice
WYbcW,r2r2k1/4q1p1/2p1p2p/p1P1Pp1b/PpBP3N/1Pn3Q1/6PP/R4RK1 b - - 9 26,d8d4 h4f5 c3e2 c4e2 e6f5 e2h5,1797,75,96,8501,crushing long middlegame pin
OIpjF,r1b2rk1/pppnqppp/3bp3/4N3/3PpP2/4P1B1/PPP3PP/R2QKB1R w KQ - 0 10,f1c4 d6e5 f4e5 e7b4 d1d2 b4c4,1737,74,94,13249,advantage clearance exposedKing fork long master opening
AVaxz,5r1k/p3q1pp/1p3p2/8/6QN/1B1b1P2/P3n1PP/3R3K b - - 8 27,f6f5 h4g6 h7g6 g4h3 e7h4 h3h4,1737,75,96,11710,long mate mateIn3 middlegame sacrifice
hoH9r,4B1k1/8/pB3ppp/2p5/P1Pn1n2/7P/6P1/4K3 w - - 0 40,b6c5 f4d3 e1d2 d3c5,1709,75,86,460,advantage endgame fork short
rWDoU,Q7/5r1k/3q2p1/2pP2Rp/5p2/2p4P/1PB3P1/4r1NK b - - 1 37,c3b2 g5h5 h7g7 a8h8,1757,75,96,17278,mate mateIn2 middlegame pin short
xnsyl,r4rk1/bp1n1pp1/p4n2/3pq1Bb/4pN1P/P1NP1P2/1PP3B1/R2Q1R1K w - - 1 22,f4h5 f6h5 f3f4 h5g3 h1h2 g3f1,1738,76,84,367,advantage exposedKing fork long middlegame
r2Ju6,8/8/8/1pQ5/p6K/3q3P/Pk4P1/8 w - - 9 51,a2a3 d3c4 c5c4 b5c4 g2g4 c4c3 g4g5 c3c2,1737,75,85,395,advancedPawn crushing endgame queenEndgame veryLong
WcBI9,6k1/R4p1p/Pr6/6p1/7r/8/5PP1/R5K1 w - - 1 33,a7b7 b6h6 f2f4 h4h1 g1f2 h1a1,1732,75,91,717,crushing endgame long rookEndgame skewer
S8THe,r1b4r/1p2knQp/p3qp2/4P3/8/8/PPP3PP/R4R1K b - - 0 21,e6e5 a1e1 c8e6 e1e5 f6e5 g7f6 e7d6 f1d1,1768,75,95,16232,crushing middlegame pin veryLong
aKjao,3r1rk1/B1p2ppp/2p3q1/5b2/P4Q2/1P3p2/3R1PPP/3R1K2 w - - 0 27,d2d8 g6g2 f1e1 g2g1 e1d2 f8d8,1783,75,94,675,crushing interference long middlegame
SfrLy,2r3k1/1p3p1p/pB1P2p1/Pb6/5P1q/7P/1b1Q2BK/4R3 b - - 0 31,b2c3 d6d7 b5d7 d2d7,1770,75,96,1505,advancedPawn advantage master middlegame short
MSP4R,8/5k2/5bp1/8/3Q1R2/1p1P1K2/1P5P/3q4 w - - 7 52,f3e4 d1h1 f4f3 h1f3 e4f3 f6d4,1799,77,89,692,crushing endgame long
KWQnp,4r1k1/pp4pp/5n2/3p4/1b6/2NP4/PP1B1PPP/R5K1 w - - 1 18,a1e1 e8e1 d2e1 d5d4 g1f1 d4c3,1778,76,94,3250,advantage endgame long
rn9AW,r5k1/2R5/6pp/ppP5/8/5N2/2b2PPP/6K1 w - - 0 32,f3d4 a8d8 c5c6 d8d4,1726,74,86,1300,crushing endgame short
ZJfI0,5rk1/5p1p/R5p1/1p6/5q2/1PP1p3/P4PPP/3Q2K1 w - - 0 32,d1f3 f4f3 g2f3 e3e2,1749,75,93,588,advancedPawn crushing endgame short
zWO5I,4Q1rk/1p2R1bp/pq1r2pB/8/3P4/7P/PP3PP1/3R2K1 b - - 6 26,g7h6 e8f7 h6g7 e7e8 g8e8 f7e8 g7f8 e8f8,1770,75,95,1609,clearance mate mateIn4 middlegame veryLong
9omkl,8/1p6/p6p/P1P3k1/6P1/6K1/8/8 b - - 0 64,g5f6 g3f4 f6e6 f4e4,1743,75,88,803,crushing defensiveMove endgame pawnEndgame quietMove short zugzwang
54iky,r2qkb1r/pp1n1ppp/4p3/2PpPn2/5Pb1/3QBNP1/PPP3BP/RN2K2R b KQkq - 0 10,d7c5 e3c5 f8c5 d3b5 d8d7 b5c5,1774,76,92,1849,advantage fork long middlegame
h8XMX,2kr2r1/ppp2p1p/2nq4/8/8/1P1P1B1b/PBP2PP1/R2QR1K1 b - - 1 16,g8g2 f3g2 d8g8 e1e8 g8e8 g2h3,1718,77,94,2767,crushing long middlegame
4Kfe3,r7/7p/p1k2pp1/2P4n/3B2KP/P4P2/4r3/R2R4 w - - 0 29,a1b1 e2g2 g4h3 h5f4,1717,75,100,960,endgame mate mateIn2 short
JY7hL,8/8/4p2P/6R1/2kpp3/3r2P1/4K3/8 b - - 0 47,e4e3 g5c5 c4c5 e2d3,1720,75,92,890,crushing deflection endgame rookEndgame short
5Cj80,5rk1/p6p/2p3p1/2Ppb3/2pBp2q/2P4r/PP3PRP/1R4QK b - - 9 22,e5c7 g2g6 g8f7 g6g7 f7e6 g7c7,1780,77,93,2179,advantage kingsideAttack long middlegame skewer
83L1W,r3r1k1/4ppbp/2N3p1/1q1Pp1P1/1P3P2/P6P/Rp2R1K1/3Q4 w - - 0 33,f4e5 b5e2 d1e2 b2b1q,1781,75,81,615,advancedPawn crushing middlegame promotion short
1gLHm,8/8/8/2n1N3/Pk6/2p5/2K5/8 w - - 7 60,e5d3 c5d3 c2d3 b4b3 a4a5 c3c2 d3d2 b3b2,1705,80,93,469,advancedPawn crushing defensiveMove endgame knightEndgame veryLong
UfkXg,8/5rk1/6p1/1ppQp2p/p3P3/P1P1b1PP/1PB2rK1/3R4 w - - 4 37,g2g1 f2f1 g1h2 f7f2,1747,74,95,2794,discoveredCheck doubleCheck endgame kingsideAttack mate mateIn2 short
6zVHb,6r1/p7/5p2/3p1k1p/1P1P4/4RKP1/P6r/R7 b - - 0 38,h2h3 f3g2 h3g3 e3g3,1784,76,88,807,endgame
vcAvN,1rr3k1/pq3p1p/1p4p1/3p1n2/3P4/1QNR2P1/PP2RP1P/6K1 w - - 0 22,b3d5 c8c3 d5b7 c3c1 g1g2 b8b7,1789,74,94,5344,advantage intermezzo long middlegame sacrifice
3Z1GH,r7/p5Rp/2p2P2/q1n2bBk/1p6/8/PP2NPPP/R5K1 b - - 2 20,c5e6 e2g3 h5g4 f2f3,1764,76,91,7864,mate mateIn2 middlegame short
1uh9t,8/8/4k3/3p1p2/N1pP1P1K/n1P5/8/8 b - - 0 73,a3b1 h4g5 e6d7 g5f5,1708,80,93,1733,crushing endgame knightEndgame master short
CB4eW,2kr1b1r/pp1n1ppp/q1p5/2PpN3/3P1BP1/P1Nb3P/1P3P2/R3QRK1 b - - 4 16,d7e5 e1e5 f8d6 c5d6,1779,75,93,1422,crushing middlegame short
Zvd36,2kr1b1r/ppp2Bpp/8/2q5/3p4/P6P/1PPnQPP1/R3K2R w KQ - 0 15,e2d2 c5e7 d2e2 e7f7,1706,76,94,20098,crushing fork master middlegame short
1O4Sv,2kr1b1r/ppn1pqpp/2p2n2/8/8/B3Q3/P1PP1PBP/R3K2R b KQ - 5 18,f7e6 g2h3 f6g4 e3e6 c7e6 h3g4,1742,74,97,2593,advantage long middlegame pin
I1bPD,r4k2/pp1r1ppp/1p1p1n2/1N1Pq3/1Q2P3/5P2/PP4PP/2R2RK1 w - - 5 19,b5a7 a8a7 c1c8 f6e8,1746,77,92,1344,advantage defensiveMove hangingPiece middlegame short
PsXRd,8/6b1/3p4/2pPk3/2P1BpK1/p4P2/P7/8 w - - 3 68,g4h4 e5d4 e4c2 d4c4,1706,74,88,324,bishopEndgame crushing endgame short
Lpo85,2Q2rk1/1p4pp/1p2p3/8/4q3/8/P6P/2RK1B1R w - - 0 28,c8c4 f8d8 f1d3 d8d3 c4d3 e4d3,1796,78,93,1394,advantage endgame exposedKing long
vpTFI,r2k2nr/pQpbqBb1/7p/6p1/8/2N1P3/PPP2pPP/3R1K1R b - - 0 17,e7f7 b7a8 d8e7 c3d5,1727,77,90,4657,advantage hangingPiece master middlegame short
hJN3y,3R4/1pp3p1/4r2p/p3q3/6kP/PPNQ2P1/5r2/6RK w - - 12 31,d8d4 g4h3 g3g4 e5e3 d3e3 e6e3,1789,75,98,575,advantage defensiveMove long master middlegame
MuR7n,rn2kb1r/p3qppp/b4n2/1N6/2Q1p3/2N5/PPPP1PPP/R1B1K2R b KQkq - 4 10,e7d7 b5c7 e8d8 c7a6,1737,75,86,1597,advantage fork opening short
ORWG1,rnb2rk1/ppp1Bpp1/4p2p/8/3P4/3B1N2/PP3PPP/R2nK2R b KQ - 1 12,f8e8 e7a3 d1b2 a3b2,1733,75,91,2360,advantage middlegame quietMove short trappedPiece
5Ocli,r3rk2/pp1n1pbQ/2p1p2q/3n2N1/3P4/3B1R1P/PPP2PP1/R5K1 b - - 14 20,h6h7 f3f7 f8g8 d3h7,1759,76,93,1214,advantage fork intermezzo master middlegame short
Emwmp,r5k1/5p1p/b1R3p1/p7/3bP3/P2rBP2/3N1KPP/2R5 w - - 5 23,e3d4 d3d2 f2e3 d2d3 e3f4 d3d4,1728,78,96,15668,advantage deflection fork hangingPiece long master middlegame
J0vZs,1r2k2b/p2npp2/3pb1p1/q5P1/4P3/P1N1BPN1/1PPQ4/2KR4 w - - 1 20,e3d4 h8d4 d2d4 a5g5 c1b1 g5g3,1741,75,91,1973,crushing fork long master middlegame
NRfub,r1b2rk1/ppp2npp/8/2q5/4N3/1Q6/PP4PP/1K1R1R2 b - - 0 17,c5e5 b3f7 f8f7 d1d8 e5e8 d8e8 f7f8 f1f8,1724,75,85,594,kingsideAttack mate mateIn4 middlegame sacrifice veryLong
RSanf,r4rk1/p2q2pp/1p3pb1/2bP4/2nN1B2/2P3P1/P4PBP/2QR1RK1 w - - 5 20,d4e6 c5a3 c1a1 a3b2 d1d4 b2a1,1745,75,94,7534,advantage long middlegame trappedPiece
0TGTk,r5k1/pp4pp/2n4r/3p1p2/3P3q/P2BPPn1/1PQ4P/R3NRK1 w - - 0 19,h2g3 h4h1 g1f2 h6h2,1738,74,86,640,crushing kingsideAttack master masterVsMaster middlegame short
brJco,7r/1Q1k1p2/pp1B4/4P3/1P1n3p/P3q3/7P/5R1K b - - 8 34,d7e6 b7f7,1713,80,93,1141,endgame master mate mateIn1 oneMove
iWjJb,8/8/4k1p1/pp1pP1P1/5K2/2P5/PP6/8 w - - 0 45,b2b3 b5b4 c3c4 d5c4 b3c4 a5a4,1721,75,100,1281,crushing defensiveMove endgame long pawnEndgame
oZjij,8/p7/1p6/5k1p/3P1Pp1/P2P2K1/1P6/8 w - - 0 46,b2b4 h5h4 g3h4 f5f4 d4d5 g4g3 h4h3 f4f3,1728,78,93,2783,crushing defensiveMove deflection endgame pawnEndgame veryLong
W7lQu,N1k3nr/Rp3ppp/3p4/8/2b5/2N1P3/3K1PPP/8 b - - 0 23,c4a6 a8b6 c8c7 c3d5 c7c6 a7a8,1799,76,97,1339,advantage endgame long
LtylH,2r2rk1/pp1b1ppp/2n1p3/5q2/4B2Q/4B3/P4PPP/R5K1 b - - 4 24,g7g5 e3g5 f5e4 h4e4,1729,75,100,308,middlegame
qpe53,8/6p1/1p3k1p/pP5P/P3K1P1/8/8/8 b - - 0 39,f6g5 e4d5 g5g4 d5c6 g4h5 c6b6,1754,78,92,719,crushing endgame long pawnEndgame
R5LvV,3k4/8/2pq4/2R5/1Q6/K1Pr4/P7/8 w - - 1 38,b4c4 d3d5 c4d5 c6d5,1735,77,92,4564,crushing endgame pin short
PoaNQ,r1b2rk1/2q1bppp/ppnp1n2/2p2pN1/P1B1P2Q/2NP4/1PP3PP/R1B2RK1 b - - 3 12,c6e5 c3d5 h7h6 d5c7,1780,75,96,3637,crushing middlegame short
D9IoS,2r2r1k/1Q4pp/p7/8/4P1b1/4qN2/PPPR2PP/2KR4 w - - 3 22,f3e5 g4d1 e5f7 h8g8,1788,77,93,2240,crushing middlegame pin short
VMQLR,2r3k1/6p1/p4bP1/5q2/1p2p3/1R6/PPP5/1K1Q1B2 b - - 1 29,a6a5 f1h3 c8d8 d1d8 f6d8 h3f5,1797,75,93,9055,crushing endgame long
lbC1F,r1b1kb1r/1pp1pppp/p1n2n2/qN6/1P6/2N5/P1PP1PPP/R1BQKB1R b KQkq - 0 7,a5b6 c3a4 b6b5 f1b5,1707,77,93,2876,advantage opening pin short trappedPiece
RuCuq,3Q4/1kpPn3/pp4p1/q2b2N1/2n5/2P5/P1P3PP/1KBRR3 w - - 1 22,d8e7 c4d2 c1d2 a5a2 b1c1 a2a1,1751,76,93,1899,long mate mateIn3 middlegame queensideAttack sacrifice
D9GaU,8/1p1k4/2p4p/p1Q3p1/3P2P1/1P3K1P/P4P2/3q4 w - - 7 56,f3e4 d1e2 e4f5 e2e6,1706,74,96,4338,endgame master mate mateIn2 queenEndgame short
FC5CP,r5k1/p6p/2p3p1/1bNp2r1/5q2/P4R1P/1P4P1/R2Q2K1 b - - 5 24,f4d6 c5e4 d5e4 d1d6,1710,76,91,2904,advantage middlegame short
Msc0z,8/8/5k2/2p2ppp/2P2P2/5KP1/8/8 b - - 1 52,h5h4 f4g5 f6g5 g3h4 g5h4 f3f4 h4h5 f4f5,1768,76,91,304,attraction crushing endgame pawnEndgame veryLong
wXm8y,r2r4/pp1Nk1p1/b2Rpp1p/2P5/P1p5/2P1P3/5PPP/3R2K1 w - - 4 24,d7b6 a7b6 d6d8 a8d8 d1d8 e7d8,1779,74,87,735,crushing endgame long
cC2ic,8/r4pk1/1pp1p1p1/7p/rPP4P/P2R2Q1/3R1PPK/2q5 b - - 17 31,c1c4 g3e5 g7h7 d3d8,1737,74,89,663,crushing defensiveMove endgame short
GTPI6,r2r3k/ppq5/1bn4p/5R2/2Q1R2p/1NP2N2/PP3PPP/6K1 w - - 1 24,b3d4 c6d4 c4c7 d4f3,1799,75,88,464,advantage kingsideAttack middlegame sacrifice short
2tKT0,5k2/7Q/1p2q2P/p4p2/P1p1p3/4P1P1/5PK1/8 b - - 0 46,e6f7 h7h8 f7g8 h8f6,1705,76,84,309,crushing endgame master queenEndgame short
VtoGr,4r1k1/pp3pbp/2n1P3/3p2p1/P5B1/2Nb2B1/1P3PPP/4R1K1 b - - 0 22,f7f5 g4h5 g7c3 b2c3,1774,74,90,650,crushing master middlegame short
LbFT7,r4rk1/pQ1n2p1/2pqp2p/3np3/8/6P1/PP1PPPBP/R1B2RK1 w - - 1 14,d2d3 d7c5 b7a8 f8a8,1778,78,94,15190,advantage master middlegame short trappedPiece
nVpTW,r1bqk2r/pppp1pbp/5np1/n3p1B1/2B1P3/2NP1Q2/PPP2PPP/R3K1NR b KQkq - 4 7,a5c4 c3d5 f6d5 g5d8,1776,75,85,1251,advantage opening short
o9YjP,r5rk/1ppR1pp1/p4qbp/4pN2/4PnQ1/2P4P/PPB2PP1/3R2K1 w - - 9 27,h3h4 g6h5 g4h5 f4h5,1739,75,93,1336,advantage middlegame short
PzPTl,r4rk1/p4p1p/1p1N2p1/1Pp5/2Pp1Pn1/P2P2qb/3BQ1B1/1R3RK1 w - - 3 22,f1f3 g3h2 g1f1 h2h1,1791,77,84,448,kingsideAttack mate mateIn2 middlegame pin short
SY3q6,8/8/6p1/6N1/3K3p/8/7k/8 w - - 0 54,d4e3 h2g3 g5f3 h4h3,1755,75,100,904,crushing endgame knightEndgame short zugzwang
WAHcd,r1b3k1/ppp3pp/7q/b2Npr2/3nNp2/P2P1P2/1PPB2PP/R2Q1R1K w - - 5 17,d2a5 f5h5 e4f6 g7f6 d5f6 h6f6,1759,76,89,359,crushing long middlegame
CM4H0,r4nk1/pp1q1p1p/2p2bpB/3p1P2/3P1Q2/2PB4/PP4P1/4R1K1 b - - 2 26,f6e7 f4e5 f7f6 e5e7 d7e7 e1e7,1716,75,91,1804,crushing long middlegame
3Zgom,r4rk1/1b1nb1pp/pp1p4/2pPp2q/2P5/3BBN1P/PPQ2PP1/3R1RK1 w - - 1 17,d3f5 h5f5 c2f5 f8f5,1832,76,87,388,crushing master middlegame short
wfeID,3r2k1/pp4p1/4r1qp/2R2p2/3N2nP/1P6/P1PQ2P1/5RK1 w - - 0 31,d4e6 d8d2 c5c8 g8f7,1803,74,85,1104,crushing hangingPiece middlegame short
TgkSg,2kr4/1pp2Rp1/p1npq3/3r2PQ/P7/1P2B2P/6P1/4R1K1 b - - 5 25,g7g6 h5h7 e6f7 h7f7,1816,75,97,1281,crushing middlegame short
jYd0q,8/8/4p2p/PN1n4/8/2pk3P/5PP1/4K3 w - - 1 38,e1d1 c3c2 d1c1 d5b4 b5a3 b4a2,1825,75,89,487,advancedPawn crushing endgame knightEndgame long quietMove
KDK1C,8/5B2/K7/P3k1p1/3nP3/1p5P/8/8 w - - 0 53,a6b6 d4e6 f7e6 e5e6,1833,75,100,538,crushing endgame quietMove short
bsSzs,1B6/8/2k1p3/1p2p2p/1Kn1Pp2/2P2P2/6PP/8 w - - 4 44,b4b3 c6b7 b8e5 c4e5,1850,75,95,1692,crushing endgame master short trappedPiece
XmTES,2k2n1r/pp6/2prp1pq/8/3P4/2PB2Q1/PP4Rp/1K5R b - - 1 27,d6d8 g2h2 h6h2 h1h2 h8h2 g3h2,1835,74,93,10556,advantage long middlegame
Ix2Fb,2N5/3n4/1p1pk3/1Pp5/2PpP3/3P1K2/8/8 w - - 20 50,c8a7 d7e5 f3e2 e6d7,1865,79,93,1186,crushing defensiveMove endgame knightEndgame master short
2ciJ2,1r2r1k1/5p1p/p2p3b/2p2B2/2P1R1P1/PPN1K3/1BQP2q1/R7 w - - 8 28,e3d3 g2f3 e4e3 e8e3 d2e3 f3e3,1873,74,100,784,long mate mateIn3 middlegame
Sn7yw,4RQ2/5ppk/p2p3p/2pP4/6P1/7P/Pr3PK1/1q6 b - - 3 29,b1a2 f8f7 b2f2 f7f2,1820,75,91,770,crushing endgame short
VY6ia,r2r2k1/2pn1ppp/ppn2P2/2q1p1P1/4P2P/2P2Q1N/PP4R1/RNb1KB2 w Q - 3 19,g2c2 c6d4 f3d3 d4c2,1816,79,91,505,crushing middlegame short
X9ZhG,2k1r2r/1ppq2p1/p5p1/3pn3/5N1b/PP2P3/1BP3P1/R1KQ3R b - - 1 21,h4g5 h1h8 e8h8 b2e5,1819,75,92,2175,advantage middlegame short
IaqHl,3r2k1/1p3pbp/1p2p1p1/2p1PnP1/P1P2P2/1P3N1P/4K1B1/R7 w - - 2 27,a1d1 d8d1 e2d1 f5e3 d1d2 e3g2,1853,75,88,632,attraction crushing endgame exposedKing fork long
16GwK,6k1/2pp2pp/5p2/1b6/1Q6/2B1rP2/P1P1q1PP/R5K1 b - - 4 23,c7c6 a1e1 e2c4 b4c4 b5c4 e1e3,1898,76,95,5300,crushing endgame long
krd0S,5k2/3b3p/3b4/3Q1np1/p3p3/P1B3Pq/4N3/4R1K1 w - - 0 45,e1f1 h3f1 g1f1 f5e3 f1f2 e3d5,1857,76,95,7029,attraction crushing exposedKing fork long master middlegame sacrifice
0C0vp,8/8/8/1K6/1P4r1/2k5/6p1/6R1 w - - 2 55,b5c5 g4g5 c5d6 c3b4,1818,78,94,15170,crushing deflection endgame master rookEndgame short
TzsAA,6k1/5pp1/7p/PQ6/5b2/4r2P/6PK/8 w - - 1 36,h2g1 f4g3 b5f1 e3e1 f1e1 g3e1,1853,76,86,1189,crushing endgame long pin quietMove
5bVGu,8/p5pp/2p1b3/4N3/3qp1P1/P5kP/1P4Q1/7K b - - 1 37,g3f4 g2h2 f4e3 h2g1 e3e2 g1d4,1822,74,95,17214,crushing deflection endgame long skewer
e0bDD,r1bq1rk1/pppnppbp/3p1np1/8/2BP1B2/2N1PN1P/PPP2PP1/R2QK2R b KQ - 4 7,f8e8 c4f7 g8f7 f3g5 f7g8 g5e6 d7f8 e6d8,1820,77,92,4055,attraction crushing kingsideAttack opening sacrifice trappedPiece veryLong
UvaLI,rn3rk1/pbp2p1p/1p2p1p1/7q/3B4/2P2P2/PP1QB1K1/3R1R2 b - - 3 22,e6e5 f1h1 h5g4 g2f2 g4f4 d2f4,1880,76,92,332,advantage defensiveMove long middlegame
rjvJY,2kr1b1r/ppp3pp/5n2/3pPq2/5B2/2N5/PPP3PP/R2Q1RK1 b - - 0 12,d5d4 e5f6 d4c3 d1d8 c8d8 f4c7 d8c7 f1f5,1864,75,95,8418,attraction crushing discoveredAttack middlegame queensideAttack sacrifice veryLong
P2mQU,r1bqk2r/ppp2p2/3pp3/7p/2PP2nR/2PQ1NP1/P5P1/R3KB2 b Qkq - 3 15,b7b6 d3e4 c8d7 e4g4 h5g4 h4h8 e8e7 h8d8,1804,75,87,1072,advantage middlegame skewer veryLong
Lrhed,r4rk1/1pq2pp1/p1p2p1p/4bP2/4N1Q1/7R/PPP3P1/4R2K b - - 3 22,e5f4 e4f6 g8h8 f6h5,1842,74,87,1032,crushing kingsideAttack middlegame pin short
eBL2i,r1b1r1k1/pp3pbp/1q4p1/2pQN1B1/2P5/2P5/P3B1PP/R4RK1 b - - 0 16,e8e5 d5f7 g8h8 g5f6 b6f6 f1f6,1875,77,93,1033,advantage kingsideAttack long middlegame
OZxX3,8/2R2p2/6k1/3p1rp1/2nP2Np/4PP2/4K3/8 b - - 6 44,c4d6 c7c6 f5f6 g4f6,1897,79,93,934,crushing endgame master pin short
rz16R,2Q2bk1/6p1/1P1n3p/1r1q4/1pN5/1P3P1P/1P1R2P1/7K b - - 0 40,d5d2 c8e6 g8h7 c4d2,1895,75,93,701,advantage endgame intermezzo master short
7YxWt,8/8/p2N4/1p4pp/1P6/5bPk/2P4P/6K1 b - - 0 36,f3d1 d6e4 h3g4 e4f2 g4f5 f2d1,1869,76,96,2303,crushing endgame fork long
fGHaw,1r3r2/p2bkpnp/4p1p1/4P1P1/2P2RP1/5B2/PP5P/2KR4 b - - 4 25,g7e8 f4d4 d7a4 b2b3 e8c7 b3a4,1824,76,91,2740,crushing long master middlegame
FulAC,r6r/ppp1kppp/5n2/6B1/1b1P4/2N2P2/PP3P1P/R4RK1 b - - 2 15,h7h6 g5f6 e7f6 c3d5,1824,75,92,1418,attraction crushing middlegame short
mxm17,3q1r1k/r6p/p5B1/1p1p3Q/2p5/8/PP3bPP/RN2R2K w - - 2 21,e1e8 f8e8 g6e8 a7e7,1895,76,98,1510,advantage middlegame short
s2KE2,2bq3k/pp1pn1bp/3QNrp1/n2B4/5p2/5N2/PP3PPP/R4RK1 b - - 4 17,e7d5 e6d8 f6d6 d8f7 h8g8 f7d6,1801,77,91,1748,crushing fork long middlegame
DBvLJ,r5k1/p1p3p1/1p1p3p/4pp2/2PPP3/P1P1q1r1/2Q3PP/R4R1K b - - 0 21,g3g5 a1e1 e3e1 f1e1,1812,74,100,846,advantage endgame short trappedPiece
oBysB,r2q1rk1/p2b1ppp/2pp4/4p1N1/4P3/2N4P/PPPQ1nP1/2KR3R w - - 0 14,g5h7 f2d1 h7f8 d1c3,1828,78,90,2229,advantage middlegame short
nLtEi,rnbq1rk1/pp3p1p/2p3p1/4b3/2P1N3/3B4/PP3PPP/R1BQ1RK1 w - - 0 11,c1h6 d8h4 f2f4 e5d4 g1h1 h4h6,1869,78,93,12217,advantage long middlegame
TFKWC,5r2/1b2k1p1/p1q1p1Bp/1p2P3/2nP4/P6P/1P2N1P1/R3Q1K1 w - - 3 27,e1b4 e7d7 d4d5 c6d5 g6e4 d5e4,1806,74,86,596,crushing defensiveMove long middlegame
4LAhn,5r1k/3n1qbp/pp4r1/2p1n2Q/4pB2/PN2P1NP/1PP2PP1/1R1R1K2 w - - 0 32,g3e4 f7c4 h5e2 c4e4,1855,75,93,9616,advantage fork middlegame short
7QeBd,6r1/1pp1b3/p3kp2/2P1nN1r/1P2PB2/P5P1/6K1/3R1R2 w - - 11 35,d1d5 h5f5 e4f5 e6d5,1880,74,95,2162,advantage deflection master middlegame short
kmjDp,r5k1/q4ppp/n3p3/1Q1p4/2p1nP2/6P1/6KP/RR6 b - - 3 33,e4d6 b5a6 a7a6 a1a6 a8c8 a6d6,1855,79,94,6041,advantage long middlegame
jN1W4,4r1k1/1R3p1p/p5p1/2qNn3/5P2/3b2PP/P2Q2B1/6K1 w - - 1 30,g1h2 e5f3 g2f3 e8e2 d2e2 d3e2,1857,77,91,1570,clearance crushing long middlegame sacrifice
JtX3A,1r4k1/4R1p1/7p/4pB1P/3bP3/8/6K1/8 b - - 10 42,b8b3 f5e6 g8f8 e7f7 f8e8 e6b3,1872,75,88,413,crushing endgame fork long
PSztA,2b3k1/p3np1p/5rpb/PB1p3q/1P1Pp3/N1N1P1PP/1B4Q1/4R1K1 w - - 1 33,g1h2 c8h3 g2h3 f6f2 h2g1 h5h3,1826,75,95,17785,crushing deflection fork long middlegame sacrifice
FpIbG,8/8/4K3/pQ6/Pq6/k7/8/8 w - - 2 52,e6d7 b4a4 d7c6 a4b5 c6b5 a5a4 b5c4 a3b2,1845,75,88,1332,crushing endgame master queenEndgame quietMove veryLong
jcHbZ,r1b2r1k/1p1n1p1p/4pPp1/3pq1P1/pb1N4/2NPBR1Q/PP5P/R5K1 b - - 2 20,b4c5 h3h6 d7f6 g5f6,1866,78,92,784,crushing middlegame short
IxDF4,3k1r2/p5pp/3b1q2/3p4/2r1P3/P6Q/1P3PPP/R1B2RK1 w - - 1 20,e4d5 c4h4 h3g3 d6g3,1824,78,92,383,advantage middlegame short
4AmNW,r6k/2p2p1b/2n4p/p1n1p2P/P2p4/1P1PP1qN/1PQKB3/R6R w - - 0 25,e3d4 c6d4 c2c5 d4b3 d2c2 b3c5,1801,76,89,607,crushing fork long middlegame
rF8nS,3r2k1/2p2p1p/1p3p2/1bb5/2NqP3/P7/1P2QPPP/2R2K1R w - - 1 23,b2b4 b5c4 c1c4 d4a1 e2e1 d8d1 f1e2 d1e1,1856,75,88,458,clearance crushing middlegame pin veryLong
5qBH0,3r2k1/pQ3p2/1p1P4/1q2b1p1/1P4P1/P7/5PB1/3R2K1 b - - 3 34,e5d6 d1d6 d8d6 b7b8 g8g7 b8d6,1864,75,86,329,attraction crushing endgame fork long sacrifice
jYB3s,4k3/pp5b/4PK2/2pB4/2Pn3P/8/8/8 b - - 0 55,b7b6 e6e7 h7g6 f6g6 e8e7 h4h5,1825,78,95,4418,advancedPawn crushing defensiveMove endgame long
sZaVC,8/8/3p4/2pPkb2/1pP3p1/pP2K1P1/P7/2N5 w - - 6 45,c1e2 f5b1 e2c1 e5f5 e3d2 f5e4,1822,74,88,421,crushing endgame long zugzwang
2rLM5,8/p4pp1/2p5/2p2P2/1PP1Pkn1/P2p4/6R1/6K1 b - - 0 38,f4e4 g2g4 e4f3 g4g2,1822,77,93,305,advantage endgame hangingPiece short
BMYML,r2q1rk1/1b2bppp/pp2pn2/4Q1N1/3p4/1P1B4/PBPP1PPP/R3R1K1 b - - 1 16,h7h6 g5e6 f7e6 e5e6 g8h8 e6e7,1862,77,93,4238,crushing kingsideAttack long master masterVsMaster middlegame
2TrQD,8/3kn1Np/2p2p2/p1P2P2/1pQ1P3/1P6/Pq3KPP/8 w - - 3 36,f2g3 b2c3 g3f4 c3c4 b3c4 a5a4,1813,75,93,1317,advantage defensiveMove endgame long master
a3BXQ,2rn3r/2k5/Q1R5/p1Np4/P2P1q2/4p1pP/6P1/6K1 b - - 2 36,d8c6 a6b7 c7d8 b7d7,1837,78,87,727,endgame mate mateIn2 short
jskfC,3r1rk1/2p2ppq/1p2p2p/p3N3/1nPP1PQ1/4P1R1/P4KP1/2R5 b - - 6 26,f7f6 g4e6 g8h8 e5g6 h7g6 g3g6,1838,77,95,11876,crushing fork long middlegame
Afulk,8/p4kb1/3B3p/PrNp1bpP/1P6/1KP5/5P2/3R4 w - - 5 33,b3a4 b5c5 b4c5 f5c2 a4b4 c2d1,1824,76,92,3252,advantage endgame fork long master sacrifice
nTFWq,r7/1p1q3k/6pp/p6n/3P4/5Q1P/1P4P1/4R2K b - - 0 33,d7d4 f3b7 h5g7 b7a8,1857,76,90,932,advantage endgame fork master short
D8vx0,1r6/5p1k/1pq3pB/p1p2b2/2Pb1P1P/6Q1/P3R1P1/4R2K w - - 1 31,g3g5 d4f6 g5f5 g6f5,1829,76,93,2525,crushing middlegame short
1JPpd,r1b2rk1/pp2np2/1q2p1p1/4P1Pp/2Bn4/2P1B3/P6P/RN2QRK1 b - - 0 19,d4c2 e3b6 c2e1 b6c5,1818,76,93,813,advantage middlegame short
xN12o,8/8/4p1pp/1kP2p2/p2K1P2/P5PP/8/8 w - - 0 46,h3h4 h6h5 d4e5 b5c5 e5f6 c5c4,1836,77,93,1314,crushing defensiveMove endgame long pawnEndgame quietMove zugzwang
hQg46,1qrr2k1/n3bpp1/p2ppn1p/8/1P1N4/P3P2P/1B2QPP1/1NRR2K1 b - - 0 20,a7b5 d4c6 c8c6 c1c6,1823,74,95,2163,crushing fork master opening short
EFvNN,r5k1/1b1nq3/p3prB1/1p2N1Bp/3P4/8/5PPP/Rn2Q1K1 b - - 0 27,b1a3 e5d7 e7d7 g5f6,1823,76,89,1729,advantage middlegame short
PwIs5,2r3k1/pp3r1p/3p1npQ/3Pp1N1/q7/2P2P2/PP4P1/2KR3R b - - 2 21,f7e7 g5h7 e7h7 h6g6 h7g7 g6f6 a4f4 f6f4,1895,76,86,1218,capturingDefender crushing fork middlegame veryLong
VUB9s,8/8/5pk1/3P4/P1PQ3P/5K2/1r5r/8 w - - 2 52,d5d6 b2b3 f3g4 f6f5 g4f4 h2h4,1813,76,98,785,crushing deflection endgame exposedKing long queenRookEndgame
EwTVK,8/3k1pb1/p1rp4/3q2pp/QP6/P2p1N1P/5PP1/2R3K1 b - - 5 30,g7h6 f3d4 d3d2 c1c6,1873,76,92,4555,advantage endgame pin short
KqUFg,3rr1k1/pp3pp1/1qnb3p/3p1BP1/3Pn3/2PQ1N2/PP5P/R1B2RK1 b - - 0 18,h6g5 f3g5 e4g5 c1g5,1891,77,90,1266,advantage middlegame short
1nqVy,2kr1b1r/pbpp4/1pn2p1p/3N4/2B3q1/1Q2PN2/PPP2PPP/2KR3R w - - 4 14,h1g1 c6a5 b3c3 g4c4,1897,78,93,692,advantage middlegame short
dvviE,r2k1b1r/pppbnQpp/4N3/5p2/8/8/P1P2PPP/q1BR2K1 b - - 5 15,d8c8 f7e8 d7e8 d1d8,1894,76,95,7371,mate mateIn2 middlegame queensideAttack sacrifice short
QsOJx,r1bqkb1r/pppn2p1/7p/4N2n/8/2N1Q3/PPP1PPPP/2KR1B1R b kq - 0 11,d8e7 c3d5 d7e5 d5e7,1810,78,92,321,advantage master opening short
eILk0,r3kb1r/pp3ppp/2n1p3/3p4/Q1Pq2P1/5B1P/PP1N1P2/3R1K1R b kq - 3 16,f8c5 d2e4 d5e4 d1d4,1802,77,91,553,advantage discoveredAttack middlegame pin short
3l0GV,2r1r1k1/p4pp1/bp1q1n1p/3PN3/3Q4/1B5P/P4PP1/3RR1K1 w - - 3 22,e5c6 e8e1 d1e1 c8c6 d4a4 b6b5,1875,76,95,8901,crushing long middlegame
aiTlH,5rk1/pp3rp1/2p2q1p/3p1n2/8/1NP3P1/PP1QRPKP/R7 w - - 7 23,a1f1 f5h4 g3h4 f6f3,1853,74,88,421,clearance crushing master masterVsMaster middlegame sacrifice short
3mbxX,r5kr/pp1q3p/4Npb1/3P4/1bp1Q3/8/PP2NPP1/2KR3R w - - 0 21,e4d4 d7a4 d4c4 b4d2 c1d2 a4c4,1883,76,92,2214,crushing discoveredAttack long middlegame queensideAttack
1DxgG,8/8/8/4kp2/6P1/5P1K/8/8 b - - 0 53,f5g4 h3g4 e5f6 g4f4,1821,74,94,4612,crushing defensiveMove endgame master pawnEndgame short zugzwang
OfgQV,6k1/p3Qp1p/2R3p1/1p2P3/4P3/1P3P1P/q2r2P1/7K b - - 0 29,d2g2 c6c8 g8g7 e7f8,1806,80,93,1216,endgame mate mateIn2 short
dGAVC,8/6p1/r2p1p2/p2Nk1b1/P5P1/1B3RK1/2P5/7r b - - 3 40,h1d1 f3f5 e5d4 c2c3 d4d3 b3d1,1873,77,96,11512,advantage discoveredAttack endgame long master
0RrTi,r4k1r/1pR1nppp/1p2p3/3pP3/1Q6/8/1B3PPP/1q2N1K1 b - - 9 21,a8e8 b4e7 e8e7 c7c8 e7e8 b2a3 b1b4 a3b4 f8g8 c8e8,1826,76,100,2751,backRankMate mate mateIn5 middlegame sacrifice veryLong
PXInq,2r3k1/7p/np1Bb1p1/p3P3/P1P1p1P1/4p2P/4B3/1R4K1 b - - 2 36,e6c4 b1c1 c4e2 c1c8,1821,75,93,1037,advantage endgame master short
N13dd,3rr1k1/1p3pp1/6n1/p1b1q1np/P1B4P/1PP2R2/2Q3P1/R3N2K w - - 0 24,c2g6 e5e1 a1e1 e8e1,1843,78,93,5307,crushing kingsideAttack master middlegame short
uXDr9,r1bqk2r/ppp2pbp/2np1np1/3Np3/2BPP3/4BQ2/PPP2PPP/R3K1NR b KQkq - 3 7,e5d4 e3g5 f6d5 g5d8,1824,77,93,495,advantage master opening short
2bGQg,4r2k/6p1/2Q4p/4q3/P1P5/7P/4p1P1/4R2K w - - 0 31,c4c5 e8f8 c6f3 f8f3,1806,74,89,2360,crushing endgame quietMove short
uOsZx,4qr2/p2B3k/2p2pbp/1p1Pb3/5pQ1/P1P2P1P/1P2R1P1/6K1 b - - 1 29,f6f5 d7e8 f5g4 e8g6 h7g6 e2e5,1845,74,88,689,advantage long middlegame
KR1UE,3r1r2/1p1qp1b1/2p3kp/p1P2p2/P1Q5/4BN2/1PP1KPP1/7R b - - 5 30,e7e5 h1h6 g7h6 f3e5 g6f6 e5d7,1810,80,93,619,crushing deflection fork long master middlegame sacrifice
Pgixt,2b3k1/6pp/2pNp3/2P5/1p1r4/6PP/1R3P2/6K1 b - - 3 38,c8a6 b2a2 d4d1 g1h2 b4b3 a2a6,1891,75,90,1240,crushing endgame long
vlSlR,3rk1r1/p3pp1p/b1pq4/2N1p2p/2P5/P4P2/1PQ2K1P/R1B1R3 w - - 5 22,c5a6 d6d4 c1e3 d4h4 f2f1 h4h3 f1e2 g8g2 e3f2 g2f2 e2f2 h3h2,1878,76,95,807,attraction crushing middlegame veryLong
egH2T,8/3r2Q1/1p2k2P/p4pp1/2P2n2/PP3K2/4rP1P/5N2 w - - 2 46,g7g5 e2f2 f3f2 f4h3 f2g2 h3g5,1865,75,93,4905,advantage attraction endgame exposedKing fork long master sacrifice
UYQHi,r2r2k1/4qp2/p7/1p2P1p1/1Pp2Pb1/6P1/1PP4Q/R1K4R b - - 1 30,f7f6 h2h8 g8f7 h1h7 f7g6 h7h6 g6f5 h6f6 e7f6 h8f6,1817,77,92,2386,crushing exposedKing kingsideAttack middlegame veryLong
TU7dJ,3q2k1/p4pp1/1p5p/2p2P2/P1PnBQP1/7P/1P6/7K b - - 0 32,d8h4 f4b8 g8h7 f5f6 g7g6 e4g6 h7g6 b8g8 g6f6 g8d8 f6g7 d8h4,1868,77,93,933,attraction crushing discoveredAttack discoveredCheck endgame sacrifice skewer veryLong
v5jvi,6k1/5p2/p1q2n1B/P1p1r3/1p6/1P1Q4/5PP1/2R3K1 b - - 0 38,e5h5 d3g3 f6g4 g3g4,1881,75,85,365,crushing endgame short
ZvJjo,1r5r/4k2p/R5pP/5pN1/3p1p2/5K2/3P2P1/8 b - - 1 34,b8b2 a6a7 e7d6 g5f7 d6e6 f7h8,1814,79,93,11064,advantage endgame exposedKing fork long
EuWGq,1r4k1/5qpp/2p1N3/3pQ3/2b5/1r6/5PPP/R3R1K1 b - - 7 28,b3b2 e5b2 b8b2 a1a8 f7e8 a8e8,1866,74,96,2967,crushing long middlegame sacrifice
GOACz,r4rk1/1p1bqppp/p3p3/n1p1N3/P2P4/2PQP3/B4PPP/R4RK1 b - - 3 15,d7a4 a2b1 g7g6 a1a4,1859,78,91,2202,advantage discoveredAttack middlegame quietMove short
ppSXM,r4rk1/pp3ppp/2p1p3/3b4/2nP1qPP/2P2N1R/PPQ1BP2/1K1R4 b - - 1 19,f4g4 f3g5 g4f5 e2d3,1880,75,90,644,crushing middlegame short
flNDb,r2qr1k1/pp3ppp/2n2n2/3pP1B1/8/2PP1Q1P/P1P3P1/R3KB1R w KQ - 1 15,d3d4 c6e5 d4e5 e8e5 f1e2 e5g5,1802,76,93,1941,advantage exposedKing fork long middlegame
mWmqc,rr4k1/4bpp1/2Np2n1/3P4/q3P3/Pp2B3/1P2Q3/1KR3R1 w - - 4 29,c6b8 a4e4 b1a1 a8a3 b2a3 e7f6,1846,76,93,582,advantage discoveredAttack long middlegame queensideAttack sacrifice
a4VuD,4r1k1/p4p1p/3p2pb/q2P4/n2N4/7P/BpQ2PP1/1K1R3R w - - 4 26,d1d3 e8e1 h1e1 a5e1 d3d1 a4c3 b1b2 c3d1,1824,76,95,2180,advantage exposedKing fork middlegame veryLong
G2EoI,r1bqk2r/2pnppbp/p2p1np1/8/1p1PPP2/1BN2N2/PPP3PP/R1BQ1RK1 w kq - 0 9,b3f7 e8f7 f3g5 f7g8,1822,76,90,2534,advantage defensiveMove hangingPiece middlegame short
CBJQe,5b2/p4R1p/8/4PRk1/P7/6P1/2rr3P/7K b - - 5 39,g5g6 f7f6 g6g7 f5g5 g7h8 f6f8,1885,79,94,12931,deflection endgame exposedKing fork long mate mateIn3
ZrbSj,5rk1/5pq1/4p1n1/1pPp3Q/1P5P/r1P3R1/6P1/5R1K b - - 0 32,g7h8 g3g6 f7g6 f1f8 g8f8 h5h8,1803,77,96,13681,attraction crushing long middlegame
66Quj,2k4r/Qpp2ppp/1n6/2b1p1Nb/3r4/5P2/PP2BKPP/R6R w - - 4 18,g5e4 d4e4 f2f1 e4a4 a7a4 b6a4,1820,78,93,3677,crushing discoveredAttack discoveredCheck long middlegame trappedPiece
NZnB6,4r2k/2q3p1/7p/1pNQp3/2nP1p2/2P2P2/2P3PP/5R1K w - - 4 27,c5e4 c4e3 d5b5 e8b8 b5d3 e3f1,1819,76,93,737,crushing endgame fork long master
JoLs4,6r1/p2q1p1k/2pb1p2/2p5/3pR1r1/3P1N2/PPPBQP2/R6K w - - 2 22,f3h4 g4g1 a1g1 d7h3,1879,78,95,20897,clearance kingsideAttack mate mateIn2 middlegame sacrifice short
7vdeX,3r4/5p2/3NpP2/p3P3/Pk3P2/1npK4/8/7R b - - 3 43,b3c5 d3c2 d8g8 h1b1,1871,75,87,1074,advantage defensiveMove endgame master masterVsMaster short
zx59U,4r3/pp4Q1/3R2pr/1b3pk1/6p1/P7/1PP2P1P/5K2 w - - 6 31,f1g1 e8e1 g1g2 b5f1 g2g3 f5f4,1855,76,97,3086,endgame long mate mateIn3
OSv3R,rn2k1nr/ppp2ppp/8/3q4/1b2p1b1/2NP1N2/PPP1BPPP/R1BQK2R w KQkq - 0 7,c1d2 b4c3 d3e4 c3d2 f3d2 g4e2,1868,78,92,4888,advantage long opening
zxFHG,rk2n3/p2Q3R/b1p5/1pPp4/3P4/1PN1Ppq1/P2K4/8 b - - 1 38,g3g2 d2c1 g2g1 c3d1,1877,76,92,3111,crushing defensiveMove middlegame short
JarsG,rnr3k1/1p1b1ppp/p2Bp3/5q2/8/7N/PPP2PPP/1R1QR1K1 b - - 2 16,f5c2 d6b8 a8b8 d1d7,1885,80,91,1871,advantage capturingDefender discoveredAttack middlegame short
MPBjy,3r4/2R3Np/5pk1/pB2n1p1/Pr6/6P1/5PKP/8 b - - 5 35,d8d2 b5e8 e5f7 c7f7,1854,75,95,3162,advantage endgame short
XpjP5,r1bk4/pp1p2Qp/2n2R2/8/8/3P4/P1P4P/4qN1K b - - 1 23,e1e5 g7h8 e5e8 f6f8 e8f8 h8f8,1899,74,95,4555,crushing long middlegame pin
y6Qnt,4r1k1/2p1npp1/1q1prn1p/pp3N2/4P3/1BP2Q1P/PP3PP1/R3R1K1 b - - 5 20,e6e5 f5h6 g7h6 f3f6,1879,74,87,609,crushing deflection discoveredAttack kingsideAttack middlegame short
6jB1J,8/rR6/P1p2r1k/8/8/3B1p1p/1P3K1P/8 b - - 1 41,a7b7 a6b7 f6f8 d3f5 f8f5 b7b8q,1843,77,93,1194,advancedPawn crushing deflection endgame long promotion
igiG8,6r1/p1Q1kbr1/3p4/2p5/4PN2/5P2/5qPK/6R1 b - - 6 59,e7f6 c7d6 f6g5 f4h3,1894,79,94,16502,crushing middlegame short
WU0Fp,5b2/5k2/8/p5pp/P2P2N1/8/5P2/6K1 w - - 0 40,g4e5 f7e6 e5c4 f8b4,1865,75,94,7838,crushing defensiveMove endgame short
4UhFk,r3k2r/pB1b1p2/2np2p1/4p2p/8/1PqP2P1/P1P1Q2P/1RBK3R w kq - 1 18,b7a8 d7g4 e2g4 h5g4 c1d2 c3c5,1804,75,92,1928,advantage long middlegame pin
0TxBa,8/6p1/4k1P1/1p2P3/1Pp2P2/8/2K5/8 w - - 3 57,c2c1 e6f5 c1c2 f5g6 c2c3 g6f5,1866,76,92,1747,crushing endgame long pawnEndgame
tsQ1a,8/4k2p/R7/2r1p2r/4P1pP/2P5/6PK/4B3 b - - 4 49,c5c7 h2g3 c7c4 g3g4 c4e4 g4h5,1823,74,88,541,crushing endgame long trappedPiece
0zjtH,8/5p1p/3k2p1/3p1p2/1p1P3P/pP2PP2/P1b1NKP1/8 w - - 0 37,f2e1 c2b3 a2b3 a3a2,1867,74,91,1034,advancedPawn crushing endgame sacrifice short
Lu758,r1b1k2r/pp1n1ppp/2p5/q1P1p3/2B1P3/2N1Q3/PPP2PPP/2KR3R b kq - 3 13,a5c5 c4f7 e8f7 d1d7 c8d7 e3c5,1822,75,85,1027,attackingF2F7 attraction crushing deflection long middlegame
fsPpt,1r2r3/2p1k1q1/1p1p3N/3PBQp1/PpP5/5PPP/8/5R1K b - - 0 35,g7e5 f5h7 e7d8 h6f7 d8c8 f7e5,1898,74,96,5259,advantage endgame fork long master
crkA8,r4rk1/2q3pp/p3bp2/1p6/2p5/P1P1B2P/1PQN1PPb/2R2R1K b - - 2 19,h2f4 c2e4 f4e5 f2f4 f8d8 f4e5,1839,78,92,1292,crushing long middlegame
9bXgf,2kr3r/ppp2pb1/2b3n1/2NpPqpp/3P1p2/2P4P/PP3RPN/R1B2QK1 b - - 3 16,a7a6 g2g4 h5g4 h3g4,1867,76,93,13814,advantage middlegame short
GmsCw,r5k1/p1R4p/P3N1p1/1p6/1n3P2/8/1P4KP/2B1b3 b - - 2 36,b4a6 c7g7 g8h8 c1e3,1939,77,89,934,crushing endgame short
0lRit,1k3r2/ppq4r/2p1Q3/6B1/3P3P/6b1/PPP2P2/R4RK1 w - - 0 25,f2g3 c7g3 g1h1 h7h4 g5h4 g3h4 h1g2 h4g5 g2h2 f8h8,1921,75,100,351,crushing exposedKing middlegame veryLong
3GD6M,8/pp2Q1bk/5r2/1P1Pp3/4P1p1/3P1pPq/7P/R5RK w - - 1 30,e7b7 h3h2 h1h2 f6h6,1949,79,94,4052,attraction endgame mate mateIn2 sacrifice short
iJts0,7k/p6p/3q1p2/2p2Q2/8/1P2N1r1/PB1r3P/3RR1K1 w - - 0 39,g1f1 g3g1 f1g1 d6h2 g1f1 h2h1,1904,74,94,636,attraction discoveredAttack exposedKing long mate mateIn3 middlegame sacrifice
K2TvZ,r1bq1rk1/p3npbP/3p3B/2p1p3/3nP3/2pP2P1/PPPQ1PB1/2KR2NR b - - 0 13,g8h8 h6g7 h8g7 d2h6 g7h8 h6f6,1940,77,93,6422,attraction exposedKing kingsideAttack long mate mateIn3 opening
03Oqv,r2qkn1R/p4pp1/2n1p3/1N1p2P1/1ppPPN2/5P2/PPPQ4/2K5 b q - 0 19,d8g5 h8f8 e8f8 f4e6 f7e6 d2g5,1937,78,95,12693,attraction crushing discoveredAttack long middlegame
lfqEY,4rrk1/ppp1q2p/4p1p1/2NnP2P/3P2Q1/P7/BP6/2K4R b - - 0 29,f8f4 g4e6 e7e6 c5e6 f4d4 e6d4,1981,74,88,322,advantage fork long middlegame pin
frRa8,r1b2rk1/p1q2ppp/2pbp3/8/8/2PQ3P/P1PBBPP1/R2R2K1 b - - 0 14,f8d8 d2f4 c8a6 f4d6 a6d3 d6c7,1906,74,95,6643,crushing long master middlegame
fMccY,6k1/6p1/p3Nr1p/5p1q/PP6/6Kn/5PR1/2Q2R2 w - - 1 37,c1c8 g8h7 e6f8 f6f8 c8f8 f5f4 f8f4 h3f4,1906,79,91,594,advantage defensiveMove exposedKing middlegame sacrifice veryLong
xr180,5k2/1p1Q3p/p7/8/1P3P2/q5P1/2r2KBP/1R6 w - - 0 32,f2g1 a3e3 g1h1 c2c1 d7d1 c1d1,1923,76,94,2219,advantage endgame long
6xFGI,4rn2/pp2qbkR/2p1pp2/2Pp2p1/3P2P1/3Q1N2/PPB2KP1/8 b - - 3 28,f8h7 d3h7 g7f8 h7h6,1941,76,91,2164,advantage middlegame short
GyhzB,r4rk1/ppq2ppp/2pb1n2/8/2B3b1/1P2PN1P/PB3PP1/R2Q1RK1 b - - 0 13,a8d8 h3g4 d6h2 f3h2,1983,79,91,883,crushing master middlegame short
pA7uV,8/p5p1/2p4p/1pk5/4KpP1/1PP2P2/1P6/8 b - - 1 40,g7g5 e4f5 b5b4 f5g6 c5d5 g6h6,1962,75,95,5674,crushing endgame long pawnEndgame
wGZgk,1kr1r3/1p1q4/5p1p/R3p1p1/8/1Q1n1N1P/5PP1/5RK1 b - - 0 30,d3c5 b3b6 c8c6 b6a7,1995,75,90,1108,crushing middlegame short
ajiSX,8/8/1p4r1/p3KR2/P5k1/1P5p/7P/8 b - - 0 42,g6g5 f5g5 g4g5 e5e4 g5g4 e4e3 g4f5 e3f3 b6b5 a4b5,1917,76,90,1155,crushing endgame rookEndgame veryLong
c8yal,r3kb1r/pppqpppp/2n2n2/3P1b2/8/2NB1P2/PPP1N1PP/R1BQK2R b KQkq - 0 8,f6d5 d3f5 d7f5 d1d5,1909,75,88,1019,advantage discoveredAttack opening short
d2Mh7,rk6/ppp2R2/3bB3/7N/6nB/1P1P1p2/P1P3pP/4R1K1 w - - 13 30,h5g3 d6c5 d3d4 c5d4 e1e3 d4e3,1980,79,91,1647,kingsideAttack long mate mateIn3 middlegame
VMbtw,8/2p5/1p2k3/4Pp1K/3B1P2/3n2P1/8/8 w - - 1 43,h5g5 c7c5 d4g1 b6b5 g3g4 f5g4,1921,77,90,1195,crushing endgame long master quietMove
aTIbd,r1b2k2/pp1n2p1/4p3/3pP1Q1/1b2N3/8/PP1B1qPP/R6K b - - 2 21,b4d2 g5d8 f8f7 e4f2,1995,75,100,563,crushing middlegame short
V7L7F,8/2p1qpbk/3pp1np/6pQ/4r3/4NPBP/1P1RR1PK/r7 b - - 0 26,e4b4 e3d5 e7d7 d5b4,1939,75,94,11096,advantage fork master middlegame pin short
FqSgM,3Q2k1/rpp2ppp/p1q5/8/4r3/2P3R1/PP3PPP/R5K1 b - - 1 21,e4e8 d8d4 g7g6 d4a7,1996,80,93,2582,crushing endgame short
5C47K,8/5p1p/3P4/3rBkP1/5P2/2K5/8/8 b - - 6 65,f5g6 c3c4 d5d1 e5d4,1914,76,87,899,crushing defensiveMove endgame short
RE3zi,3r1rk1/1ppbbpp1/p1n1pq1p/2P5/3P4/5N2/PPB2PPP/R1BQ1RK1 b - - 2 14,c6d4 d1d4 f6d4 f3d4,1923,78,92,633,advantage middlegame short
4epFk,r6r/1ppR4/p1p1kp1p/2b1pN2/4P3/2P2P2/PP3P1P/3R2K1 b - - 3 18,c5d6 d1d6 c7d6 d7e7,1912,75,94,4170,endgame hookMate mate mateIn2 sacrifice short
OoE3p,r1bqr1k1/5pp1/p4n1p/1pp5/2B2Q2/2N5/PPP2PPP/R3R1K1 w - - 0 16,c4d5 e8e1 a1e1 f6d5 e1d1 d5f4,1998,77,92,1498,advantage kingsideAttack long middlegame
AaLSl,r2qr2k/1R3Qp1/3N3p/p7/4p2P/4P3/5PP1/6K1 b - - 2 29,e8g8 f7g6 d8f6 d6f7,1955,77,93,754,crushing endgame master short
6A1rT,2r2rk1/1b1n1pp1/p1q4p/2p5/2BbN3/PP1Q1NP1/6PP/2R1R2K b - - 9 25,f8e8 f3d4 c5d4 c4f7,1990,75,94,15985,advantage kingsideAttack middlegame short
NG27H,2kr1b1r/ppqn1pp1/2p1pn1p/8/3P3P/3Q2N1/PPPBNPP1/1K1R3R w - - 6 13,g3e4 d7e5 d2f4 e5d3,1971,75,89,1215,advantage master middlegame short
EwUkZ,2r2r2/p5k1/1pBp4/1P1P4/q3p1Q1/5pP1/7P/5RK1 b - - 0 38,g7f6 f1f3 e4f3 g4a4,1902,76,92,415,crushing endgame short
LTmvR,rnbqkbnr/pp4pp/2p1pp2/4N3/2pP4/6P1/PP2PP1P/RNBQKB1R w KQkq - 0 6,e5c4 d8d5 f2f3 d5c4,1950,71,95,15712,advantage fork opening short
6epNN,rn2k1r1/p2pppBp/8/2pP4/q1b2p2/5N2/P1PQ1PPP/R3KB1R b KQq - 0 15,g8g7 d2c3 a4b4 c3b4 c5b4 f1c4,1966,80,92,3384,advantage capturingDefender long master middlegame
e4VYB,2r1r1k1/p4pb1/2pBp1n1/1pRpP1qp/3P4/3P2Pp/PPQN1PKP/5R2 w - - 0 24,g2h3 g6f4 g3f4 g5g4,1972,75,100,576,mate mateIn2 middlegame sacrifice short
w6ucY,1kr5/ppr2ppp/1p1Q4/8/b2P3N/P3q1P1/1KR4P/3B1R2 w - - 7 33,c2c7 c8c7 d6c7 b8c7,1978,75,87,531,advantage middlegame short
mUcx6,2bq1r2/1r2p2k/p3P1pp/1pNPQ2n/7P/P6P/1PP5/2K3RR b - - 0 28,b7c7 g1g6 h7g6 h1g1 g6h7 e5h5,1950,75,89,842,advantage attraction deflection long middlegame sacrifice
8JRCP,3rr1k1/ppq2ppp/6b1/2nNp1b1/2P1P1P1/B4B1P/P3QPK1/R2R4 b - - 0 24,c7a5 a3b4 a5a4 b4c5,1936,74,87,1499,crushing middlegame short
8qRxa,1r3rk1/3b1pb1/6p1/5p1p/2pP1N2/Q1P1q1P1/6BP/K2RR3 b - - 2 26,b8a8 g2a8 e3c3 a3c3,1926,75,91,1655,crushing master middlegame short
rkuHn,r5k1/p4pp1/2p5/1p3P1b/3P2q1/1QP1r1Pp/P4R1P/3B1RK1 b - - 5 30,e3g3 h2g3 g4g3 g1h1 h5d1 b3d1,1954,76,92,727,advantage long middlegame
3eTQe,r5k1/pb2q1pp/8/1p5Q/2p5/2Pn2N1/PPB3PP/5RK1 w - - 2 23,g3f5 e7c5 g1h1 d3f2 f1f2 c5f2 f5e7 g8f8 h5f5 f2f5,1991,77,89,367,advantage middlegame veryLong
wLq8c,4rrk1/1ppbnN1p/p3p1p1/4P1N1/3b2Pq/P4R1P/1P2Q1P1/5R1K b - - 0 27,e7d5 g2g3 f8f7 g3h4,1915,79,92,2331,crushing middlegame short trappedPiece
cgiKU,2r1k2r/5pp1/p2Np2p/8/5PP1/P3n2P/1PP1K3/3R4 b k - 1 24,e8d7 e2e3 d7e7 d6c8,1975,79,93,1389,advantage endgame hangingPiece master short
KkUZ7,r2qk2r/3bppb1/p2p1npp/1p4P1/2nNP2P/2N1BP2/PPP3B1/2KRQ2R b kq - 2 14,c4e3 g5f6 e3d1 f6g7,1955,76,93,752,advancedPawn advantage middlegame short
Rh0zE,k7/pp6/2p3p1/4r1Pp/P2p3P/4qP1B/1B5Q/1K5R w - - 0 30,h3g2 e3d3 b1a1 e5a5 h2d6 a5a4,1940,77,92,372,crushing endgame long queensideAttack
MrvQf,r3r1k1/1pq2ppp/p2b4/3p2N1/P7/2n1P3/2Q4P/5R1K b - - 1 32,e8e3 c2h7 g8f8 h7h8 f8e7 f1f7,1927,79,91,1743,long mate mateIn3 middlegame
TAXGz,5k2/6p1/8/5PP1/rpR2P2/2p5/8/2K5 w - - 4 53,c1c2 b4b3 c2c3 a4c4 c3c4 b3b2,1911,76,97,3709,advancedPawn crushing discoveredAttack endgame exposedKing long rookEndgame
Zk2ui,6k1/7p/1R4pB/8/p5p1/6P1/P1r5/3r1BK1 b - - 4 42,c2a2 b6f6 d1d8 f1c4 g8h8 c4a2,1990,78,90,381,crushing endgame fork long
OZoZh,5k2/6q1/p2Q3N/3P2n1/p2p4/4r3/1P4PP/6K1 b - - 0 37,f8e8 d6b8 e8e7 h6f5 e7f6 f5g7,1971,77,94,8201,crushing endgame exposedKing fork long master
gpBF3,Q2rk3/6p1/5p1p/p1q1p3/P2b4/1P1R1P1P/6P1/6BK w - - 20 47,g1d4 c5c1 h1h2 d8a8,1973,78,94,9743,crushing endgame master short
hIW1X,5r2/6p1/N2p4/4p3/4P1p1/P2NP2k/1PP5/6K1 w - - 3 33,d3f2 f8f2 g1f2 h3h2 f2e2 g4g3,1917,75,94,2289,crushing endgame long sacrifice
9hMeQ,6k1/5p1p/p3q1p1/2ppr3/8/1PbP2P1/2P2PQP/1R1R2K1 w - - 3 29,f2f4 e5e2 g2f3 c3d4 g1h1 e2f2,1991,75,88,654,advantage endgame long
7Z9lN,6k1/3nRNp1/5n2/2pp4/3r4/K2B3P/5PP1/8 w - - 0 32,d3f5 g8f8 e7d7 f6d7,1909,76,91,1839,advantage endgame short
AOamf,8/2R3k1/1p3r1p/pPpP2pK/P1P5/8/8/8 b - - 7 62,f6f7 d5d6 g7f6 d6d7 f7d7 c7d7,1971,79,91,438,advancedPawn crushing endgame long rookEndgame
xQx54,5k2/5p1p/2q5/4PNQ1/p7/1p1K3P/1Pp5/8 b - - 4 49,c2c1q g5e7 f8g8 e7d8 c6e8 d8e8,1949,76,93,1597,endgame long mate mateIn3
OoEn3,7r/6R1/p5p1/3pPp2/3r1Pk1/P5P1/5K2/R7 b - - 2 36,d4d2 f2e3 h8h2 g7g6 g4h5 g6g5 h5h6 g5f5,1970,77,91,797,advantage defensiveMove endgame rookEndgame veryLong
b41nA,8/p4p2/1p3kp1/7p/1PP2K1P/8/6P1/8 b - - 0 29,a7a5 c4c5 b6c5 b4a5,1994,75,94,4767,crushing deflection endgame master pawnEndgame short
F1ePx,r1bqk2r/pp1n1pp1/2pbp3/3pN2p/3P1P2/3B1N2/PPP1Q1PP/R1B2K2 b kq - 3 11,h5h4 e5f7 e8f7 f3g5 d8g5 f4g5,1902,79,92,570,advantage attackingF2F7 attraction long middlegame sacrifice
PcIaN,7k/p1p2p2/7p/2Rn1p2/8/5PR1/PP5P/4r2K w - - 2 31,h1g2 d5f4 g2f2 f4d3,1921,73,94,13656,crushing endgame short
TNJ3s,r4rk1/2q1bppp/1p6/p3pP2/P2pb1Q1/7P/BPPB2P1/R4RK1 b - - 1 19,c7c6 f5f6 e7f6 f1f6 c6f6 g4e4,1974,74,86,608,advantage deflection long middlegame pin
JkjgQ,r4rk1/pppq1ppp/3p4/4nR2/4P3/2PP3P/PP4P1/RNQ3K1 b - - 0 17,e5d3 c1d2 g7g6 f5d5 d3b2 d2b2,1995,76,91,1633,advantage long middlegame
L6K81,br2kb1r/2q2p2/p4p2/3pp2p/2p1P2P/P1N2P2/NPPQ2P1/1K1R3R w k - 0 20,c3d5 a8d5 e4d5 f8a3,1986,74,86,761,advantage master middlegame pin short
XNZ6x,r1b2rk1/5ppp/p1n2n2/1Nq5/1pB5/1Q1P1N2/1P3PPP/R3R1K1 b - - 1 17,a6b5 c4f7 f8f7 a1a8,1947,78,91,2021,crushing middlegame pin short
MGO0Q,1r3k2/7p/p5p1/3B1q2/1BP5/8/P4bPP/4Q2K b - - 10 38,f8g7 e1e7 g7h6 b4d2 g6g5 e7d6,1998,77,91,538,endgame
vKeoJ,5r1k/p1p3pp/Q1P5/2bq4/5B2/2P2R2/P1r3PP/5R1K w - - 1 29,f4d6 f8f3 a6c8 d5g8 c8g8 h8g8 g2f3 c5d6,1905,77,92,465,advantage middlegame veryLong
Dj7gK,5rk1/pp4p1/2p1q2p/4pr1Q/3P4/2P1bR2/PP4PP/4BR1K b - - 1 22,e5d4 f3f5 f8f5 h5f5 e6f5 f1f5,1930,75,80,1145,crushing long middlegame
CuF0j,4rrk1/1pq2pp1/pbn1b2p/3p2N1/1P6/P2B3P/1BP1QPP1/R4RK1 w - - 2 16,e2f3 h6g5 f3h5 f7f5,1933,77,91,1068,crushing defensiveMove hangingPiece middlegame short
WqwWg,r2q1rk1/pb1pbppp/1pn1p3/3nP3/3N1P2/2NBB3/PPP3PP/R2Q1RK1 w - - 1 11,d1h5 g7g6 c3d5 g6h5,1912,75,88,388,advantage master middlegame short
RkPgn,r1r3k1/pp3Rp1/2n1p1p1/3p2P1/3P4/2P4Q/P2q2PP/5RK1 b - - 0 21,c8f8 f7f8 a8f8 h3e6,1929,77,93,7433,crushing kingsideAttack middlegame short
zK0ck,r1bq2k1/8/p2p3p/1ppP1p1Q/3b4/P2P2PP/6PN/4R2K b - - 0 24,d8f6 h5e8 f6f8 e8g6 d4g7 e1e8,1939,76,87,412,advantage clearance exposedKing kingsideAttack long middlegame pin
mWOZq,2r2rk1/3nbppp/b1B1p3/4P3/2NP4/2B3P1/P4P1P/R3R1K1 w - - 1 21,c4a5 d7b8 d4d5 e6d5,1998,77,92,3583,advantage master middlegame short
ZOths,8/2k2p1p/1p4p1/pK6/P6P/2P5/2P3P1/8 b - - 0 37,f7f5 c3c4 f5f4 c4c5 b6c5 b5c5,1997,78,89,2026,crushing endgame long pawnEndgame quietMove
gNnkb,2rk4/pQr2p2/4pNp1/B2pPn2/5q1p/3n3P/2R3P1/R5K1 b - - 1 34,f4e3 g1h1 d3f2 c2f2,1948,78,92,431,advantage defensiveMove middlegame pin short
CaA9i,r2q1rk1/1p2ppb1/p1bp2p1/2p4n/P1B1P3/2NP1R1P/1PP2QP1/R1B3K1 w - - 2 17,c4f7 f8f7 f3f7 g7d4 c1e3 d4e3 f2e3 g8f7,1989,77,91,1433,advantage middlegame pin sacrifice veryLong
NJOqH,8/5p2/4p1p1/2k1P2p/5P1P/3K2P1/8/8 w - - 4 41,d3e4 c5c4 e4e3 c4c3 e3f3 c3d3,1994,75,95,3835,crushing defensiveMove endgame long pawnEndgame zugzwang
8Wmtf,1rq2rk1/4Bp2/p5p1/2QP2Pp/2b1P2P/1Pb5/P7/2K2R1R w - - 1 27,e7f8 c4f1 c5c8 b8c8,1969,76,93,4446,crushing master middlegame short
Utl4o,rnbqk2r/pppp1ppp/4p3/4P3/3P2Q1/2b5/P1PB1PPP/R3KBNR b KQkq - 1 7,c3a1 g4g7 h8f8 d2g5 d8g5 g7g5,1978,79,90,142726,advantage long opening trappedPiece
HDoLN,3r2k1/ppbR3p/2p1pq2/5p2/8/5NP1/PP1Q1P2/6K1 b - - 0 29,g8f8 d2b4 f8g8 d7c7,1903,78,91,1193,crushing endgame short
SaSUb,3r2k1/5pp1/3Rp2p/3pP3/5P2/P6P/6P1/7K b - - 3 32,d8d6 e5d6 g8f8 a3a4 d5d4 h1g1 f8e8 a4a5 e8d7 a5a6 d7d6 a6a7,1920,74,95,5211,advancedPawn crushing endgame quietMove veryLong
8AKxw,1r6/K7/2Pk3p/5p2/7R/8/7P/8 b - - 4 44,b8h8 a7b7 h8h7 b7b6,1938,79,93,5783,crushing defensiveMove endgame rookEndgame short
lmZsF,6k1/p4p2/1p2rn2/3p2BQ/2bP4/P1P5/1q4P1/1BR4K w - - 1 30,h5h6 b2c1 g5c1 e6e1 h1h2 f6g4 h2g3 g4h6,1984,76,93,427,crushing fork middlegame sacrifice veryLong
UNbWo,4rQ2/6pk/pp3npp/3P4/4P3/2N4P/P3q1P1/5RK1 w - - 0 27,f8e8 e2e3 g1h2 f6e8,1911,77,92,979,crushing endgame fork intermezzo short
KKJOY,6k1/6p1/5PKp/6PP/8/8/8/8 b - - 0 93,h6g5 f6g7 g5g4 h5h6 g4g3 h6h7,1920,74,95,4260,advancedPawn endgame long master mate mateIn3 pawnEndgame
1K6Xj,8/p7/2p2N2/1p1b2p1/6P1/P1PkP2P/5K2/8 b - - 0 37,d3c3 f6d5 c6d5 h3h4 g5h4 g4g5,1971,76,95,11472,crushing defensiveMove endgame long
1MTlQ,r1b2rk1/p3q2p/1p4pQ/3pPpN1/2p2PpP/2P1P3/PP6/2K3RR b - f3 0 23,a7a5 h4h5 e7g7 h5g6 g7h6 h1h6,1974,75,90,1969,crushing long middlegame
Lo9DS,6k1/8/4Pp1p/3p1q2/2pP2pP/1n2Q3/5BPK/8 b - - 1 40,f5e4 e3e4 d5e4 d4d5 g4g3 h2g3,1981,75,91,817,crushing endgame long quietMove
cQdFg,4r2k/3R3p/2r3p1/p1P2p2/1P2pQP1/P6q/8/3R2K1 w - - 0 44,g4f5 g6f5 f4g5 c6g6,1958,75,92,888,crushing endgame pin short
RIHnj,8/8/1RP2p2/p4k2/8/r4PK1/8/8 b - - 0 52,a5a4 b6b5 f5e6 b5c5 e6d6 c6c7,1956,73,94,10547,advancedPawn crushing endgame long quietMove rookEndgame
eGZuI,8/2Q1Q3/2r5/1p6/2kn4/5P2/P5PK/2q5 w - - 6 50,c7e5 c6h6 h2g3 h6g6,1950,74,93,560,crushing endgame master short
6E0tl,r2q1rk1/pb3p2/1p2p2Q/2p1P3/1npP4/1B6/P1P2PPP/R3R1K1 b - - 0 17,c4b3 e1e3 d8h4 h6h4,1915,75,97,2246,crushing middlegame short
oPUl2,3r4/kp1N4/1b4p1/pP5p/P3p3/2P3P1/3R1PPK/8 w - - 0 33,h2g1 e4e3 d2d1 e3e2,1975,75,88,955,advancedPawn crushing endgame short
hxz9Z,5r1k/1p2r1qp/pb4p1/3p1pN1/2p2P2/2P2K2/PP4PQ/4R2R b - - 3 29,f8e8 h2h7 g7h7 h1h7 e7h7 e1e8,1974,75,94,4655,crushing kingsideAttack long middlegame
F6yz2,r5k1/1p4p1/p2Q1n1p/3Pr3/PP2pR1P/2B1P1q1/2P3P1/6K1 b - - 0 28,a8e8 c3e5 g3e3 g1h2 e3f4 e5f4,1921,77,90,2987,crushing long middlegame
Zky7L,8/p5p1/4Np2/k7/6PP/K5n1/8/8 b - - 2 46,g7g5 h4h5 g3e4 h5h6 e4d6 e6d8,1913,77,94,450,crushing defensiveMove endgame knightEndgame long quietMove
9L05o,r5k1/1p3pp1/pR5p/B2p1q2/3P4/Q3P2P/2r2PP1/1R4K1 w - - 3 27,f2f3 f5g5 g2g4 g5h4 a5e1 h4h3,1980,75,89,471,crushing long middlegame
SaxKu,8/1p5p/p7/2P2K2/1k6/7P/5P2/8 w - - 0 46,f5e5 a6a5 f2f4 a5a4 c5c6 b7c6,1910,76,94,4996,crushing endgame long pawnEndgame quietMove
IdtA4,8/6k1/2b5/6PP/5P1K/8/8/8 b - - 0 80,c6e4 h4g4 e4c2 f4f5 c2d1 g4h4,1942,75,100,621,bishopEndgame crushing defensiveMove endgame long master quietMove
NFxbb,8/8/p3k1p1/1p6/4p2P/P1P5/1P3K2/8 b - - 0 50,e6e5 f2e3 e5f5 b2b3,1963,74,90,537,crushing defensiveMove endgame pawnEndgame short zugzwang
2mbuQ,2r2rk1/pb1n1q2/1p2p2Q/3p4/3P4/4PN2/PP3PPP/2R2RK1 w - - 3 20,f3g5 f7f2 g1h1 f2f1 c1f1 f8f1,1996,77,93,16507,backRankMate deflection long mate mateIn3 middlegame
0P79x,r2q1rk1/ppp3pp/4p3/2n1b3/4P3/1B6/PP1B1PPP/1R1QR1K1 w - - 0 15,d2b4 e5h2 g1h2 d8h4 h2g1 h4f2,1931,79,91,2079,advantage attraction kingsideAttack long middlegame sacrifice
8Tx2C,r7/3qbpkp/4p1p1/4P3/3PQ3/rp1B1R1P/6P1/5RK1 b - - 1 35,b3b2 f3f7 g7g8 f7h7 d7d4 e4d4,1964,78,91,485,crushing long middlegame
EuYT8,2r3k1/5ppp/p1p1pn2/q1b5/2P2B2/1P1R2P1/P3NP1P/1Q4K1 b - - 0 25,c8d8 b3b4 a5b6 d3d8 b6d8 b4c5,1982,74,95,7176,crushing fork long middlegame
iS6A3,1rb3k1/p1p3pp/2Q5/8/5N1q/7P/PPP1K3/4R3 b - - 4 23,c8b7 c6c4 b7d5 c4d5,1977,76,94,12792,crushing endgame short
6jSjS,3rk1n1/p4p2/2P1prp1/6Qp/4P3/2B5/P4qPP/RN1K2NR w - - 2 18,b1d2 f2f1 d1c2 f1d3 c2b2 d8b8 b2c1 d3c3,1927,75,100,592,advantage deflection exposedKing middlegame pin veryLong
A931M,1r5k/p1p2Q2/2p5/4p3/4P2q/2P4n/PP2Rb2/5K1R b - - 1 38,f2c5 e2h2 b8f8 f7f8 c5f8 h2h3 h4h3 h1h3,1909,74,100,940,crushing exposedKing middlegame pin veryLong
kvxWd,5r2/p1p3pk/1p1rBn1p/4NPn1/3P1R2/2P5/PP4K1/5R2 w - - 12 32,e5g6 g5e6 g6f8 e6f8,1972,77,92,2652,advantage master middlegame short
TJMWm,3r1rk1/5ppp/2b2Q2/p7/3B3R/q2B1P2/2P3PP/5RK1 b - - 0 25,g7f6 h4g4 g8h8 d4f6,1901,77,94,5095,intermezzo mate mateIn2 middlegame morphysMate short
zcMjN,3r1r2/p1p2ppk/1p2pn2/4N3/8/P7/2qBQPRP/3RK3 w - - 1 18,d2e3 d8d1 e2d1 c2c3 e1f1 c3e5,1910,76,95,6974,crushing fork long middlegame
IyU4a,8/R1k5/2p2p2/1r2p2p/3nP2P/8/1P3PK1/5N2 b - - 5 34,b5b7 a7b7 c7b7 f1g3,1990,75,89,389,crushing endgame short
CLPZt,r4rk1/1p1n3B/3p4/p1pPp1P1/2P5/3Q2P1/PP3q2/2KR4 b - - 2 22,g8f7 d1f1 f7e7 f1f2,1925,76,90,1026,advantage middlegame pin short
ulLBS,r1b2rk1/p4p1p/1p1q2p1/3p2N1/3Q4/1NP3P1/PP4P1/2K4R b - - 0 19,h7h5 g5e4 d5e4 d4d6,1974,75,93,3036,advantage middlegame short
gpUx1,5qk1/p5p1/4b2p/2Rp4/1P6/6PP/P2Q1rBK/8 w - - 3 27,d2d4 f8f3 d4f2 f3f2,1942,74,97,1691,crushing endgame master pin short
2RpFL,6k1/3q1pp1/1p3nQp/p1p1p3/P1B1P3/4BP2/1PP3PP/6K1 w - - 1 27,e3h6 d7d4 h6e3 d4e3 g1f1 e3c1 f1f2 c1c2,1939,77,92,7982,crushing endgame fork veryLong
bkEGs,1r1q4/5Q2/3k1p1p/2pP4/2p1R3/7P/1b3PP1/6K1 b - - 1 29,d8g8 e4e6 d6d5 f7d7,1949,78,91,907,endgame master mate mateIn2 short
Cc2CH,1rbq4/4r1bk/3N2pp/1pBQ1n2/1P1N4/3P3P/5PP1/2R2RK1 b - - 2 25,f5d4 c5d4 c8b7 d5c5 g7d4 c5d4,1923,75,90,2413,advantage long middlegame
suCQT,r1b1k2r/pp2nppp/2n1p3/1Q6/8/3B1N2/q2N1PPP/1R3RK1 b kq - 1 16,e8g8 d3h7 g8h7 b5h5 h7g8 f3g5 a2c2 d2e4 c2e4 g5e4,1930,74,95,7311,advantage attraction kingsideAttack middlegame quietMove sacrifice veryLong
4dMYU,2k5/1pb4p/2p1q1p1/p4p2/n7/6P1/5P1P/1RQ2BK1 b - - 0 26,e6a2 f1c4 a4c3 c4a2,1943,75,92,378,crushing endgame master short trappedPiece
CBBP6,r4r2/2qnRpkp/p4n2/Pppp1Q2/3P4/2P2P1N/1P4PP/R5K1 b - - 0 23,a8e8 f5g5 g7h8 g5f6 d7f6 e7c7,1997,78,92,348,advantage deflection long middlegame
iUFRJ,r1bq1rk1/1pp2p1p/p2p2p1/8/2B1P3/2Q1P3/PPP3PP/1R3RK1 b - - 0 14,d8g5 f1f7 f8f7 b1f1,1957,76,90,591,crushing middlegame pin sacrifice short
MJ1dU,5R2/8/P7/5p2/5r2/2P1p3/1P3kBK/8 w - - 0 52,g2h3 e3e2 f8e8 f4e4,1910,79,96,11851,advancedPawn crushing endgame master masterVsMaster short
TJIGr,2k5/1p6/1K4pp/1P3p2/8/5P1P/5P2/8 w - - 10 39,b6a7 c8c7 f3f4 g6g5 b5b6 c7c6,1969,80,93,1254,crushing defensiveMove endgame long pawnEndgame zugzwang
v8fWc,r2qk2r/pb2b1pp/1p2p3/4Pp2/2NB1P2/1P6/P5PP/R2Q1BK1 b kq - 0 17,e7c5 d4c5 d8d1 a1d1 b6c5 c4d6 e8e7 d6b7,1947,75,92,1432,crushing exposedKing fork middlegame veryLong
g4V6D,2r4r/3q1p2/4pk1P/3p4/1Q1Pn3/P7/2b1NPP1/R3KB1R w KQ - 5 26,f2f3 c8b8 f3e4 b8b4,1942,74,88,840,advantage master middlegame short
gG9Ek,1r5k/5RpB/p4b1p/2pPq3/2P5/6P1/P1Q4P/6K1 w - - 1 26,c2e4 e5a1 g1g2 b8b2 g2h3 a1f1 h3g4 h6h5,2054,75,92,893,crushing endgame veryLong
QMqWY,2Rr4/3P3k/5p1P/p2Rb3/Pp2n3/8/KP1Nr3/8 b - - 5 36,e2d2 d5d2 b4b3 a2a1 d8d7 d2d7,2074,78,91,390,advantage endgame long
Yuk6R,3rr1k1/pppb1p1p/6pB/3B4/2P5/2Qn1N1P/PP2qPP1/1K2R3 b - - 6 22,e2e1 f3e1 e8e1 b1c2 e1c1 h6c1,2090,75,88,1451,advantage long middlegame
H0deL,r4rk1/1p1qbppp/p4n2/3p4/1P1n1N2/P1NQ2P1/5PKP/R1B2R2 b - - 1 16,d4b3 c3d5 f6d5 f4d5 b3a1 d5f6 e7f6 d3d7,2058,78,86,394,advantage middlegame sacrifice veryLong
dcWbe,8/8/7k/5pR1/3KP1pP/5rP1/8/8 b - - 2 40,f5e4 g5g4 e4e3 d4d3 e3e2 d3e2,2069,75,93,1924,crushing endgame long rookEndgame
kQMKD,8/8/p5p1/8/R3N1PP/1k3K2/1p3P2/4r3 w - - 2 53,a4a6 e1e4 f3e4 b2b1q,2005,77,92,1603,advancedPawn advantage attraction endgame promotion short
S9B12,8/R6R/p1pnp3/k2p4/2pP1q2/2P5/KPQ5/5r2 b - - 1 52,d6b5 c2a4 a5a4 a7a6,2076,80,87,303,attraction deflection endgame mate mateIn2 sacrifice short
X6lEG,5r2/p2k1P1R/8/2p5/2K5/2P5/8/8 b - - 1 50,d7c6 h7h6 c6d7 h6a6 d7e7 a6a7,2005,76,94,5518,crushing endgame long rookEndgame
Lbzsq,5rk1/2q2p1p/2nb1B2/p2pp3/P2P3N/1rPQ3P/5PP1/R5K1 b - - 0 23,e5d4 h4f5 f8b8 f5h6 g8f8 d3h7 b3b1 a1b1,2087,79,91,1521,advantage deflection discoveredAttack middlegame veryLong
oAsWW,r1bq1rk1/5ppp/p1N1pn2/2b3Q1/8/2P5/P4PPP/RNB2RK1 b - - 0 14,d8c7 g5c5 f8e8 c1a3,2054,77,92,4236,advantage defensiveMove hangingPiece middlegame short
gsE5W,8/R5pk/8/6PP/2P4K/p7/8/r1n5 b - - 6 41,a3a2 g5g6 h7h6 a7a8 c1e2 a8h8,2007,76,94,8280,endgame long mate mateIn3
96CuS,r1bq1rk1/ppp2pb1/2n5/3np1BQ/P1B5/3P2N1/1PP2PPP/R3R1K1 b - - 0 14,d8d6 g3e4 d6g6 h5g6,2063,78,90,343,advantage master middlegame short
RRex3,2b5/6k1/1p1p1r1p/p2P1P2/P1P3KP/1Pr5/2B2R2/5R2 w - - 9 47,f1e1 c3c2 f2c2 c8f5,2042,75,89,525,advantage deflection endgame short
bKSLr,r4knr/1p5p/3Np1p1/4P3/1p3PQ1/4q3/PPn1B1PP/R2K3R b - - 9 22,c2a1 g4e6 e3d4 d1c1,2048,79,91,473,crushing defensiveMove middlegame short
i9cYs,r2r2k1/1Q3ppp/3R4/p2Pp3/3q2P1/3N4/P2KB3/8 b - - 0 29,d8b8 d6a6 h7h5 a6a8 b8a8 b7a8,2022,75,94,2083,advantage long middlegame pin
gKcQm,1k2rbnr/Npp3pp/n2p1p2/3P1b2/1PNQ4/P5qP/2P1B1P1/R1B2K1R w - - 3 19,a7b5 e8e2 d4a7 b8c8 f1e2 g3g2,2001,78,93,4662,advantage long middlegame
EJEJd,4r2k/2p4p/1pNP1q2/2n1pp2/p1Q5/P2P2P1/1P4KP/4R3 w - - 1 31,c6e5 e8e5 e1e5 f6e5 d6c7 e5c7 c4d4 h8g8,2094,79,88,969,advantage defensiveMove endgame veryLong
THH8c,8/8/p7/8/1k6/5Pp1/2K3P1/8 b - - 1 58,b4a3 c2c3 a3a4 c3c4 a4a5 c4c5,2042,78,92,1069,crushing defensiveMove endgame long pawnEndgame
q9eWF,r2k3N/ppp3p1/3bQp2/6B1/3Pp1K1/8/PPP2Pq1/RN6 w - - 0 23,g4f5 g2h3 f5e4 h3e6,2095,77,93,14073,crushing deflection middlegame short skewer
EXrSf,r1b2rk1/p1p2pp1/2p3np/2q1P1NQ/1p6/3B4/P1P3PP/R4R1K w - - 0 19,d3g6 f7g6 h5g6 h6g5 f1f8 c5f8,2062,75,83,521,advantage long middlegame
6z8BP,R5k1/5p2/4p1p1/1rbpP1Pp/5P1P/2PK4/1r1N4/R7 b - - 5 28,g8g7 a8c8 b5b8 c8c5,2064,75,94,3673,crushing endgame short
9nGNQ,2bqrbk1/r4p2/p1p1pn1p/P2pB1p1/1P1P2P1/2PB1Q1P/3N1P2/1R3RK1 b - - 1 20,f6d7 d3h7 g8h7 f3f7 f8g7 f7g7,2027,78,94,3450,attraction deflection kingsideAttack long mate mateIn3 middlegame sacrifice
UYvo3,r4kr1/ppp2p1p/5Q2/4p2N/2B1P1K1/4q3/PPP3PP/RN5R w - - 1 17,g4f5 e3f2 f5e5 a8e8 e5d5 c7c6 d5d6 g8g6,2041,76,91,968,crushing middlegame pin veryLong
cVoUO,8/6p1/1p4K1/pk2p1BP/3bP3/5P2/8/8 b - - 1 41,a5a4 g5c1 b5c4 g6g7 c4b3 h5h6,2088,76,87,367,bishopEndgame crushing endgame long quietMove
rhYbn,3r2k1/2p1r1p1/p1p1R1bp/2q5/2P5/1P3N1Q/6PP/4R2K w - - 1 32,e6g6 e7e1 f3e1 c5f2,2057,76,91,898,advantage middlegame short
cBRtM,1r6/2RR4/4pk1p/p1P1p1p1/Nr2P3/p4PPP/K1P1n3/8 w - - 5 28,g3g4 e2c1 a2a3 b4b3 c2b3 b8b3,2012,76,95,13802,endgame exposedKing long mate mateIn3 sacrifice
Nm3Md,2q3k1/6pp/3Qp3/3p4/4p1n1/4P1P1/2r4P/1R3BK1 b - - 3 33,c8f8 b1b8 f8b8 d6b8,2049,75,88,656,advantage endgame pin short
L6bwP,r2k1r2/1p6/1q1p2Q1/8/2B1P3/p2P2BP/KPn2P2/3R3R w - - 1 30,g3h4 d8c8 g6e6 c8b8 e6d6 b6d6,2071,75,93,1333,advantage defensiveMove long middlegame
3OY0Z,6k1/p2R4/3pP3/P5p1/1pPb2P1/8/1r6/7K b - - 2 41,d4c5 d7d8 g8g7 e6e7 b2e2 e7e8q e2e8 d8e8,2009,75,89,1068,advancedPawn advantage endgame promotion veryLong
HhyOL,3r1k2/5n2/p2N2p1/2pR2p1/4P3/1P6/6PP/6K1 w - - 3 29,d6f7 d8d5 e4d5 f8f7 g1f2 f7f6,2074,75,96,1645,crushing defensiveMove endgame intermezzo long
UobUS,8/p1k5/3p1p2/1p1K2pp/1P6/5PPP/P7/8 b - - 0 27,h5h4 g3h4 g5h4 d5e6 d6d5 e6d5,2066,76,100,475,crushing endgame long pawnEndgame
IhMSf,4r1k1/2p1nppp/2qp4/8/R1P5/4nPP1/P1Q1NK1P/2R5 w - - 0 21,f2e3 e7f5 e3d2 e8e2 d2e2 f5d4,2072,78,92,430,advantage attraction discoveredAttack discoveredCheck doubleCheck long middlegame sacrifice
3NJ7W,r6r/pb1B1k2/4pNq1/2b1Pn2/2Pp1Pp1/6Pp/PP2Q2P/R3BRK1 w - - 1 26,e1f2 f5g3 f2g3 d4d3 e2f2 c5f2,2025,75,95,6211,crushing discoveredAttack discoveredCheck kingsideAttack long master middlegame sacrifice
KxBri,r6r/pp3p1p/2pkb3/q3p1Q1/4P3/P1pPP3/2P1B1PP/R4RK1 w - - 8 21,e2g4 h8g8 g5h5 g8g4,2063,79,92,5994,advantage middlegame short
EFSCc,2R5/8/8/2b5/2kpKp2/6p1/8/8 w - - 4 75,e4f4 d4d3 f4g3 d3d2 c8d8 c5d4,2098,76,93,7581,advancedPawn crushing defensiveMove endgame long
5vZx7,2r3k1/pp3ppp/3bpn2/8/3B4/1B5P/PP1rNP1K/2R2R2 w - - 6 21,e2g3 c8c1 f1c1 d2d4 c1c8 d6f8,2017,77,91,1578,advantage long middlegame
5es6X,2kr1b1r/ppp1nppp/5q2/3pn3/3N2b1/1P3N2/PBP1BPPP/1R1QK2R b K - 3 12,e7c6 d4c6 e5f3 g2f3 f6c6 f3g4,2072,78,93,11632,advantage long opening
tLQMd,3r2k1/4Q2p/2p3p1/1p2P1P1/6b1/1P6/1KP5/3q1B1R b - - 6 34,d8d7 f1c4 b5c4 e7e8 g8g7 h1d1,2027,76,83,337,crushing endgame long sacrifice
D1pbn,6k1/p4p1p/2Q5/5pq1/4p3/2P5/P3NB2/1r1K2NR w - - 1 25,e2c1 g5c1 d1e2 b1b2,2019,77,100,482,mate mateIn2 middlegame short
pGsn3,1r5r/k1p2p2/B1p1p3/Q1Pp4/5q2/PP6/1K5p/3R4 b - - 1 32,f4f2 a6e2 a7b7 a5a6,2097,76,92,1177,discoveredAttack discoveredCheck endgame mate mateIn2 short
jGPpf,q4rk1/2RR1pp1/4p2p/8/1p5P/1Qb1P1P1/5P2/6K1 w - - 1 32,d7f7 f8f7 b3e6 a8f3 c7f7 f3f7,2052,75,94,5287,crushing endgame long master
Hfx1v,r3r1k1/pp3pbp/4p1P1/q5B1/3R4/2P2n2/PPB1QPP1/1K5R b - - 0 22,f3d4 g6f7 g8f7 e2h5,2080,76,92,2818,advancedPawn advantage attraction kingsideAttack middlegame short
67Ajy,6k1/1b2pN1p/pq1pP1p1/2pP4/2B3P1/1P5P/5RK1/8 b - - 1 37,b6b4 f7h6 g8h8 g4g5,2032,79,90,414,crushing defensiveMove endgame short
yjjpk,r2nk2r/3nbppp/q3p3/p2pP1NQ/1p1P1N1P/P3B2R/1P3PP1/R3K3 b Qkq - 1 16,h7h6 f4e6 g7g6 e6c7,2037,79,91,360,crushing master middlegame pin short
va5DJ,1r4k1/5pp1/p3p2p/2Q1P3/1r6/RPNbBqP1/1P3P2/4R1K1 w - - 0 29,e1d1 d3e4 c3e4 f3d1 g1g2 b4e4,2085,78,95,12166,advantage deflection intermezzo kingsideAttack long middlegame quietMove
wRRs6,8/Q1p3pk/5p2/8/4bq1p/2P5/P5PP/3R3K w - - 0 35,h2h3 f4g3 a7g1 g3h3 g1h2 e4g2,2053,75,87,890,crushing endgame long pin
QH9mw,4Q3/5p1k/3p1Ppb/2p3Kp/2P2N2/3P2PP/1r5q/4R3 w - - 4 39,g5h4 h6g5 h4g5 h2g3,2059,74,93,11958,attraction deflection endgame mate mateIn2 sacrifice short
ymV1M,4r3/1bpq1pk1/1bpp1P1p/p5p1/1P4Q1/P2B4/2P3PP/4R2K b - - 0 26,g7f6 e1f1 f6e7 f1f7 e7f7 g4d7,2031,80,90,1729,advantage attraction deflection long middlegame
2ow1O,8/6p1/5p1p/3k1P1P/6P1/4K3/8/8 w - - 5 61,e3f4 d5d4 f4f3 d4d3,2022,80,91,1070,crushing defensiveMove endgame pawnEndgame short zugzwang
SNgCl,8/5kP1/5P2/4K1Pn/8/8/8/8 b - - 2 71,h5g3 g5g6 f7g8 e5e6 g3h5 f6f7 g8g7 e6e7 g7g6 f7f8q,2066,79,90,1017,advancedPawn crushing endgame exposedKing knightEndgame promotion veryLong zugzwang
5OFZa,r4rk1/pp1n1ppp/1bqP1n2/6B1/1PB5/P1NQ1b1P/5PP1/R3R1K1 w - - 1 19,g2f3 a8c8 c4b5 c6c3,2081,77,90,781,advantage middlegame quietMove short
0cDLa,2k5/p3qppr/1bR1pnp1/8/3r1B2/1Q4P1/PP3P1P/4R1K1 b - - 0 21,c8d8 c6b6 a7b6 b3b6 d8e8 b6d4,2026,77,87,599,advantage exposedKing fork long middlegame
U2zso,6k1/pp3p1p/3p2p1/5b2/8/4qB2/PBr3PP/1R1Q1K1R w - - 2 21,d1d4 f5d3 f3e2 e3e2 f1g1 e2g2,2043,77,94,12515,long mate mateIn3 middlegame
dqkJe,3r2k1/pb3p1p/1p2pPpQ/2q5/6r1/4RNR1/PP5P/6K1 b - - 3 29,c5c1 f3e1 c1e3 h6e3,2035,77,91,1596,crushing defensiveMove middlegame short
GlHCx,r4r2/2pb3k/p2b3p/3p1p2/3Np2N/1PP4P/P4PP1/3RR1K1 b - - 3 22,c7c5 d4f5 d7f5 d1d5 a8d8 d5f5 f8f5 h4f5,2018,75,86,302,advantage discoveredAttack middlegame veryLong
hHq3E,2k5/2p2p2/KQ2p1p1/p6p/5q2/8/8/2R5 b - - 0 55,c8d8 b6b8 d8d7 c1d1 f4d6 d1d6,2037,77,92,1949,crushing endgame long
WgLNi,5rrk/3qb1pn/3p2Qp/2pPp1P1/ppP4P/1P3PN1/P4K2/R1B4R w - - 7 28,c1e3 d7g4 g6e4 f8f3 e4f3 g8f8,2019,79,92,2248,advantage long middlegame pin sacrifice
opzzK,4rr1k/pp1R2p1/1q5p/8/6P1/1B3pbP/PPQ2P2/4R1K1 w - - 6 30,d7d1 e8e2 e1e2 f3e2 c2e2 f8f2,2051,77,91,419,advancedPawn collinearMove crushing long middlegame pin
taLU8,1k1r1b1r/pppqnppp/8/3p4/2P3b1/3BBN2/PP2QPPP/R3R1K1 b - - 0 12,e7f5 f3e5 g4e2 e5d7 d8d7 d3f5 d7d8 e1e2,2075,79,91,142489,advantage fork middlegame veryLong
4NaXv,1krr4/2p5/1pP5/pQ3p2/2RRp2p/P1P4P/1P4q1/1K6 b - - 2 37,b8a7 c4a4 g2f1 b5f1,2091,76,89,357,crushing endgame master short
RUuh5,r5k1/p3qp1p/1r1Rb1p1/N1p5/4P3/P4P2/1PQ3PP/3R3K w - - 1 26,c2c5 a8c8 a5c6 b6c6 c5c6 c8c6,2086,78,89,509,advantage long middlegame
nTYEe,r2r4/p4p1k/R3bQpp/3qPp2/3B1P2/6RP/2P3PK/8 b - - 0 28,d5c4 g3g6 f7g6 a6e6 c4e6 f6e6,2033,77,92,478,crushing deflection long middlegame
bdtTB,4r3/p7/1p1qp1k1/2p1R1P1/2P3P1/PP2Q2K/8/8 w - - 1 47,e5e4 e8h8 h3g2 d6h2 g2f1 h2h1,2096,79,88,351,crushing endgame long
qCJM3,1k5r/ppp2qpp/3bp3/1N6/3Q4/6P1/PP4K1/R7 b - - 3 26,a7a6 d4a7 b8c8 b5d6,2031,75,89,508,crushing endgame master masterVsMaster short
ZXpoC,r6r/pp3pk1/2n1p1pp/3qP3/3p1PQ1/BP1P4/P5PP/4RRK1 w - - 0 21,f1f3 d5a5 g4h4 a5a3 h4f6 g7g8,2017,75,86,747,crushing defensiveMove fork long middlegame
ArCNy,6rk/2p1qp1p/1p2pN1B/pP6/P2PB3/2P3P1/6P1/R5K1 b - - 0 27,g8g3 h6f4 e7f6 f4e5 f6e5 d4e5,2060,76,88,482,crushing endgame fork long pin sacrifice
S2Aw1,5rk1/ppR5/6q1/1P1p1r2/3P4/4P2R/PPQ3PP/6K1 w - - 5 29,c2e2 f5f2 h3g3 g6g3 h2g3 f2e2,2020,76,93,6117,crushing endgame long
C1DC9,r1b2rk1/pppq1ppp/3p1b2/6BQ/2B5/2P5/PPP2PPP/R3R1K1 b - - 5 12,d7f5 h5f7 f8f7 e1e8,2007,76,93,11729,kingsideAttack mate mateIn2 middlegame pin sacrifice short
fyffm,7k/6pp/2q5/KR6/2B5/P3P1P1/7P/3b4 b - - 0 37,h7h5 b5b8 h8h7 c4g8 h7g6 b8b6,2094,76,93,1316,advantage endgame long pin
4Yy9t,8/6p1/4p2p/p1p2bP1/2k2P1P/P1P5/2BK4/8 w - - 1 41,g5h6 f5c2 d2c2 g7h6 a3a4 h6h5 c2d2 c4b3,2061,79,90,2338,bishopEndgame crushing endgame intermezzo quietMove veryLong zugzwang
pGFdh,5rk1/p4rbp/1pR1p1p1/8/1q6/3PB2P/5PP1/3QR1K1 b - - 0 28,g7d4 c6c4 d4e3 c4b4 e3f2 g1h2,2049,76,93,2230,advantage defensiveMove long master middlegame
hhTpK,r7/pp3pkp/3Qbnp1/q1n1p3/2P3P1/P1P4P/1B2PP2/1R2KBNR w K - 1 16,e2e3 a8d8 d6e5 c5d3 f1d3 a5e5,2014,80,91,1046,advantage discoveredAttack fork long middlegame
iUS3D,r4rk1/p1p2pbp/1p4p1/2q3N1/8/2PP1Q1P/PP4P1/R1B4K b - - 0 17,g7h6 g5e4 c5f5 c1h6 f5f3 g2f3,2048,79,89,1186,advantage discoveredAttack long middlegame
SqjMB,r5k1/5p2/p5p1/1pb1p3/4P1n1/1Pp2PNq/P1B3Q1/R2NR1K1 w - - 2 27,d1e3 c5e3 e1e3 h3g2 g1g2 g4e3 g2f2 e3c2,2031,78,95,4858,advantage attraction exposedKing fork middlegame veryLong
zm0GX,r4rk1/1ppb2bp/p2p2p1/n2Ppp2/PP2P2q/2N1P3/B1PQNRPP/R5K1 w - - 0 16,d2d3 h4f2 g1f2 f5e4 f2g3 e4d3,2026,75,95,1712,advantage discoveredAttack discoveredCheck kingsideAttack long middlegame sacrifice
Yah6p,r1bq2k1/ppp2Bpp/2n2b2/4N3/4R3/2Q5/PB3PPP/6K1 b - - 0 18,g8h8 e5g6 h7g6 e4h4 f6h4 c3g7,2032,75,100,622,deflection kingsideAttack long mate mateIn3 middlegame sacrifice
Al0qj,r2Qn1kb/q3pp2/2p1b1pB/8/N7/1B3P2/PPP1p1P1/2KR3R w - - 2 22,d1d3 a8d8 d3d8 e6d7,2049,78,91,1605,advantage defensiveMove master middlegame short
0u2W2,r1bqrnk1/pppn1ppp/3bp3/3pN2Q/3P1P2/3BP1B1/PPP3PP/RN2K2R b KQ - 2 10,f7f6 d3h7 f8h7 h5f7 g8h8 e5g6,2033,73,94,15578,kingsideAttack long mate mateIn3 opening sacrifice
49MUd,8/1p3p2/1p2pk1p/1B1p3P/P2P1bK1/2P2P2/1P3r2/1R6 b - - 8 38,f4g5 g4g3 f2c2 f3f4 g5f4 g3f4,2002,80,92,1377,advantage endgame long trappedPiece
NR8oy,2q1r2k/pp3R1p/3b2rB/3p1Q2/2nPp3/2P3P1/P3N2P/R5K1 w - - 1 24,f5h5 c8e6 f7h7 h8h7 h6f8 h7g8,2004,77,88,846,crushing long middlegame
rB0nM,r2qk2r/ppp2ppb/3p3p/2n2P2/2nNP1Pb/2N1B3/PPB1K3/R2Q3R b kq - 1 17,c4b2 d1b1 b2c4 b1b5 c7c6 b5c4,2036,75,88,760,advantage fork long middlegame
TXE4y,8/7p/p7/2pnnP2/2pk1KPP/8/P7/R5R1 w - - 5 47,f4g5 e5f7 g5h5 d5f4,2077,74,95,15688,endgame mate mateIn2 short
eENhg,r4rk1/pb3p1p/1pNqp1p1/3n4/3QB3/P1N4P/1P3PP1/3R1RK1 b - - 0 21,b7c6 e4d5 e6d5 c3e4 d5e4 d4d6,2092,80,87,419,crushing long middlegame
QQu5X,4r1k1/2Q2p2/2p3p1/7p/p2R4/P1P4P/1q3PP1/6K1 w - - 0 25,c7c6 e8e1 g1h2 b2f2 c6f3 f2g1 h2g3 e1e3,2026,79,92,2482,crushing deflection endgame master pin veryLong
6EYzY,rn5r/pp3k1p/2p2np1/2q5/4PBb1/8/PPP3PP/RN1Q1R1K w - - 4 14,d1g4 f6g4 f4e3 c5f5 e4f5 g4e3,2027,78,89,480,crushing hangingPiece long middlegame
xzflP,r1b4k/pp2q3/5rp1/2n2p2/8/2PpNPQ1/PP4PP/R3R1K1 b - - 0 29,d3d2 g3h4 h8g8 e3d5 e7e1 a1e1 d2e1r h4e1,2097,80,90,381,advantage fork middlegame veryLong
izrf8,2Q2bk1/1p3p2/p6B/8/8/2P2P2/PPK1q3/8 w - - 2 40,c2b3 e2d1 b3c4 b7b5,2048,78,95,2897,endgame mate mateIn2 short
XHhhX,2r1kb1r/1b3ppp/p2pp3/q1n1n1P1/Np1NP3/1P2BP2/P1PQ3P/1K1R1BR1 w k - 3 18,a4b2 e5f3 d4f3 c5e4,2022,77,91,2200,advantage capturingDefender master middlegame short
0EmE2,6r1/1bq2p1k/2r1BQpP/3pP3/3p4/3P2R1/5P2/6RK w - - 1 39,g3g6 g8g6 g1g6 f7g6 e6g8 h7g8,2092,77,91,383,crushing long master middlegame
wQ0ZA,2k5/R1r2ppp/8/3KP3/8/8/7P/8 w - - 0 37,a7c7 c8c7 e5e6 f7f6 e6e7 c7d7 e7e8n d7e8,2092,76,92,1056,crushing endgame quietMove veryLong
YtXHA,r3k2r/pp3pq1/2p1p3/4n2p/1PP1Q3/P3N3/5RP1/3R2K1 b kq - 3 27,e5g4 e3f5 g7e5 f5d6 e5d6 d1d6,2060,75,88,508,advantage long middlegame pin
E1jwR,4rr2/pppN1pkp/2n3p1/3p4/1P1P4/P1PB1Pbq/7P/R1BQR1K1 w - - 0 21,e1e2 e8e2 d1e2 f8e8,2007,78,94,6892,advantage clearance master middlegame short
z3OFD,5r1k/ppr1R1bp/3qRn2/2p3B1/3p4/2P3PQ/PP3P1P/6K1 b - - 5 25,d6d8 g5f6 f8f6 e7e8 f6f8 e8d8,2050,78,92,1551,crushing fork long middlegame
6e6cw,4r1k1/B2b2pp/3r4/b7/2pn4/2N2P2/PP4PP/2RK1B1R w - - 2 25,a7d4 d6d4 d1c2 d7f5 c3e4 e8e4 f3e4 f5e4,2063,77,94,4011,advantage exposedKing middlegame veryLong
2y7Sx,8/7p/3Kpkp1/p7/P4PP1/7P/8/8 b - - 0 41,h7h6 h3h4 g6g5 f4g5 h6g5 h4h5,2037,79,92,3179,crushing defensiveMove endgame long master pawnEndgame quietMove
cnN8g,1r2r1k1/p1p2pp1/3p3p/1q1P4/5P2/PB2B1Q1/1nP3PP/R5K1 b - - 3 30,b5e2 e3d4 g7g6 d4b2 e8e3 g3f2 e2f2 g1f2,2030,76,94,3314,advantage middlegame quietMove veryLong
O3rog,8/8/1p1Pk1p1/p1p1P2p/5P2/2P1K3/P7/8 w - - 1 42,e3e4 b6b5 d6d7 e6d7,2085,79,90,415,crushing endgame pawnEndgame quietMove short
9vxpA,3qr1k1/r4p2/3P1Rpb/1p1Bp3/8/3P2pP/1P2Q3/5R1K b - - 3 36,h6f4 f6g6 g8f8 e2h5,2048,76,91,1132,crushing master middlegame pin short
wNmHj,r2qr1n1/2p1bpk1/p5n1/1p1R3Q/3P3P/2N5/PPB2PP1/4R1K1 b - - 0 25,g8f6 d5d8 f6h5 d8a8 e8a8 c2g6,2037,76,95,8610,advantage long middlegame
JZ1ng,8/5pp1/1p2p2p/p2kP1PP/K2P1P2/8/8/8 b - - 0 40,d5d4 f4f5 e6f5 g5g6 f7g6 e5e6,2032,76,96,1200,advantage endgame long pawnEndgame sacrifice
FuApV,5kr1/p7/1ppp3Q/4p3/3qP3/8/PPP3P1/1K1B4 b - - 6 31,f8e8 h6e6 e8d8 e6g8,2031,79,86,1601,crushing endgame fork master short
YH4ee,8/2p5/1p1p4/3P4/p1P2k2/P1P5/3K4/8 w - - 0 43,d2d3 f4f3 d3d2 f3f2,2017,75,82,635,crushing defensiveMove endgame pawnEndgame short zugzwang
IVSdn,rn2k2r/ppp2ppp/3p1q1n/2b1p2Q/2BPP1b1/2P2N2/PP3PPP/RNB1K2R w KQkq - 1 7,d4e5 f6f3 g2f3 g4h5,2039,74,94,10260,advantage opening short
11hS0,7k/1p1r1ppp/4p2P/p2pQn2/5P2/P1P2P1K/5q2/R6R w - - 2 36,h6g7 h8g8 e5b8 g8g7 h1g1 g7f6,2022,76,91,843,advantage defensiveMove endgame long
nQ8T8,6k1/pp2b1p1/2pq2P1/3n1Q2/3p1P1p/7P/PPP4K/4R3 b - - 0 33,d5f4 f5f7 g8h8 f7e7 d6e7 e1e7,2096,75,96,1487,crushing endgame long
P15B9,8/8/3n4/4p3/Pkp1P2K/7P/2B5/8 w - - 0 45,h4g5 b4c3 c2d1 c3d2,2085,80,89,908,crushing endgame short
8BiFS,r1bqk1nr/ppp2ppp/8/4n3/1bP5/P3P3/1P1N2PP/RNBQKB1R b KQkq - 0 8,e5d3 f1d3 d8d3 a3b4,2025,75,88,344,advantage opening short
GPKFA,4k1nr/1p3ppp/pq2p3/3pP3/Pn1Q1PP1/5N2/P1r4P/1K1R1B1R b k - 1 21,b6d4 d1d4 c2c4 f1c4,2008,79,91,2068,advantage middlegame short
SQDEI,r4rk1/ppp2qb1/5n1p/3PpR2/4P2P/2N3Q1/PPP3P1/5RK1 b - - 1 22,f6h5 g3g4 h5f6 f5f6 f7f6 f1f6,2014,76,100,438,advantage long middlegame pin
bTul6,3q1r1k/pb1n4/1p2R1Q1/3p2P1/3P1P2/7r/P6P/4R1K1 b - - 4 23,f8g8 e6e8 d7f8 g6g8 h8g8 e8d8,2042,75,93,4859,crushing exposedKing long middlegame pin
UgD8F,8/8/4kP1p/P1K5/6p1/8/8/8 b - - 0 45,e6f6 c5d4 g4g3 d4e3 g3g2 e3f2 g2g1q f2g1,2056,75,95,1370,crushing endgame pawnEndgame veryLong
G7FgV,r7/Pb2k3/3p1p2/3p2pp/3P1K2/3NP2P/2P3P1/R7 w - - 0 34,f4f5 e7f7 d3e5 d6e5 d4e5 b7c8 e5e6 c8e6,2033,75,92,810,endgame mate mateIn4 veryLong
zlGHT,r2qkb1r/pp1bnppp/4p3/3pP3/P2P4/5N2/1P4PP/RNBQ1RK1 b kq - 0 11,e7c6 f3g5 d8b6 g5f7 b6d4 d1d4 c6d4 f7h8,2039,80,88,1105,advantage attackingF2F7 opening veryLong
mAWZq,5bk1/5ppp/p7/3pqNQ1/b2N4/2P3RP/6PK/1r6 b - - 1 28,b1b6 f5h6 b6h6 g5e5,2077,80,92,466,advantage discoveredAttack middlegame pin short
m2weh,8/2pk1pp1/2n1q2p/3pP3/3P4/2PQ4/1r1B2PP/R5K1 w - - 0 26,a1b1 c6e5 d4e5 e6b6 d2e3 b2b1,2052,78,90,524,advantage clearance endgame long sacrifice
s9qPp,3q4/p4k2/3Pp1pp/4Qp2/4rP1P/6RK/P5P1/8 w - - 1 37,e5c3 e4f4 c3c7 d8c7 d6c7 f4c4,2015,80,90,716,crushing endgame long master
mfJHk,3r4/5R2/1q4p1/6P1/7P/5Bk1/4P3/5RK1 w - - 5 37,g1h1 b6f2 f1f2 d8d1 f2f1 d1f1,2025,76,94,2605,endgame exposedKing long mate mateIn3 sacrifice
7ggKI,5bk1/1p4p1/p1n1p2Q/q3P2P/8/4pN1P/5P2/6RK b - - 0 28,e3f2 h6e6 g8h8 g1f1,2099,75,85,559,advantage endgame master short
lzeF6,6k1/p5p1/3b1p2/2p2P2/3p1PR1/3Br2P/PPP3PK/8 w - - 2 33,h3h4 e3d3 c2d3 c5c4 d3c4 d4d3,2060,79,92,1440,advantage endgame long sacrifice
NaaoQ,5rk1/1pp3pp/p5q1/4p3/1PPrPp2/P4Q2/5PB1/R4RK1 w - - 0 25,a1c1 d4d3 f3d3 f4f3 d3f3 f8f3,2043,78,91,325,advantage long middlegame pin sacrifice
HO6gr,8/4k3/1p2p3/p1p3NK/P7/1P3P1P/3b4/8 w - - 1 35,h5g6 d2g5 g6g5 b6b5 a4b5 c5c4,2131,80,91,1701,crushing endgame long
HmCIw,4R3/p1p2krp/np4r1/3b3q/1P6/P2Q1N2/5RB1/2B3K1 w - - 2 30,d3e3 g6g2 f2g2 g7g2 g1g2 h5f3 e3f3 d5f3 g2f3 f7e8,2117,75,86,1194,advantage attraction exposedKing master middlegame veryLong
hvXJC,5R2/6pk/3n3p/3PQ2P/4p1P1/8/5BK1/2rq4 w - - 10 50,e5d6 d1h1 g2g3 c1c3 g3f4 h1h2,2127,76,96,1823,crushing endgame exposedKing long master masterVsMaster
I8x5l,r1b1k2r/pppp1ppp/5q2/4n3/1bP1P3/2N3B1/PP3PPP/R2QKB1R b KQkq - 1 9,d7d6 g3e5 f6e5 d1a4 c8d7 a4b4,2102,75,93,13263,advantage fork long opening
XN57W,r1bqk2r/pppp1ppp/2n2n2/8/1bP5/2N1BN2/PP2QPPP/R3KB1R b KQkq - 4 7,f6e4 e3g5 e8g8 g5d8 e4c3 b2c3,2128,80,85,501,advantage long opening pin trappedPiece
bpmEe,8/1p5k/p3P2p/2P5/1P2qQK1/8/7P/8 b - - 20 55,e4e6 f4f5 e6g6 g4f4 g6f5 f4f5,2151,75,93,2689,crushing endgame long queenEndgame
1dmPZ,2r2rk1/pp3ppp/4pn2/q2p4/1P1P4/P1b1P1PP/R2N1PB1/1bBQR1K1 b - - 0 16,c3b4 a2b2 c8c1 d1c1,2179,78,83,554,advantage master middlegame short
fp7A4,8/5p2/R3k1pp/4P3/5P2/1pK3PP/6r1/8 b - - 3 43,e6f5 c3d4 g2d2 d4e3,2192,78,91,2673,crushing defensiveMove endgame rookEndgame short
wOtZ0,7r/1r2kpp1/4p3/3pP1PP/2pP4/R7/1P5R/1K6 b - - 2 32,f7f6 e5f6 g7f6 g5g6,2177,76,93,3696,crushing endgame rookEndgame short
UR7P7,3r1rk1/p1p3pp/1p3q2/3nNp1b/3Pn3/1P2PN1P/P3BPP1/R2Q1RK1 w - - 4 17,f3h2 e4c3 e2h5 c3d1,2179,76,92,4849,advantage middlegame short
lMsJ3,r1b2rk1/pp3pbp/1qn1p1p1/3pP3/3P4/1PN1PN2/P3B1PP/R2Q1RK1 b - - 2 13,c6e5 f3e5 g7e5 c3a4 e5h2 g1h2,2165,77,92,4007,advantage long opening
nSsf1,8/3b4/2p5/2Ppk3/PP6/4K1p1/4B3/8 w - - 0 56,b4b5 d5d4 e3f3 d7g4 f3g3 g4e2 b5b6 e2a6,2115,75,94,6521,bishopEndgame crushing defensiveMove deflection endgame exposedKing skewer veryLong
ZCeiU,6k1/ppp1qp2/2n2npB/2b1p3/4P1QN/1PP3NP/1P3PP1/6K1 w - - 3 21,h4g6 c5f2 g1f1 f6g4 g6e7 c6e7,2141,79,91,636,advantage kingsideAttack long middlegame
qGMM8,2q1r2k/2r3pp/p1b1np2/8/1P6/PQ3N1P/5PP1/3RRBK1 w - - 3 28,f1c4 c6f3 c4e6 f3d1,2112,78,94,9141,advantage middlegame short
HbpjV,r2qr1k1/pp1bbppp/nn6/1N2N3/3Q1P2/3B4/PP1B2PP/2R1K2R w K - 1 18,e1g1 d7b5 d4d8 e8d8 d3b5 d8d2,2153,75,92,3549,crushing long middlegame
ZZ05u,8/6p1/8/2N4p/8/6k1/4K3/8 w - - 4 55,c5e4 g3g2 e4g5 h5h4 g5e6 h4h3,2102,77,92,704,crushing defensiveMove endgame knightEndgame long quietMove
VD1LY,8/pp6/8/Pk1p2K1/1P6/5P2/6P1/8 w - - 0 46,g5f5 d5d4 f5e4 b5c4,2156,77,92,2106,crushing endgame pawnEndgame quietMove short
MkcXh,1k1r1bnr/1pp2ppp/2Np1q2/3Pn3/4P3/3Q2P1/PPP5/R1B1KB1R b KQ - 2 13,b7c6 d3b3 b8c8 f1h3,2187,76,80,510,crushing opening short
mz3GV,8/r1p5/5p2/2N1k1p1/2n3P1/5P2/4R3/6K1 b - - 4 37,e5f4 g1f2 f6f5 c5e6,2131,76,94,3919,endgame mate mateIn2 short
cQL7V,5k2/pp5p/2pn4/1B3b2/3B1K2/1QP2P1q/P6P/4R3 w - - 2 29,d4c5 h3h4 f4e5 h4e1,2101,77,92,1817,crushing fork master masterVsMaster middlegame short
a5rx8,2r3k1/5p1p/R2pr1pB/1B1b4/8/1P6/1bP3PP/5R1K w - - 2 27,a6a7 c8c2 a7f7 d5g2 h1g1 b2d4,2120,74,93,10954,advantage fork long middlegame
SOz1w,8/p2b1k2/1ppn3p/3pR1p1/3P4/2P3PP/PP3K2/2N5 w - - 3 30,c1e2 d6c4 e5e3 c4e3,2198,80,91,639,advantage endgame short trappedPiece
Oda8x,r7/PR6/3k4/K1p5/8/8/8/8 b - - 1 72,d6c6 a5a6 c5c4 b7b8 a8a7 a6a7 c6c5 a7a6 c4c3 a6a5,2114,74,93,1886,crushing defensiveMove endgame rookEndgame veryLong
ffNK3,7r/4R2P/8/8/8/6K1/5p2/5k2 w - - 0 59,g3f3 h8f8 f3e3 f1e1 e7b7 f8e8,2146,77,95,1643,crushing endgame long master rookEndgame
fBuz2,8/8/4k1p1/5p1p/2K2P2/5PP1/8/8 w - - 2 44,c4c5 g6g5 f4g5 f5f4 g3f4 h5h4 c5d4 h4h3,2129,75,94,9248,crushing endgame pawnEndgame quietMove sacrifice veryLong
vRwwi,2Rr2k1/p5bp/Bp1q2p1/1P3p2/3Pb3/P3B3/6PP/2Q3K1 b - - 1 29,g7d4 c8d8 d6d8 c1c4,2134,78,86,307,advantage middlegame short
2jknu,r1bk1b1r/pp1n1Bpp/1q3n2/6N1/4p3/BQP5/P4PPP/2KR3R b - - 6 13,f8c5 a3c5 b6c5 g5e6,2174,79,91,2194,crushing master masterVsMaster middlegame pin short
VSqXq,1k1r4/p1pq4/Ppn4p/3R1p2/2P5/6P1/2Q1N1P1/6K1 b - - 0 29,d7e6 e2d4 e6d5 c4d5,2154,79,86,407,advantage endgame master short superGM
bARBH,r1bqr1k1/pp1n1pp1/2pb4/6p1/3P3p/2PBBN2/PPQ2P1P/2KR3R b - - 1 13,f7f6 d3c4 g8h8 c2g6 d7f8 g6h5,2128,80,91,855,clearance crushing long master middlegame
0zX2b,2r2rk1/pb3ppp/1q6/1Nb5/4B3/6P1/PPP1QP1P/R3R1K1 w - - 7 19,a2a4 b7e4 b2b4 c5b4 e2e4 b4e1,2108,80,90,565,crushing long middlegame
kBppA,8/5p1p/p1p1p3/1P3p2/P1kPp3/4K2P/5PP1/8 b - - 0 28,a6b5 a4a5 b5b4 a5a6 f5f4 e3d2,2118,75,93,5083,crushing defensiveMove endgame long pawnEndgame quietMove
HSXXv,8/p4Qpk/b5r1/3P3p/4P3/4KPn1/P7/8 w - - 0 49,f7a7 h5h4 a7d7 a6f1 e3f2 h4h3,2158,75,100,684,crushing endgame long quietMove
Tqvc4,8/1p2rk1Q/2p3p1/p7/2P5/1P3B2/P1K1P3/4q3 b - - 0 39,f7e8 h7g8 e8d7 f3g4 d7c7 g8c8 c7b6 c8d8,2188,79,90,3566,advantage endgame exposedKing master veryLong
lJcvE,r2q3k/3n1rpp/pp4b1/3QN3/8/7P/P4PP1/3RR1K1 b - - 4 27,f7e7 e5g6 h7g6 e1e7 d8e7 d5a8,2125,77,92,2720,advantage discoveredAttack long middlegame
Da2oM,5r1k/1pp3p1/3p2np/2b1p1P1/p3P3/P1P2r1P/1P2QP2/3R1RK1 w - - 0 27,g5h6 f3g3 g1h2 g3h3 h2h3 g6f4,2173,76,93,560,advantage attraction kingsideAttack long middlegame pin sacrifice
rlonx,B7/1Pk1n1KP/8/1p6/6P1/8/8/7r w - - 0 63,h7h8q h1h8 g7h8 c7b8,2153,76,92,2977,crushing endgame short
DYnLT,8/8/4k1p1/p1K2p1p/1p3P1P/1P6/2P5/8 b - - 6 48,g6g5 f4g5 e6e5 c5c4 f5f4 c4d3,2113,75,92,1481,crushing defensiveMove endgame long pawnEndgame zugzwang
jZfz3,7r/p1k2R2/8/2p5/3bB1p1/6Pp/Pr5P/3R3K b - - 1 36,c7b6 d1d4 c5d4 f7b7 b6c5 b7b2,2175,74,93,7753,advantage endgame long sacrifice skewer
hy46B,6k1/5p1p/7r/ppp2bK1/5B2/4Q2P/P4Pq1/1R3R2 w - - 10 41,g5f5 g2g6 f5e5 g6e6,2121,78,92,2335,endgame mate mateIn2 short
xlIoU,r1bq1rk1/pp1nbppp/2p1p3/3nN1BQ/3P4/2NB4/PPP3PP/R4RK1 b - - 9 11,g7g6 e5g6 f7g6 d3g6 h7g6 h5g6,2158,79,91,537,advantage kingsideAttack long middlegame sacrifice
3cBBS,8/p2Q1ppk/2PP2rp/8/5p2/P6P/5qPK/6R1 w - - 0 34,c6c7 f4f3 d7f5 f2g3 h2h1 f3g2 g1g2 g3g2,2144,76,94,3335,advancedPawn endgame mate mateIn4 veryLong
YDTwN,r4rk1/p2b3p/2p1p1pQ/2b1p3/1qP1P3/1P2B1P1/P1P1N2P/R4RK1 w - - 3 20,a2a3 b4d2 f1f8 a8f8 h6f8 g8f8,2194,77,100,419,advantage long master middlegame pin
xCn8F,r1b1kr2/pppp1N1p/6p1/4p2Q/2Bn4/3P2q1/PPP5/RNB2K1R w q - 0 15,h5h3 g3h3 h1h3 d7d5 h3h7 d5c4,2157,76,93,1468,advantage long opening pin
AsWlF,2rq2rk/p4p1n/1p1p1n2/1P1PpP1p/P1p1P1pQ/2P3RP/2B3P1/2B3RK w - - 1 36,h3g4 f6e4 g4g5 e4g3,2188,76,91,1616,advantage kingsideAttack master middlegame short
8W46Z,r1b2k1r/p1R3p1/7p/1q3p1Q/8/8/P5PP/4R2K b - - 0 25,c8e6 h5g6 e6d7 g6d6 f8g8 c7d7,2174,77,91,2066,crushing long middlegame
oSNrv,r1k3r1/1b6/p2B2R1/1p4Np/2n4P/3Q1P2/Pq4PK/8 b - - 0 30,g8g6 d3f5 c8d8 f5f8 d8d7 f8e7 d7c6 e7c7 c6d5 c7c5,2170,77,93,5071,exposedKing mate mateIn5 middlegame veryLong
GEuCs,8/6Rp/3R1B2/2p5/p1k3P1/1r5r/5K2/8 w - - 0 52,d6a6 h3h2 f2g1 h2a2 a6a4 a2a4,2115,77,96,1417,crushing endgame long quietMove
UryWf,5k1r/1p3p2/p1p1pp2/8/2q5/8/PP1R2Q1/4RK2 w - - 0 34,g2e2 c4f4 e2f2 h8h1 f1e2 h1h2 f2h2 f4h2,2101,77,95,1325,advantage endgame exposedKing pin veryLong
ZG59Z,8/p2r2pk/7p/2R5/P1P2P2/1r4P1/3p3P/R5K1 w - - 0 36,c5d5 d7d5 c4d5 b3c3 a1d1 c3c1 g1f1 c1d1,2107,75,95,8468,crushing endgame pin rookEndgame veryLong
6gTYL,1k2r1r1/1p6/p1q5/5ppp/2N1p3/1PBPQ1PP/P1P3K1/4R3 w - - 1 30,d3e4 e8e4 e3f3 g5g4 c3e5 b8a8,2124,80,92,6262,advantage defensiveMove long middlegame
4hmTM,2qrr1k1/1b3pb1/pp3Bpp/2p5/P1Pp4/2N2Q1P/1P3PP1/R3RBK1 w - - 0 21,f6d8 e8e1 a1e1 b7f3,2125,77,87,372,crushing master middlegame short
nVnWm,4R3/p1p3bk/2Pq1r2/5b1p/2Q3p1/5pP1/P4P1P/5BK1 b - - 2 31,f5e6 f1d3 e6f5 d3f5 f6f5 c4g8 h7h6 e8e6 f5f6 e6d6,2183,77,95,2901,advantage exposedKing fork middlegame veryLong
eNBEI,r7/1p1k4/2b3p1/2Q1R3/1P1p4/p1n5/1KP5/8 w - - 0 43,b2b3 c6a4 b3a3 a4c2 a3b2 c3a4,2186,75,91,1319,advantage deflection discoveredAttack discoveredCheck endgame long skewer
JDFul,8/p7/7p/1p1K4/2P5/6k1/PP6/8 w - - 1 41,c4b5 h6h5 d5c6 h5h4 c6b7 h4h3 b7a7 h3h2 b5b6 h2h1q b6b7 h1g1,2199,77,87,1115,advancedPawn crushing endgame pawnEndgame promotion quietMove veryLong
ETonX,r3r1k1/p1Qb1ppp/2nn2q1/8/8/2PN4/PP1NBPPP/R4RK1 b - - 0 16,e8e2 d3f4 g6h6 f4e2,2199,78,93,8041,advantage fork master middlegame short
9VzmN,4rrk1/1p3pbp/p2p2p1/3N3q/P1Pn1pb1/1PQ2BP1/1B2P1KP/R2R4 w - - 0 23,d1d4 g4f3 c3f3 e8e2 f3e2 h5e2,2158,78,93,1540,crushing fork long master middlegame xRayAttack
FDf7b,r1b1k2r/pp3p2/2p3q1/2P5/2NPpP2/P1P3Pp/2Q1B2P/R6K b kq - 0 21,c8g4 c4e5 g4e2 e5g6 e2f3 h1g1,2116,78,84,572,crushing long middlegame
lStdD,1r4k1/p3bppp/8/8/2nP4/PqN1PP1P/1Pr3P1/R1BQ1RK1 w - - 3 25,f1f2 c2c3 d1b3 c3b3,2141,72,94,11866,advantage middlegame short
FDICL,8/7Q/1p1q1p2/3rp1p1/5k1p/1P5P/5PP1/4R1K1 b - - 3 37,f6f5 g2g3 h4g3 f2g3 f4g3 h7f5,2137,77,95,1338,crushing endgame long
FuByY,8/p5pk/5p1p/1P3P2/P3Q3/4R1KP/1q1r2P1/8 w - - 11 47,e3d3 b2e5 g3f3 d2f2 f3f2 e5e4,2145,75,96,2250,crushing deflection endgame long
ymmJ7,8/8/1p6/pP1pk1p1/P6p/2P2K1P/6P1/8 w - - 0 46,g2g3 h4g3 f3g3 e5e4 g3g4 e4d3 g4g5 d3c3,2159,79,91,2062,crushing endgame pawnEndgame veryLong
uAv0J,2rq1rk1/pp3pp1/4pnp1/2p1N3/3P3R/2PQ2PP/PP4P1/5RK1 b - - 3 20,d8d6 f1f6 g7f6 e5g6,2184,80,91,3191,advantage middlegame short
jveL7,8/2r5/7R/3kpp2/P2p4/1P1K3P/2P3P1/8 w - - 2 51,g2g4 e5e4 d3d2 e4e3 d2d1 f5f4,2179,78,90,1028,crushing defensiveMove endgame exposedKing long rookEndgame
cve9w,8/8/p3p3/4Bp2/4kPn1/3p2Pp/P6P/2R2K2 w - - 2 40,f1g1 d3d2 c1d1 e4d3,2150,78,92,8063,advancedPawn advantage defensiveMove endgame short
VYSpP,8/4k1p1/1pB1b2p/p3P3/8/P3K1P1/7P/8 b - - 6 36,e6d7 c6d7 e7d7 a3a4,2155,75,91,917,bishopEndgame crushing defensiveMove endgame master short
114V2,4r1k1/1B3p1p/6p1/P1p5/1pPq4/1P1n3P/5PP1/R2Q2K1 w - - 0 33,g1h2 d4f4 h2g1 f4f2,2160,75,86,334,advantage endgame short
mHWxo,2r1k3/p4p1Q/4pbp1/1q1p4/8/1P6/P1PB1PP1/2K4R b - - 1 22,b5d3 h7g8 e8d7 g8c8 d7c8 c2d3,2144,76,94,8476,crushing endgame long
7sbkV,r3q1k1/p1Q2ppp/2np4/8/8/1P3N2/P1PNrPPP/R5K1 b - - 0 16,c6d4 f3d4 e2d2 c7c3 d2d4 c3d4,2125,78,91,1122,advantage long middlegame trappedPiece
1bNQQ,2r4r/Q7/1n2p3/k5pp/1b1P4/1P2P3/P3NPqP/1KR5 b - - 1 33,a5b5 a2a4 b6a4 b3a4,2106,75,92,4529,mate mateIn2 middlegame short
OmiEt,8/p2n4/4k2p/2pp1pp1/1P4P1/2PNKP2/P6P/8 b - - 0 30,c5c4 d3c5 d7c5 b4c5 e6e5 g4f5,2156,77,92,2031,advantage endgame knightEndgame long
Tl7q6,3q1k2/4rPp1/2p1P2p/1p6/4Q3/3rn2R/6PP/5RK1 b - - 1 28,e3f1 h3d3 d8d3 e4d3,2146,80,91,889,advantage endgame short
MfAQW,8/6p1/6p1/ppkp1pPP/5P2/PPP3K1/8/8 b - - 0 40,a5a4 b3b4 c5c4 h5h6 g7h6 g5h6,2108,79,91,363,crushing endgame long pawnEndgame
tLznh,1k1r3r/1pp2p2/1bq1P3/p4Q2/PP4pp/B1Pp4/3P1PPP/RN2R1K1 w - - 0 20,f5e4 g4g3 e4c6 g3f2,2153,79,91,1997,advancedPawn advantage kingsideAttack middlegame sacrifice short
vuMhR,2kr3r/ppp1qp2/2n2n1p/2bpp3/4P1b1/P1NPBNP1/1PPQKPB1/R6R w - - 0 13,e4d5 c6d4 e3d4 e5d4,2103,77,94,6505,advantage discoveredAttack discoveredCheck master middlegame short
tfq8H,2nk1R2/p2rr3/4p1p1/1P1pQ2p/8/1P1q4/6PP/5R1K b - - 5 34,e7e8 f8e8 d8e8 e5h8 e8e7 h8f8,2165,76,93,1886,attraction exposedKing long mate mateIn3 middlegame
Eo3yK,6rk/7n/2qp1r2/p3np1Q/2P1pN2/P6P/5PP1/1B1R1RK1 w - - 6 27,d1d5 e5f3 g1h1 g8g5,2183,80,91,4551,advantage middlegame pin short
aGRqu,r1b1r1k1/2pq1pbp/pp4p1/3p4/3P4/1PN2Q2/PB3PPP/R3R1K1 b - - 0 18,g7d4 e1e8 d7e8 f3d5 c7c5 d5a8,2149,77,93,1330,advantage fork long middlegame
2xbh8,6k1/1b3p1p/p4np1/P2p4/8/2NB1P1P/2P2KP1/8 b - - 0 33,f6d7 f2e3 g8f8 e3d4 f8e7 c3d5,2178,78,90,757,crushing endgame long
gySwt,8/8/pp5p/1k2p3/1P2Pp2/1K6/P5PP/8 b - - 2 35,a6a5 a2a4 b5c6 b4a5 f4f3 g2f3,2170,76,93,1913,crushing deflection endgame long pawnEndgame
0tZ4y,r1b2r1k/6pp/1pq5/p3N1B1/1b3p2/1Q6/2P2P1P/2KR3R b - - 0 24,c6b5 e5f7 f8f7 d1d8 f7f8 d8f8 b4f8 b3b5,2100,80,91,3117,crushing kingsideAttack middlegame sacrifice veryLong
Rd2jU,r3r1k1/pp3ppp/2p5/2P2R2/8/PP2PpPn/7P/R1B2K2 b - - 2 28,f3f2 f5h5 a8d8 h5h3 d8d1 f1f2,2117,75,92,913,advantage endgame long
kQrID,4r1k1/pp3p1p/2p1r1pq/2P4P/1PQB1b2/P2PPN2/3K1PR1/8 b - - 0 31,f4e3 f2e3 e6e3 f3g5,2130,76,92,618,advantage middlegame pin short
Wudfz,8/6R1/6p1/3k1pKp/7P/5PP1/1r6/8 b - - 0 46,b2g2 g5f4 g2c2 g7g6,2183,75,96,1040,crushing endgame rookEndgame short
pKh91,r4rk1/ppN1n1b1/3p1p2/4pb2/7q/3PB1pP/PPPQ2B1/R4RK1 b - - 0 18,a8c8 c7d5 f5h3 d5e7,2176,79,91,4324,advantage kingsideAttack master middlegame short
lUcSv,8/8/8/3p1pP1/3P3k/4pP2/5K2/8 w - - 0 45,f2e3 h4g5 e3e2 g5h4 e2f2 h4h3,2157,75,92,2664,crushing defensiveMove endgame long pawnEndgame zugzwang
J4app,8/2q2k1r/pp2b1R1/2n1Pp2/1Q2p2p/P7/1P5P/1K4R1 b - - 5 33,c5d3 g6f6 f7e8 f6e6,2109,75,94,1624,crushing deflection middlegame short
gtiRP,8/pp4kp/5pp1/3p4/8/1Pr1q3/P6Q/R4R1K w - - 2 30,f1e1 e3f3 h2g2 f3h5 h1g1 h5h4 e1e7 g7f8 e7h7 h4h7,2158,77,86,404,advantage endgame exposedKing veryLong
ldTS7,8/8/2pk4/3p4/p1pP2Kp/P1P4P/8/8 w - - 13 54,g4h4 c6c5 d4c5 d6c5 h4g3 d5d4 g3f3 d4d3,2132,75,93,2398,crushing endgame pawnEndgame veryLong
Qlxg0,2k1r3/pq4r1/1pb5/2p1bp2/P2p3p/3P1B1N/2P3PP/R4QRK b - - 1 30,e8g8 f3c6 b7c6 f1f5 c8d8 f5e5 g7g2 e5e4 c6e4 d3e4,2123,77,94,6945,advantage discoveredAttack exposedKing fork middlegame veryLong
bZhZg,4r3/6k1/3b1pp1/3pr3/Pn4Q1/1P2P2P/3RNKBq/3R4 w - - 7 41,e2f4 e5g5 d1h1 g5g4,2130,76,94,1364,advantage master middlegame short
dRRJA,3r1rk1/Nb2bppp/1p2pn2/6q1/3B4/P1NQ3P/1P3PP1/3RR1K1 w - - 3 20,d3g3 g5g3 f2g3 d8d4 d1d4 e7c5 a7b5 f8d8,2119,78,91,1669,crushing middlegame pin sacrifice veryLong
bZGKO,2rr2k1/pb3ppp/1p1Bp1n1/4P2q/2P5/4Q1P1/P4P1P/R2R1BK1 w - - 13 27,a1c1 g6e5 d6e5 d8d1 c1d1 h5d1,2189,75,92,1270,crushing long middlegame
pQvN0,5k2/8/7R/5N2/1P6/1KP1r2p/6r1/8 b - - 5 69,e3f3 h6f6 f8e8 f5d6 e8d7 f6f3,2176,77,100,346,endgame
fWkGx,7k/p4Bpp/1bp5/5Q2/8/1PP4P/P2rq1P1/1K3R2 w - - 17 42,f5c8 b6d8 c8d8 d2d8,2111,76,100,715,crushing defensiveMove endgame short
mgAh2,3rr1k1/pp3pp1/2p2n1p/4N3/2Pq4/1P2Q1RP/P4PP1/4R1K1 w - - 0 29,e3h6 f6g4 g3g4 d4g4 h3g4 g7h6,2157,79,93,4245,crushing long middlegame
DQwEt,8/5r1p/6p1/p1kp2P1/P4P1P/4K3/3R4/8 w - - 1 39,d2d4 f7e7 e3d3 e7e1,2168,76,90,505,crushing defensiveMove endgame rookEndgame short
hEJZZ,5r2/ppp1Rr1k/3p1Pbp/1N1P4/2P5/6R1/PP4Kp/8 w - - 3 29,b5c7 f7e7 f6e7 f8f2 g2f2 h2h1q,2149,77,94,8057,advancedPawn advantage clearance deflection endgame exposedKing long master promotion
kGyQQ,4r3/pp3k1p/2b2Pp1/3n2P1/3P3P/2P3Q1/5RBK/4q3 w - - 3 34,g2d5 c6d5 g3c7 f7e6 c7e5 e1e5,2174,75,94,2994,advantage endgame long
Z9BMr,8/1b3Q2/pk2P3/1p1Bqp2/8/2P3P1/PP3K1r/3R1R2 w - - 1 31,f2f3 b7d5 d1d5 e5e4,2158,78,93,10476,mate mateIn2 middlegame short
2BAf2,8/6K1/4knP1/1P6/8/8/8/8 b - - 2 45,f6e8 g7f8 e8f6 b5b6 f6d7 f8e8,2198,76,100,588,crushing defensiveMove endgame knightEndgame long
RNUxS,8/8/2K5/2Bp4/1P2nPkp/8/8/8 w - - 0 54,c6d5 e4c5 b4c5 h4h3 c5c6 h3h2 c6c7 h2h1q,2157,78,87,381,advancedPawn crushing endgame promotion veryLong
rwaR0,4r1k1/p4p1p/2ppbR2/8/2P1P3/2qB4/Pr2Q1PP/5R1K w - - 2 20,e2h5 c3d3 f6f7 d3e4,2198,78,91,2143,crushing hangingPiece master middlegame short
klBmL,4r2k/pp4pp/4b3/3B3q/P1P2Qr1/8/1P3P1P/3R1R1K w - - 9 28,f4c7 e6d5 c4d5 h5h3 c7g3 g4g3,2180,76,93,5796,crushing long middlegame pin
M0sdt,8/7p/5kp1/1p2pp2/1P2PP2/2K3PP/8/8 w - - 1 32,f4e5 f6e5 e4f5 g6f5 c3d3 e5d5 h3h4 h7h5 d3e3 d5c4 e3f4 c4b4,2163,78,91,2110,crushing endgame pawnEndgame quietMove veryLong zugzwang
19hPP,r3r1k1/5pp1/5p1p/8/p2P4/P2BPN1q/1P1QKPnP/R6R w - - 4 23,f3g1 g2f4 e2d1 h3g2 e3f4 g2h1,2187,79,91,1252,advantage clearance long middlegame pin trappedPiece
PJ1x2,3r1r2/pp3pkp/2n1q1pN/3pp1P1/4QP2/2P4P/PP5K/R1BR4 w - - 0 23,f4f5 d5e4 d1d8 g6f5,2143,78,92,1755,advantage middlegame short
VVfer,1q2r1k1/7p/R2R1Qp1/1r1P1p2/5P2/7P/1P4P1/6K1 w - - 2 30,d6d7 e8e1 g1f2 b5b2 f6b2 b8b2,2185,79,91,2973,advantage endgame long
6PCJr,1r5k/p6p/1q5P/5Bp1/1bPp2P1/3P4/PP1Qp3/2K1R3 w - - 2 40,d2g5 b4f8 e1e2 f8h6 g5h6 b6h6,2150,77,91,1557,crushing endgame long pin
8NHWV,r6k/pp4pp/2p5/3q4/6Q1/1P4P1/P1P4P/5R1K w - - 2 24,f1f3 a8f8 h1g2 h7h5 g4h5 d5h5,2146,78,91,1764,crushing endgame long pin
woJ4w,2k2b1r/pppr2pp/q1n1Np2/4p3/2P5/3PBQ1P/PP3PP1/R4RK1 b - - 1 16,c6b4 e6f8 h8f8 e3c5 f8d8 c5b4,2138,77,91,540,crushing fork long middlegame
t5S71,8/6p1/4p2p/3p4/3P2k1/pPp1P1P1/P1K4P/r1N5 b - - 1 39,g4f3 b3b4 f3e3 b4b5 e6e5 b5b6 e5d4 b6b7 d4d3 c1d3,2129,77,96,1057,advancedPawn advantage endgame master quietMove sacrifice veryLong
zPgZw,4Qr1k/pp4bp/6p1/2p2pB1/2N2P2/2Pq4/PP4PP/2K1R3 b - - 0 24,f8e8 e1e8 g7f8 g5h6,2155,77,94,945,crushing endgame kingsideAttack pin short
OaSZK,8/8/pp2kp2/2p3p1/PP2K1P1/2P4P/8/8 b - - 0 39,b6b5 a4b5 c5b4 b5a6 b4b3 e4d3,2117,75,95,3995,crushing defensiveMove endgame long pawnEndgame
vykLI,1r3rk1/p3bppp/1pBq4/3P4/8/6Pb/PP2NP1P/R1BQK2R w KQ - 1 15,e2f4 d6b4 d1d2 b4e4,2157,78,94,1517,advantage master middlegame short
QoCfV,8/8/3R1p1k/r4p1P/5KP1/5P2/8/8 b - - 2 70,f5g4 d6f6 h6g7 f6g6 g7h7 f3g4,2163,76,93,4345,crushing endgame exposedKing long rookEndgame
7UzGq,2r2bk1/p4pp1/1p1pq2p/nP1R4/P1r1P3/3Q1P1P/R1P3PB/4N1K1 w - - 7 29,h2d6 c4c3 d3d4 f8d6,2162,79,91,2512,advantage intermezzo middlegame short
c7ahR,2kr4/p2b1pp1/7n/3pQ3/2pP4/2q5/P1BN1PP1/1K1R4 w - - 0 23,e5d5 c3c2 b1c2 d7a4 c2c3 d8d5,2146,80,92,1981,advantage attraction discoveredAttack long middlegame queensideAttack sacrifice
9lw7c,8/8/6p1/3r4/2k3P1/p6P/2K5/1R6 b - - 3 57,d5b5 b1b5 c4b5 h3h4 a3a2 c2b2 b5c6 h4h5 a2a1q b2a1 g6h5 g4h5,2156,77,95,815,crushing endgame quietMove rookEndgame veryLong
Xz6l9,r1bq1bk1/ppN3r1/3p2n1/3Pp3/P3np2/5PpN/1PQBB1P1/2R2RK1 w - - 0 24,f3e4 c8h3 g2h3 a8c8,2197,76,92,3093,advantage clearance master middlegame short
O3Bd4,8/8/8/5p1k/1PKRr3/8/8/8 b - - 2 50,e4d4 c4d4 f5f4 b4b5 h5g4 b5b6 f4f3 d4e3,2197,77,92,1403,crushing endgame quietMove veryLong
DS58F,8/8/p1pK4/1p1p3k/7P/P1P5/8/8 b - - 3 41,h5h4 d6c6 h4g4 c6b6 g4f4 b6a6 f4e4 a6b5 e4d3 b5b4 d5d4 c3d4,2205,78,91,2070,crushing endgame pawnEndgame veryLong
6caGS,8/3r4/2pPq1pk/p6p/1p1Q2pP/1P1R4/PKP5/8 b - - 3 52,c6c5 d4h8 d7h7 h8f8,2266,78,84,811,crushing endgame master short
Y9QB2,3q2k1/1b4pp/pp1rp3/4pp2/2PbP2P/1PNR2P1/P2Q1PB1/5K2 w - - 0 28,e4f5 b7g2 f1g2 d4c3 d3d6 d8a8 g2g1 c3d2,2235,75,94,2480,crushing master middlegame sacrifice veryLong
L4Yqy,r2q1rk1/pp3p1p/1n4p1/3n4/8/1B3P1R/PPPQ1P1P/2K3R1 b - - 1 17,d5f6 g1g6 g8h8 d2d8 a8d8 g6f6,2283,80,93,1217,advantage capturingDefender kingsideAttack long middlegame pin
KvvV4,1q4k1/1b2r1pp/1p6/p4Q2/3p1R2/2P1p2P/PP5K/5R2 b - - 1 38,e7e8 f5f7 g8h8 f7e8 b8e8 f4f8 e8f8 f1f8,2266,80,92,2501,backRankMate clearance endgame fork mate mateIn4 sacrifice veryLong
ai0xZ,3rr1k1/p1R2ppp/8/4B3/6n1/P2P1N1q/5P2/3Q1RK1 w - - 1 21,e5g3 g4e3 f2e3 h3g3 g1h1 g3c7,2209,80,90,608,advantage deflection fork long middlegame
UU7o4,2k4r/4rp1p/p3n1p1/1Ppq4/6QP/1P1B4/2P1KP2/R6R w - - 0 25,b5a6 f7f5 g4c4 e6f4 e2d2 e7e2,2280,78,87,311,advantage discoveredCheck doubleCheck long middlegame pin
b01ui,k1r5/p3R3/2p2p2/3r1q1p/1PQP4/6P1/P5K1/R7 b - - 1 33,h5h4 c4a6 h4h3 g2g1 h3h2 g1g2 h2h1q a1h1,2234,80,87,415,crushing defensiveMove endgame veryLong
Kzu6T,4Q3/p1q3pk/4p1Rp/3pPp2/5r1B/2r4P/6PK/8 b - - 5 36,c7e5 h4f6 e5c7 g6g7 c7g7 f6g7,2281,80,96,819,advantage endgame fork long
QZwJO,2kr1b1r/1pp1pppp/2n2n2/1P5q/2B3b1/3P1N1P/1PP1QPP1/R1B1K2R b KQ - 0 11,c6d4 a1a8 c8d7 f3e5 d7e8 c4f7,2252,77,82,547,attackingF2F7 crushing long opening queensideAttack
Xaoqo,r2q1r1k/ppp1b1p1/5n1p/5b2/1P1np2N/PQNP2P1/4PPBP/R1B2RK1 w - - 4 14,b3c4 f5e6 h4g6 h8h7 g6f8 e7f8,2216,78,94,1135,advantage long opening sacrifice
oAxaT,r1bqk2r/pp2n3/2n3pp/3p1P2/2BN1Q2/2P1B3/P4PPP/R3K2R w KQkq - 0 14,d4e6 c8e6 f5e6 h8f8,2242,77,85,871,advantage middlegame short
Gf5ao,1k2r3/2p2q2/1n4p1/1Q5p/3N1pnP/8/PP4P1/1K5R b - - 0 28,e8e4 d4c6 b8c8 h1d1,2226,75,84,451,advantage defensiveMove master middlegame short
xoBGY,4r3/n3p3/5k2/6P1/1p4P1/6K1/P3RP2/8 b - - 0 38,f6g5 e2e6 e8f8 f2f4 f8f4 e6e5 g5f6 g3f4,2243,76,93,1895,advantage deflection endgame master veryLong
cxWoo,3r2k1/pb3p1p/1p2pP2/7q/2P1N2P/3B2P1/P4P2/3RR1K1 b - - 2 27,h5f3 d3e2 d8d1 e1d1,2248,75,93,6431,crushing master middlegame short
TYcax,r3r1k1/pp3ppp/2pb4/3P4/3P2nq/PQ1B3P/1P3PP1/R1B2RK1 w - - 1 18,d3f5 h4f2 f1f2 e8e1 f2f1 d6h2 g1h1 e1f1,2285,78,100,324,middlegame
dqptM,4rrk1/p4p1p/3q1p2/1pp5/1b1p2N1/3Q4/PPP1RPPP/4R1K1 b - - 3 20,b4e1 g4h6 g8h8 e2e8 f8e8 h6f7 h8g8 f7d6,2235,79,93,9920,crushing fork middlegame veryLong
TIyMd,3r2k1/pb3r2/1p1q1np1/3pR2P/3Q4/2N5/PP4BP/5RK1 b - - 0 27,f6h5 f1f7 g8f7 g2d5 b7d5 e5d5 d6d5 c3d5,2244,77,95,1521,attraction crushing exposedKing middlegame veryLong
oYSvx,4r2r/p3q1pp/1kp1N3/1p6/8/4Q3/P4PPP/3R2K1 b - - 7 27,b6a6 d1d7 e7d7 e6c5 a6a5 e3a3 a5b6 c5d7,2289,79,91,1578,crushing endgame fork sacrifice veryLong
GH3vE,3R4/1p2kp1p/1pp3n1/2q2r2/5PQP/2P5/1P6/3R3K b - - 4 40,f5f4 d1d7 e7f6 d7d6 c5d6 d8d6,2268,79,91,765,advantage endgame long
G0pMs,r4rk1/1b2ppb1/p2p1npB/1p4Qp/2qNP2P/2P1NP2/PP4P1/R4RK1 b - - 1 17,c4c5 h6g7 c5g5 h4g5 g8g7 g5f6,2252,80,90,2011,crushing kingsideAttack long middlegame
AVZu7,r1br2kn/2n1p3/2p1Pb1P/pp1p1Bp1/3P1qP1/2NQ4/PPP5/1K1R1R2 b - - 1 23,f4d4 f5h7 g8f8 d3d4,2237,76,95,4889,crushing intermezzo master middlegame pin short
knJiq,r3r1k1/pp3ppp/3p4/3P3b/6q1/5N2/PP1NQP2/R4R1K w - - 2 21,e2c4 g4c4 d2c4 h5f3,2274,80,87,441,advantage discoveredAttack middlegame short
6UlUv,2r2r1k/1p3p1n/p4b2/3N3R/8/7P/PPP3P1/3R1K2 b - - 0 25,c8d8 d5f6 d8d1 f1e2 h8g7 h5h7 g7f6 e2d1,2261,76,91,2917,crushing exposedKing middlegame pin sacrifice veryLong
1A5xn,r3kbnr/pp1q1p1p/2n1b3/1B1p2p1/3N1p2/2N5/PPPPQ1PP/R1B2RK1 b kq - 1 10,a7a6 b5c6 b7c6 e2e5,2236,75,92,4776,advantage opening pin short
qYWX2,1r6/p2R2p1/P5k1/3B1p2/5Pn1/1qN1p1Pp/1P2P2P/3R2K1 b - - 1 33,b3b6 d5f7 g6h7 d1d6 g4f6 d6b6,2209,77,87,343,clearance crushing long master middlegame
0LmCW,2kr1b1R/p5p1/1pp2qp1/3n4/4QNP1/5P2/PPP5/2R1K3 w - - 0 22,e4e6 f6e6 f4e6 f8b4 c2c3 d8h8,2225,77,93,1179,advantage discoveredAttack exposedKing long middlegame
SUC4U,3r1r2/pp3ppk/8/qP1N1bN1/2n5/1Q1R4/Pb3PPP/1K5R b - - 6 20,h7g8 d5e7 g8h8 e7f5 c4a3 b1b2 d8d3 b3d3 a5b5 d3b5,2204,78,90,575,advantage fork middlegame veryLong
BzLKm,3r3k/ppp3p1/2b1B2p/8/4nB2/1Q4P1/PP3P1P/5RKq w - - 5 24,g1h1 e4g3 h1g1 g3e2,2253,78,96,1439,doubleCheck mate mateIn2 middlegame short
628NF,8/1pp5/p1k2P2/3R4/4K3/2n5/8/8 w - - 1 47,e4e5 c3d5 f6f7 d5b6 e5e6 b6d7,2265,76,91,2405,crushing defensiveMove endgame long quietMove
JKe3a,3B2k1/p4p1p/1p2p1pQ/2p5/3q1P2/2r1nB2/P6P/R4R1K b - - 0 30,e3f1 d8e7 d4g7 h6g7 g8g7 a1f1,2262,78,86,731,crushing long middlegame
w9q5z,8/8/8/8/pk4p1/6P1/1P6/2K5 w - - 4 61,c1c2 b4c4 c2d2 c4d4,2237,75,85,319,crushing defensiveMove endgame master pawnEndgame short zugzwang
DkPc0,r3k2r/pp1N2pp/3bp1n1/8/2B2P2/8/PP3qPP/RNBQ3K b kq - 0 16,e8d7 b1c3 g6f4 d1d6 d7d6 c3e4,2201,75,91,4071,advantage attraction long middlegame quietMove sacrifice
zLVWg,2q2bk1/5ppp/p7/1p1RB3/1P6/P4P1P/3Q2PK/2r5 b - - 2 35,c1c6 d5d8 c8e6 d8f8 g8f8 d2d8 e6e8 e5g7 f8g7 d8e8,2233,76,93,7563,attraction crushing deflection endgame sacrifice veryLong
khGeR,2r2rk1/pp3ppp/2n1pnB1/3pN3/qP1P4/b1P1B2P/P2N1PP1/RQR3K1 b - - 0 17,a3c1 g6c2 a4a3 b1c1 a3c1 a1c1,2202,75,93,1660,advantage intermezzo long master middlegame
ud2jf,r2q2k1/1pp1Rpp1/1pp4p/3b1P2/7Q/3B3P/PPP3P1/6K1 b - - 2 20,a8a2 f5f6 a2a1 g1f2,2213,76,89,444,advantage defensiveMove endgame short
Qgtbk,3r3k/1p5p/p4rpP/3p4/4p3/1PN2P1q/1PP1Q3/R2R2K1 w - - 0 27,d1d5 d8d5 c3d5 f6f3 e2h2 h3g4 h2g2 f3g3,2275,75,95,690,advantage exposedKing middlegame pin veryLong
vOlqo,r1b2rk1/Bp2pp1p/6p1/3Bb3/8/8/P1P2PPP/1R3RK1 w - - 1 18,a7c5 a8a5 c5e7 a5d5 e7f8 g8f8,2212,79,87,728,advantage long middlegame
O3oUC,4r1k1/pp3p2/2q1n1p1/2p1Q3/2Pp4/P2B3P/1P3PP1/4R1K1 w - - 5 24,e5f6 e6f8 e1e8 c6f6,2202,72,93,8186,crushing discoveredAttack endgame quietMove short
9bG9t,6k1/5Rn1/p5r1/1p2P2p/5ppK/1P6/PB4PP/8 w - - 1 36,f7f6 g6f6 e5f6 g7f5 h4g5 f4f3 g2f3 g4f3 g5f5 f3f2,2216,77,94,5454,advancedPawn crushing endgame sacrifice veryLong
7kNqu,6k1/5pp1/p1n3p1/2r3P1/1pqpQ3/P4N1P/1P3P2/4R1K1 b - - 0 38,b4a3 e4e8 g8h7 e1e4 d4d3 e4c4,2250,75,91,856,advantage clearance endgame long
8hhRU,8/3Q3p/p7/4p1k1/1P3q2/K2p4/P5P1/8 b - - 1 49,f4d4 d7d4 e5d4 a3b2 d3d2 b2c2,2231,75,92,1961,crushing endgame long queenEndgame
UGFS3,1k1r4/p5r1/1p1N1pp1/1P1Pp1q1/4P1B1/Q6P/5RK1/8 b - - 0 41,f6f5 e4f5 g6f5 d6f5,2222,75,89,379,advantage middlegame short
JEjcW,7r/pp2p1k1/3p1p2/3P3r/3q1RQ1/8/P4RP1/6K1 b - - 0 33,g7f7 g4h5 h8h5 f4d4,2267,79,93,9656,advantage endgame short
Svs3U,3r2k1/p2q2b1/bpp4p/2p3p1/2P1Q3/2NP1N1P/PP4P1/4R1K1 b - - 5 24,d7d3 e4e6 g8h7 e1d1 d3d1 c3d1,2227,79,90,1859,crushing long middlegame
bvMaT,1b4k1/1b4p1/p1qp3p/1p6/1P3P2/P5QP/2P3P1/4R2K b - - 0 31,b8a7 e1e7 a7d4 g3g6 c6g2 g6g2 b7g2 h1g2,2291,76,97,810,advantage endgame veryLong
8Mz0n,8/8/3p2k1/2nPp3/1p2P1K1/1B6/P7/8 w - - 8 49,g4f3 c5b3 a2b3 g6h5 f3g3 h5g5,2252,77,95,1898,crushing defensiveMove endgame long zugzwang
CmGcD,8/3PK3/p6R/1p6/1P4k1/P2r4/6p1/8 b - - 2 53,g4f5 h6f6 f5g5 f6f8 g5h6 f8g8,2209,75,91,2862,crushing endgame long quietMove rookEndgame
F7Vdo,2Q5/RbkrN3/8/3p4/3q4/1p1n3P/6P1/7K b - - 1 46,c7d6 e7f5 d6e5 c8h8 e5f5 h8d4,2290,79,94,3431,crushing deflection fork long middlegame skewer
KhWMW,3rkb1r/pp2npp1/3n3p/3p1N1P/1q1P1Q2/1P6/P2B1PP1/R3R1K1 b k - 2 21,b4b6 d2a5 b6a5 f5d6 d8d6 f4d6,2234,75,92,4515,advantage deflection long middlegame
GJKGi,2k4r/ppq1bp1r/2pp1P2/8/3P1pp1/1BP2P2/PPQ3P1/R3R1K1 b - - 0 22,g4g3 c2h7 h8h7 f6e7,2236,76,94,903,advancedPawn crushing middlegame short
q101U,6k1/p3qp1p/6pP/3RP3/P3R1Q1/8/2r2PP1/1r4K1 w - - 1 33,d5d1 f7f5 d1b1 f5g4,2268,79,91,3328,advantage endgame fork master short
uWnej,4rrk1/pp6/3p4/2pP1p2/8/2N2B1p/PP3q1P/R2Q1N1K w - - 2 27,d1d3 c5c4 d3d2 f2f3,2212,75,100,592,advantage middlegame short
kCceq,r7/p4rk1/1p1RQ1pp/2p1P3/4b3/1PP1qN2/1P4PP/4R2K b - - 4 27,f7f3 e6f6 f3f6 e5f6 g7f7 e1e3,2266,74,93,4718,crushing long middlegame sacrifice
r19C7,8/4KR2/r3P3/5Pkp/6p1/6P1/8/8 w - - 0 61,f7g7 g5f5 g7f7 f5e5,2269,78,100,384,advantage endgame rookEndgame short
9Wmq8,2k5/ppp2pp1/4b2p/8/6PP/1PPR3B/PKP5/2B3q1 b - - 5 28,e6g4 c1e3 g1g3 e3g5 g3d3 h3g4 d3d7 g4d7,2215,76,93,1733,advantage endgame sacrifice veryLong
SyOPs,8/8/6N1/5P1p/pr6/2p1k2P/6P1/3R2K1 w - - 2 49,f5f6 c3c2 d1e1 e3d2 f6f7 b4b8 g1f2 c2c1q e1c1 d2c1 f7f8r b8f8,2242,78,93,5269,advancedPawn crushing defensiveMove endgame promotion quietMove veryLong
gD7uC,r1b2b1r/ppp4p/2n2p2/3RnNpk/4P3/1P6/P1PBN2P/2K3R1 b - - 1 24,e5f3 e2f4 g5f4 f5g7 h5h6 d5h5,2232,73,94,10872,discoveredCheck doubleCheck long mate mateIn3 middlegame sacrifice
Z6rzM,6k1/6p1/p1RQp2p/1p2P3/1P6/q7/3R1r1P/2K5 w - - 0 36,c1d1 f2f1 d1e2 a3f3,2201,77,97,2465,endgame mate mateIn2 short triangleMate
4PbkZ,2r1k2r/pp2ppbp/3p2p1/3N4/4n3/4B2P/PqP2PP1/1R1Q1RK1 b k - 1 16,b2c2 b1c1 c2c1 e3c1,2276,80,93,7592,advantage middlegame short
XOGfp,r7/p3p2k/2ppq1p1/6QN/1p1P2b1/3B4/PPP2r2/2K4R b - - 1 24,f2h2 h5f6 e6f6 h1h2 h7g7 g5g4,2206,80,86,413,advantage long middlegame
shHpp,6k1/1R3pp1/2p4p/8/P2r4/4QPqP/1P1r2P1/6RK w - - 3 31,a4a5 d2g2 g1g2 d4d1 e3g1 g3h3,2234,76,87,423,crushing endgame long pin sacrifice
XW6sQ,5r2/8/4k2N/7P/5PK1/8/8/8 b - - 0 55,f8f6 g4g5 f6f8 f4f5,2243,79,87,850,crushing endgame short
E53WE,4r1k1/1p3b1p/pq5P/8/5Q2/2P2Pp1/PP2N1P1/3R2K1 w - - 1 36,f4d4 e8d8 e2g3 d8d4,2210,76,89,333,advantage endgame short
CHe6j,r4rk1/pp2Rppp/8/1B1p2q1/P5n1/1P6/5PPP/R2Q2K1 w - - 1 20,e7b7 g5f4 d1g4 f4g4,2201,77,90,870,crushing middlegame short
W0DUt,r1b5/1pRp1k1p/2nP1p2/p4N2/8/b7/P4PPP/4R1K1 b - - 1 23,a3c5 f5e7 c5d6 c7c8 a8c8 e7c8,2282,75,93,7951,advantage long middlegame
lROhv,1kr5/p2p1ppp/1prpp3/8/3QPP1P/2N2R2/1qPK4/3R4 b - - 1 26,c6c4 d4d6 b8b7 d1b1 b2c3 f3c3,2203,75,93,7446,advantage long middlegame trappedPiece
fMweT,4r1k1/pb3pp1/1p6/2q2NQp/7P/2r2P2/P5P1/1B1R3K b - - 1 30,c5e5 f5e7 e5e7 g5e7,2253,78,90,330,crushing middlegame short
uT9sP,4n3/3k3p/2p3p1/1p2B3/1P1K2P1/P6P/8/8 b - - 0 40,e8d6 e5d6 d7d6 g4g5 d6d7 d4e5,2294,78,92,2178,crushing defensiveMove endgame long master quietMove zugzwang
EYiGq,r1q2r2/2p2k2/p2pnN1Q/1p2p1p1/4P1P1/2PP3P/PP3P2/R3K2R w KQ - 1 24,f6d5 c8d8 h6h5 f7g7 h3h4 f8h8,2299,77,91,2258,advantage long middlegame quietMove
wNumQ,8/8/4k3/1p4P1/p4K2/N7/8/1b6 b - - 1 44,b5b4 a3b1 a4a3 b1d2 a3a2 d2b3 e6d5 g5g6 d5c4 b3a1 c4c3 g6g7,2232,78,93,1597,advancedPawn crushing endgame hangingPiece quietMove veryLong
pt9Dw,2r3k1/1q3ppp/3R1n2/pp6/3Pp3/PP2P3/1BQN1P2/5K2 w - - 1 36,c2b1 f6e8 d6h6 g7h6,2251,76,92,8111,advantage middlegame short trappedPiece
gOnur,3r2k1/p4p1p/6p1/8/3bQp2/B4PqP/PPPr2P1/R5RK w - - 3 28,a3b4 d4g1 a1g1 d2g2 g1g2 d8d1,2223,77,94,606,crushing kingsideAttack long middlegame sacrifice
apevy,6k1/p4pp1/1p1N3p/2pP3n/2P2PQ1/8/P2qr1PP/5RK1 b - - 6 29,h5f4 g4f4 e2g2 g1h1 d2f4 f1f4,2230,77,81,310,advantage endgame long
AeKAc,r5k1/8/1qpBpQp1/p3P1Pp/1p5P/8/PPP5/K2n4 b - - 3 34,b6b7 d6e7 b7e7 f6e7,2271,75,93,3117,crushing endgame short
mgz58,r3r1k1/1pp3p1/1bn4p/p6Q/3p4/1P4q1/PBPP4/1NK2R1R b - - 0 24,e8e5 h5f7 g8h8 h1g1 g3g1 f1g1,2289,76,92,1476,advantage long middlegame
hvXMS,8/2k4p/P2p2p1/1K1P4/1R6/6P1/1r5P/8 b - - 8 46,b2b4 b5b4 c7b6 a6a7 b6a7 b4a5,2265,76,86,394,advancedPawn crushing defensiveMove endgame long master zugzwang
op6Jt,8/8/p2p2k1/Pp1Pp1pp/1P2K3/5PPP/8/8 b - - 0 43,g5g4 h3g4 h5g4 f3f4 g6f6 f4e5 d6e5 d5d6 f6e6 d6d7 e6d7 e4e5,2284,78,93,11219,advancedPawn crushing deflection endgame master pawnEndgame veryLong
1eJXu,8/p4k1R/P2p4/2pKb3/2PpPp2/3N1Pr1/8/8 b - - 3 54,f7g6 h7a7 g3f3 d3e5 d6e5 d5e5,2253,79,87,709,advantage endgame exposedKing long
eRWUe,8/2p2pk1/7p/8/8/5N1p/PK6/8 b - - 1 42,g7g6 a2a4 g6f5 a4a5 f5e4 a5a6,2270,78,93,3162,crushing endgame knightEndgame long quietMove
i6ZmE,6r1/2R2p2/p2kpp2/1p5Q/3P1Pr1/q3P1P1/P6P/3R2K1 w - - 3 30,d1c1 a3e3 g1f1 g4f4 f1g2 f4f2 g2h3 f2h2 h3h2 e3g3 h2h1 g3g2,2264,80,98,1431,attraction endgame mate mateIn5 veryLong
juNzk,8/1p1n2kn/p2p2p1/2pPp2p/P1PbP1PQ/2NB1q1P/1P1B3K/8 b - - 3 27,f3d3 h4e7 g7g8 d2h6 d3c2 h2h1 c2c1 h6c1,2209,77,97,943,crushing fork middlegame quietMove veryLong
0h07U,5rk1/ppq3pp/8/2p4n/3pP3/1P1P4/PBPNQ2K/5R2 w - - 1 22,h2g1 c7g3 e2g2 g3e3 g1h2 h5f4 g2f3 e3d2,2213,80,91,768,advantage exposedKing kingsideAttack middlegame veryLong
ulqJm,1r1b4/k5pp/Pp1p4/3q1p2/2r2P2/1R2B3/5QPP/1R4K1 w - - 0 29,e3b6 b8b6 b3b6 c4c1 b1c1 d8b6 f2b6 a7b6,2213,75,94,7422,crushing middlegame pin sacrifice veryLong
rhcDh,8/2P5/5kp1/3B2p1/3N4/4P3/p3KP2/1r6 b - - 0 40,a2a1q c7c8q b1b2 d4c2,2211,79,90,826,advancedPawn advantage defensiveMove endgame master promotion short
Or1uH,3r2k1/2Q3pp/5p2/8/1p6/1qPn3P/5PPB/2R3K1 b - - 5 34,d8e8 c7d7 b3e6 d7d3 e6e1 d3f1,2268,77,92,8206,advantage endgame fork long
LFnyL,6k1/1b2r1p1/p2R3p/3p3B/8/7P/P1r3P1/5R1K b - - 2 27,d5d4 f1f8 g8f8 d6d8 e7e8 d8e8,2283,80,96,1826,attraction endgame long mate mateIn3 operaMate sacrifice
hSg8X,r2q1rk1/1p2bp1p/p5pQ/n7/5B2/P4N2/RP3PPP/4R1K1 b - - 1 18,e7f6 f4e5 f6e5 f3g5 d8g5 h6g5,2249,76,92,1305,advantage long middlegame sacrifice
XN5x3,3r4/6pk/7p/pP6/PbR3PP/1P6/8/1K6 b - - 5 43,d8d2 c4b4 a5b4 b5b6 d2d8 a4a5 d8b8 b1c2,2202,74,92,5778,crushing defensiveMove endgame quietMove sacrifice veryLong
sakwb,1k5r/pp6/5p2/2b4p/5q2/1QN5/PP4B1/2R1RK2 w - - 0 31,f1e2 f4e3 e2d1 e3d3,2239,77,95,1675,epauletteMate mate mateIn2 middlegame short
bq9XA,8/3n4/K1N4p/1Pk2P2/7P/8/8/8 w - - 1 42,b5b6 c5c6 b6b7 d7c5 a6a7 c5b7,2284,76,95,1188,crushing endgame hangingPiece knightEndgame long
VFINh,4r2r/pk2q3/3R4/1p2P2n/6p1/nP4B1/P3QPPN/5RK1 w - - 1 30,e5e6 h5g3 e2e5 g3e2 e5e2 e7d6,2210,77,91,2735,crushing deflection long middlegame
XZMaX,8/4kp2/4p1pp/p3P3/1N1n1P2/1P4P1/3K3P/8 w - - 0 38,d2c3 d4b5 c3c4 b5a3 c4c5 a5b4,2206,78,92,10846,advantage endgame knightEndgame long
Okbdy,8/p3k3/8/4P2P/PP1ppp2/1P6/5K2/8 w - - 0 35,b4b5 d4d3 h5h6 e4e3 f2g2 d3d2,2255,75,91,1550,advancedPawn crushing endgame exposedKing long pawnEndgame
3qm32,8/k7/P1P3p1/5p1p/5K2/7P/8/8 b - - 0 53,a7a6 f4e5 f5f4 e5d6 f4f3 c6c7 a6b7 d6d7 f3f2 c7c8q,2285,77,87,357,advancedPawn crushing endgame pawnEndgame promotion veryLong
eEtnl,8/3r4/PR6/5p2/1PK4p/4kPpP/6P1/8 w - - 9 62,a6a7 d7a7 b6d6 a7a2,2234,80,89,1089,crushing endgame rookEndgame short
5nBL1,8/4BK2/4p1p1/p4bP1/2p1kP2/P1P5/8/8 w - - 3 41,e7d6 e4d3 d6c7 d3c3 c7a5 c3b3 a5d2 b3a3,2237,75,93,1279,bishopEndgame crushing endgame master veryLong
0FTWk,8/5Qpk/5p2/5q1p/3p4/1P4P1/P4PKP/8 w - - 0 39,a2a4 d4d3 f7c4 d3d2 c4e2 f5d5,2297,78,94,2680,advancedPawn crushing endgame long queenEndgame
CTUqF,8/7p/1K1k1pp1/2p5/bpPpPP1P/3B4/P5P1/8 b - - 0 30,h7h5 e4e5 f6e5 f4e5 d6e5 b6c5,2262,77,93,3159,bishopEndgame crushing endgame long
nzcmT,8/6pk/1R6/P4n2/1P5p/2N5/4KP2/r7 w - - 0 47,e2f3 h4h3 f3g4 h3h2,2219,79,89,918,advancedPawn crushing endgame short
YGC4J,2r2r1k/pR2QBpp/2p4q/3n4/8/7P/PPP3P1/5R1K w - - 3 24,e7d7 c8d8 d7d8 f8d8 f7d5 c6d5,2225,77,92,5459,advantage long middlegame
F12Pa,2k1r3/1pq2ppp/p5b1/3r4/1P1BP1P1/7P/1PP1QP2/R3K2R w KQ - 0 19,c2c3 d5d4 c3d4 e8e4 e2e4 g6e4,2297,75,92,3094,crushing long middlegame pin
vt6GL,r4rk1/1R4pp/2p1pb2/p3q3/2P5/P3B1P1/4Q1PP/3R2K1 b - - 0 30,f6g5 e3d4 e5e2 b7g7 g8h8 g7g5 e6e5 d4e5 e2e5 g5e5,2232,75,86,334,advantage discoveredAttack discoveredCheck fork middlegame sacrifice veryLong
J9DV4,r5k1/2pnQ1pp/p1b5/5q2/4NP2/3P4/PP1BR3/2K5 b - - 8 24,d7b6 e2g2 f5f7 e4f6 f7f6 e7f6,2237,76,92,8334,advantage long middlegame pin
LL2bb,Q7/3r1ppk/4bn1p/1p2N3/4nB2/5N1P/Pq3PP1/2R3K1 w - - 6 28,c1c8 d7d1 g1h2 e6c8,2208,76,91,3169,crushing discoveredAttack middlegame short
dcaPr,r3r1k1/pp3p2/2p3pB/4P3/3Q4/PB2p2P/1PP2qPK/8 b - - 5 29,f2f5 e5e6 f7f6 d4d7,2245,76,92,6695,advantage endgame short
T7C2W,4r1k1/1b3p1p/p4Pp1/1p6/7Q/P1p3R1/5qP1/6RK b - - 4 32,e8e3 h4h6 b7g2 g3g2 f2f6 h6e3,2223,80,93,3623,crushing endgame long
v3Ynx,1r4k1/p1pR1ppp/2Q1p3/2b1P3/1qP5/8/P1K1B1PP/RN6 w - - 1 21,d7d3 b4b2 c2d1 b2a1 d3b3 b8b3 c6a8 c5f8 a2b3 a1b1,2230,78,88,397,advantage fork middlegame pin veryLong
auaLI,8/8/4p1kp/p2pP3/P1pP2K1/2P5/6P1/8 b - - 0 40,g6f7 g4h5 f7g7 g2g3 g7h7 g3g4 h7g7 g4g5 h6g5 h5g5,2214,75,94,1235,crushing endgame pawnEndgame quietMove veryLong zugzwang
F1H66,8/1p3pkp/p4p2/3p4/3N2P1/P1P1rP1P/1P3K2/8 b - - 2 34,e3d3 d4f5 g7f8 f2e2 d3c3 b2c3,2266,79,90,949,advantage endgame long trappedPiece
7WaOP,5k2/pp4p1/2pP4/5PQ1/6r1/4r1Pq/PPR4P/5RK1 w - - 10 36,d6d7 e3g3 h2g3 h3g3 g1h1 g3h3 c2h2 h3f1,2238,75,94,10862,endgame fork mate mateIn4 sacrifice veryLong
cXyoy,1nr2r1k/6p1/2b3Pp/p2RNp1P/1pB5/1P2P3/P4P2/1K5R w - - 2 30,d5c5 c6e4 b1a1 c8c5 e5f7 f8f7 g6f7 c5c8,2249,76,94,2775,advantage discoveredAttack fork middlegame veryLong
7TXjg,k5r1/pq6/1pn5/7p/4QB1P/4Pr2/P7/1R1R2K1 w - - 2 33,g1h2 f3f2 h2h1 b7c8 d1d8 g8d8,2208,75,93,635,crushing long middlegame quietMove
RlFAD,8/8/1b3p2/6pk/8/6PN/1r3PK1/5R2 w - - 9 57,h3g1 g5g4 f1e1 b2f2,2265,78,90,1707,crushing endgame quietMove short
l5TYO,r5k1/6pp/p1p1br2/1p6/1PnPB3/P1N3P1/4R2P/4R1K1 b - - 0 27,e6f5 c3d5 f5e4 d5f6 g7f6 e2e4,2213,76,90,1598,crushing kingsideAttack long middlegame
i7GJV,8/p7/6pp/p2kpp2/5PPP/N4K2/8/8 w - - 0 60,h4h5 f5g4 f3g4 g6h5 g4h5 e5f4,2265,76,94,5733,attraction crushing endgame knightEndgame long
qvbhV,3rr1k1/R4ppp/3b4/p4q2/8/PQN3PP/1P3P2/5RK1 w - - 1 29,g1g2 d6g3 a7f7 f5f7 b3f7 g8f7,2262,77,92,2617,crushing long middlegame
kHZti,r5k1/p3R2p/2p2P2/6K1/1PP5/3n3P/8/8 b - - 4 38,d3b4 e7g7 g8h8 g5h6 a8d8 g7h7,2202,79,89,382,crushing endgame long
F810e,4rrk1/pp2qp1p/3p4/2p5/2B1b1R1/2P4R/PP1Q2PP/6K1 b - - 2 24,e4g6 g4g6 h7g6 d2h6,2241,75,100,367,crushing kingsideAttack middlegame pin sacrifice short
dTYUi,5Q1k/p1p5/6q1/2p2N2/5bp1/7P/P7/6K1 b - - 3 36,g6g8 f8f6 h8h7 f6h4 h7g6 f5e7 g6f7 e7g8,2231,77,93,1809,crushing endgame exposedKing fork veryLong
6Wtd0,rn2r3/5p1k/2p1qp1p/4P2Q/8/5P1P/PP3P2/3RR2K b - - 0 27,f6e5 d1d6 e6g6 d6g6,2327,78,95,1193,advantage middlegame short
mDqtH,4r3/5pkp/3Rn3/4PQp1/2p5/5PP1/4q1KP/3R4 w - - 1 37,g2h3 e6f4 h3g4 h7h5 g4g5 e8e5,2387,78,92,1275,crushing endgame long pin
lKqKJ,2Q5/p4ppk/4p3/4n3/4q3/4P3/5K2/3RB3 w - - 0 38,d1d4 e5g4 f2e2 e4e3 e2d1 e3d4,2361,78,92,1399,crushing endgame fork long master
UiYv9,4Qb1k/6p1/2p4p/8/pp6/4R2P/2q2PK1/8 b - - 1 42,c2f5 e3f3 f5d5 e8f8 h8h7 f8b4,2364,76,91,2669,crushing endgame long
5P5vx,4r3/pp3rkp/2p2R2/2P5/1P1Qp1q1/4P3/PB3P2/5K2 b - - 1 29,g4h3 f1e1 h3h1 e1d2 h1g2 f6e6 g7f8 d4h8,2315,77,90,349,crushing defensiveMove discoveredAttack discoveredCheck endgame veryLong
eHVKk,3r2k1/pq3pp1/1p2p2p/2b5/5B2/2P3P1/PP2QPbP/R3R1K1 w - - 3 24,a1d1 d8d1 e1d1 g2h3 e2f1 h3f1,2318,74,93,3480,crushing long middlegame quietMove
DZtXQ,8/1pk3pq/p2r4/8/2P5/4PPQ1/r7/1R2R1K1 b - - 0 42,h7c2 c4c5 c2g2 g3g2 a2g2 g1g2,2339,76,95,867,crushing endgame long
W9KBH,5r1k/1pp1b1pp/8/3P4/Kp2P3/P4rPB/7P/3R3R w - - 0 26,a3b4 c7c6 d5c6 b7c6,2303,77,91,619,crushing endgame short
ybluS,1r6/p3kp2/1p1qpb1r/3p3P/3P1P2/P3P3/1PRQKP2/2R5 b - - 2 29,b8b7 c2c6 d6d7 d2b4 e7e8 c6d6,2390,80,92,5927,advantage long middlegame
NAzZA,3r2k1/1Q3p1p/p4qp1/2p5/P4P2/1P2PR1P/3r2P1/1R4K1 w - - 1 22,e3e4 d2d7 b7d7 d8d7,2361,77,91,3023,crushing endgame short trappedPiece
6fIGQ,4r2k/pp1Q3p/4bpqP/3p4/3P4/2P1p3/PP2B1P1/R5K1 w - - 5 28,d7b7 e8g8 e2f3 g6g3,2326,78,100,306,advantage endgame quietMove short
hdVXo,QRb4r/p1qn1pk1/7p/4pPp1/4P3/2N5/PP4PP/3R2K1 w - - 5 26,c3d5 c7b8 a8b8 d7b8,2323,78,87,496,advantage middlegame short
RVcYL,rk4nr/2q1p2p/1p2Ppp1/2N5/b1P5/Q7/P4PPP/1R4K1 b - - 4 25,a4c2 c5d7 b8b7 a3f3,2357,78,90,607,advantage middlegame short
yA7qz,5r2/8/1p2kP2/p1p4p/4R2P/2P5/P4P2/2K5 b - - 1 35,e6f6 e4f4 f6g7 f4f8 g7f8 c3c4,2325,76,89,502,crushing defensiveMove endgame long rookEndgame
6n8Pu,6rk/p1p2Qpp/1pqp4/1bb5/1P3P2/2B3P1/1PP4P/1K2R3 b - - 0 26,c5f2 e1e7 c6h1 b1a2 b5c4 f7c4,2319,76,95,1246,crushing defensiveMove long middlegame
E1Haz,4Q3/7K/pp6/5q2/1P3P2/P5k1/8/8 w - - 3 61,e8g6 g3f4 h7g7 f5g6,2366,77,91,1299,crushing endgame pin queenEndgame short
CItC1,4k2r/p4p2/7p/qp2p3/N3PnQ1/1P6/P4P2/3R1K2 b k - 5 25,b5a4 g4c8 e8e7 d1d7 e7f6 c8h8,2309,76,92,1273,crushing endgame long
2VV4E,r1bq1rk1/1ppn1pp1/p2b3p/3Np1N1/2B1P3/6P1/PPPQ1PP1/2KR3R b - - 3 13,d8g5 d2g5 h6g5 h1h2 d7f6 d1h1,2353,77,97,744,clearance crushing defensiveMove long middlegame quietMove
awCWL,R7/8/P5pk/6r1/5p2/8/1KP5/8 b - - 0 49,f4f3 a8h8 h6g7 a6a7 g5b5 b2c3 g7h8 a7a8q,2318,78,91,1578,advancedPawn crushing endgame promotion rookEndgame veryLong
fUaNS,8/R2r3p/1Prnk1p1/5p2/2pBpP2/4P3/4KP1P/3R4 b - - 5 38,d6b5 b6b7 d7b7 a7b7,2347,77,93,1726,advancedPawn advantage endgame master short
aqBGt,r1k3r1/p1p1R2Q/2p4p/2P2p2/6qP/2bp2P1/P4P2/R5K1 b - - 2 23,g8g7 h7h8 c8b7 a1b1 c3b4 h8g7,2311,75,100,311,crushing deflection long middlegame pin
q1liE,1r2r1kb/1q2p2p/p1bp2pB/2p1np2/2P1NP2/1PP3P1/P3Q1BP/1R2R1K1 b - - 0 21,e5g4 e4c5 b7c8 g2c6,2337,75,91,2229,advantage discoveredAttack middlegame short
m2Pk7,4r1k1/5ppp/3b3q/8/1NQ5/2PP1B2/1P4PP/R6K w - - 0 25,g2g3 d6g3 h2h4 h6d2 c4f7 g8f7,2318,77,91,537,crushing long middlegame pin
7BxL5,8/8/3k4/pKpPp1p1/P3Pp2/b4P2/5B2/8 w - - 6 58,b5a5 c5c4 f2e1 g5g4 f3g4 f4f3,2361,77,83,510,bishopEndgame crushing endgame long master quietMove
Fb2NI,8/2p3R1/2k2r1p/pp3P2/6P1/7P/2K5/8 b - - 0 41,h6h5 g7g6 f6d6 g4h5 c6d5 g6d6 d5d6 h5h6 d6e5 h6h7,2329,75,96,833,advancedPawn crushing endgame rookEndgame veryLong
oIH1K,r3r2k/1b1n1ppp/pp1R1n2/8/2P2P2/P2B4/1BPK1P1P/6R1 b - - 2 21,e8e6 d6d7 f6d7 g1g7 d7f6 g7f7,2307,79,87,716,advantage long middlegame
eJEPN,r4rk1/1p2bppp/pq1pb3/8/2PnPN2/2NB4/PP4PP/R2Q1R1K b - - 2 16,e7f6 f4d5 e6d5 c3d5,2306,80,85,323,advantage middlegame short
YARYo,r2qb1rk/2p2p1p/p3pPpQ/4N1P1/1p1P3P/P2B4/1P3P2/n3K2R b K - 0 25,d8d4 h4h5 d4e5 e1f1 e5f5 d3f5,2340,80,100,419,advantage defensiveMove long middlegame sacrifice
GT4ic,5bk1/5p1p/q3p1p1/rp1p4/R2P4/1RP4P/1Q1B1PP1/6K1 b - - 0 27,b5a4 b3b8 a5b5 b2b5 a6b5 b8b5,2358,79,92,2977,crushing endgame long
VnvDi,r3k2N/ppp3p1/2n4p/2b5/2B1p3/2P4b/PP1P1qP1/RNBQ3K w q - 0 13,d1h5 e8d8 h8f7 d8e7 h5c5 f2c5,2342,78,84,488,crushing defensiveMove long middlegame
OypxB,r1r2k2/2bb1p2/4p1p1/1pP3Pp/7P/1BB5/PKP5/4RR2 b - - 3 28,f8g8 c5c6 b5b4 c3d4 a8a6 c6d7,2379,76,94,800,advancedPawn advantage long master middlegame quietMove
qh3pd,R1b1r1k1/2Q2pbp/3B2p1/2pB1q2/8/2r3P1/5P1P/5RK1 b - - 0 27,f5d5 a8c8 d5e6 c8e8 e6e8 f1b1 g7f8 d6f8,2353,80,91,977,advantage master middlegame quietMove veryLong
tmX34,r3r1k1/p2n3p/bp1Bp1p1/3pPpQP/P7/1q3PP1/2p2R2/4R1K1 b - - 0 29,g8f7 h5g6 h7g6 f2h2 b3e3 g5e3,2356,76,93,1581,crushing long middlegame
QO2M7,8/8/1p3p1p/p2k4/PP3KP1/2P4P/8/8 w - - 1 43,f4f5 b6b5 a4b5 a5a4 c3c4 d5d6 f5e4 a4a3,2325,77,95,918,crushing defensiveMove endgame pawnEndgame quietMove veryLong
EMwMX,5k2/2p4p/1p3n2/1P1Pp3/2P3B1/7P/8/6K1 w - - 2 41,g1f2 f6g4 h3g4 f8e7 f2e3 e7d6 e3e4 d6c5,2370,77,82,368,crushing endgame veryLong
TWgkN,Q6R/2p1qkp1/p3p3/5r2/3p1B2/1KPbP3/PP1N1n2/R7 w - - 0 26,a1g1 f5b5 b3a4 d3c2 d2b3 c2b3 a2b3 b5a5 a4a5 e7c5 a5a4 c5b5 a4a3 b5a5,2325,78,91,2120,attraction mate mateIn5 middlegame sacrifice veryLong
lIly9,1k5r/pp3p2/8/5Q1n/8/2P3qP/PP6/R4B1K w - - 3 39,a1d1 h8g8 f5g4 g8g4,2372,78,86,303,crushing endgame quietMove short
5hHeG,4k3/5p2/1p3Pp1/4P3/p1p1N1P1/2P4P/1b1B1K2/3b4 b - - 1 44,a4a3 e5e6 f7e6 e4d6 e8d7 f6f7,2339,75,91,2424,advancedPawn crushing endgame long
6q3MY,4r2k/ppp2p1p/5nq1/2NP1p2/3P1b2/5N2/PPP1Q1B1/5K1R w - - 6 27,e2f2 f6g4 f3h4 g6g5,2310,75,91,1274,crushing middlegame short
DezW3,r1bq1rk1/pp3pb1/2n4B/2ppp2Q/7N/3P2P1/PPP4P/R4RK1 b - - 3 15,d8d6 h6g7 g8g7 h5g5 g7h7 f1f6 d6f6 g5f6,2306,77,92,6993,attraction crushing kingsideAttack middlegame veryLong
c5NMk,8/8/p1k5/P1p5/1p1pK3/1P1P4/2P5/8 b - - 7 60,c6b5 e4d5 b5a5 d5c6 c5c4 b3c4,2316,76,92,3936,crushing endgame long pawnEndgame zugzwang
q08rc,K7/P1R3p1/6k1/6p1/5p2/5P2/1r4P1/8 b - - 21 52,b2g2 c7c6 g6h5 a8b7 g2b2 c6b6,2361,76,95,1720,crushing endgame long master rookEndgame
wUkSB,8/8/p2p4/4r1k1/2pR4/P1P1K3/1P6/8 w - - 8 45,d4e4 g5f5 e4e5 d6e5,2311,78,84,717,crushing endgame pin rookEndgame short
hz3UL,5Q2/7p/1p4pk/pP2P3/8/P2Pq1pP/2r3B1/7K b - - 4 40,h6h5 g2f3 h5h4 f8e7 e3g5 e7h7,2306,77,90,588,crushing endgame long master
IUVtI,2r4r/pp1q3k/1n2pR2/3pP2p/3Q3P/1P2P3/5P2/R3K3 b Q - 0 26,d7e8 d4f4 c8c7 f4h6,2300,76,100,331,crushing middlegame quietMove short
mKetp,r6r/p2b2p1/2nP1p2/2N2p1p/5B1P/kR6/2PK1PP1/8 b - - 1 27,a3a2 c5a4 a8b8 a4c3 a2a1 b3a3 a1b2 a3a2,2375,79,95,1895,mate mateIn4 middlegame quietMove veryLong
7Fl84,r6k/pB4b1/7p/3ppr2/1P3p1q/2PP1P1b/3BQP1P/R3R2K w - - 5 23,b7a8 h3g2 h1g2 f5g5 g2h1 g5h5 d2f4 h4f4,2391,79,91,1623,attraction crushing kingsideAttack middlegame quietMove sacrifice veryLong
NdfxC,8/1k4p1/5p2/4p2p/2K1P2P/5P2/5P2/8 w - - 0 33,c4d5 g7g5 h4g5 f6g5 f3f4 e5f4,2335,76,84,325,crushing endgame long pawnEndgame
AVvWF,3rr1k1/1p2p2p/p4p1Q/5bN1/2P5/1P4RP/5PPK/q7 b - - 1 27,f5g6 g5h7 g8f7 h6g6 f7e6 h7g5,2358,76,89,521,advantage long middlegame pin
8lptu,4r1k1/5ppp/8/p2R4/2B1rQbq/PP5P/5PP1/R5K1 w - - 1 30,f4f7 g8f7 d5h5 g4e6 h5h4 e4h4,2361,79,91,1905,advantage hangingPiece long middlegame
IghvK,5r1k/1R4b1/3p3p/3Bp2q/2P3p1/3PPpP1/3QnP1P/5R1K w - - 1 28,h2h4 g7f6 b7f7 f8f7 d5f7 h5f7,2317,76,92,2635,advantage long middlegame
oAe2w,r4r2/pp2pp1k/8/1P3p2/2BNp3/2P1q2p/P1Q5/6RK b - - 3 28,e7e5 c2d1 e5d4 d1h5 e3h6 h5f5,2348,77,92,1055,advantage exposedKing long middlegame quietMove sacrifice
8HoNr,1k5r/1pp2pp1/p3q3/3p2Q1/1R1Nn1p1/2P1P1N1/PP3KPr/3R4 w - - 11 28,g3e4 h2g2 f2f1 h8h1 f1g2 e6e4 g2g3 h1h3 g3f2 h3h2,2314,76,91,720,crushing middlegame veryLong
Ieqrs,8/8/5k2/7p/5P2/1rpK4/2R5/8 w - - 0 51,c2c3 b3c3 d3c3 h5h4,2338,78,98,1473,crushing defensiveMove endgame master rookEndgame short
0GqjX,8/4n1p1/p1k2pN1/b1p2P2/1pPpK3/1P1P3P/3B4/8 b - - 1 42,e7g6 f5g6 c6d6 d2h6 d6e6 h6g7,2337,75,92,3129,crushing endgame long
LQopu,1r6/4pp1R/3p1kp1/1r4P1/p1n1P3/P7/QPP1q3/1KB4R b - - 0 29,f6e5 h7h2 e2e4 h2h4 e4h1 h4h1,2313,78,91,995,advantage long middlegame
1CHgM,8/4Rppk/Q3b2p/3p4/8/4B3/PPq2PPP/6K1 w - - 0 27,g2g3 e6h3 e3d2 c2d1 d2e1 d1f3 a6f1 h3f1,2317,78,91,1055,advantage endgame quietMove veryLong
4y9vw,4r1k1/p3rpp1/Q3b2p/8/1q2N3/2p5/PP2RPPP/3R2K1 w - - 0 24,b2c3 b4c4 e4f6 g7f6 a6c4 e6c4 e2e7 e8e7,2388,78,92,867,advantage middlegame veryLong
FnaGg,3r2k1/p4qp1/3N1p1p/8/6Q1/6PP/2P2PK1/1R6 b - - 0 31,d8d6 b1b8 g8h7 g4f5 g7g6 f5c8,2348,78,91,3510,crushing defensiveMove endgame long
XezXo,3r1rk1/pppq1pbp/3p1Bp1/8/2P5/PP2Pb2/2B1NP1P/RN1Q1RK1 w - - 1 15,f6g7 d7h3 e2f4 h3g4 f4g2 g4g2,2310,80,91,3355,kingsideAttack long mate mateIn3 middlegame
mTlto,1B2k2r/1p2bppq/2p5/4n3/8/1QN5/PP3PPn/R2BR1K1 w k - 1 20,b8e5 h2f3 g1f1 h7d3 c3e2 h8h1,2355,79,93,4321,clearance kingsideAttack long mate mateIn3 middlegame
6cnjw,3r1rk1/p5p1/1p1pR2p/n6Q/5q2/5N1P/P4PP1/4R1K1 b - - 3 32,a5c6 h5d5 c6b4 d5b3 d6d5 e6e4,2307,75,93,4040,crushing long master middlegame pin
tHzE3,8/7k/4p3/4PpQn/1P2qP1K/P7/8/8 w - - 5 49,h4h5 e4e2 h5h4 e2h2,2381,80,91,914,endgame mate mateIn2 queenEndgame short
ZSuU5,8/8/5ppp/8/3kPPPP/8/2K5/8 w - - 1 46,g4g5 f6g5 h4h5 g6h5,2301,79,94,1868,crushing endgame pawnEndgame short
07LC8,6r1/ppp1p2k/3pN1q1/3Pb3/1QP3Pp/5P1P/PP3K2/2R5 w - - 0 30,b4b7 g6d3 b7b3 d3d2 f2f1 d2c1,2321,80,90,531,advantage endgame fork long
tqOW3,3r2k1/1p3ppp/2p5/2P1rP2/Pp2P2q/5K2/6QP/4R1R1 b - - 1 29,d8d3 f3e2 g7g6 e2d3 e5c5 e1c1,2326,77,90,311,advantage endgame long
8xfnY,r4k2/b3rNpp/R7/1p3q2/1P2np2/1BP5/Q4PPP/R5K1 b - - 0 25,a7f2 a2f2 a8a6 a1a6 e4f2 a6a8 e7e8 a8e8 f8e8 f7d6 e8d7 d6f5,2306,77,95,2166,advantage attraction fork middlegame sacrifice veryLong
B7Vv5,4r1k1/pp3ppp/5q2/2pp4/7P/1PP1r1P1/PB2B1K1/R2Q3R w - - 3 25,e2b5 e3g3 g2g3 e8e3 g3g2 f6g6,2332,79,90,904,advantage attraction long middlegame sacrifice
wNbAZ,2kr1b1r/pp1nqppp/8/3PnQ2/2P5/4B1P1/PP2B3/RN2K2R w KQ - 3 15,e3f4 e5f3 e1f2 e7e2 f2e2 f3d4 e2d3 d4f5,2302,77,93,6568,attraction crushing discoveredAttack exposedKing fork opening pin sacrifice veryLong
DVJ12,8/5R2/1p6/p2n1P2/2p5/k4K2/8/8 w - - 0 44,f7d7 c4c3 d7d5 c3c2 d5d3 a3b4,2302,77,90,913,advancedPawn crushing defensiveMove endgame long sacrifice
Dm8L9,r1bq1rk1/ppppnpp1/2n4p/8/2B1PN2/4PN2/PP4PP/R2Q1RK1 b - - 2 11,c6a5 c4f7 f8f7 f4e6 d8e8 e6c7 e8d8 c7a8,2302,79,91,3629,advantage fork opening sacrifice veryLong
Q1Vtm,8/8/p3p3/1p2k1pp/2P5/PP2K1PP/8/8 b - - 0 43,g5g4 h3g4 b5c4 g4h5,2339,79,91,2767,crushing endgame pawnEndgame short
CjGFI,r1b2rk1/pp3p1p/2n2p2/8/3pP3/3Q4/PqPB2PP/2R1KB1R b K - 2 17,c6b4 d3g3 g8h8 g3d6 c8e6 d6b4 b2b4 d2b4,2377,79,92,1723,crushing middlegame veryLong
eNk7X,2r2r1k/4Rp1p/p3p1p1/3p4/1qnP1P1B/5P2/P5QP/6RK b - - 5 27,c4e3 h4f6 h8g8 g2h3 b4e7 f6e7,2327,76,93,1119,advantage long middlegame
kWXJy,5rk1/p5p1/2Q4p/3pN1qn/2PP2P1/8/PP3nB1/3R2K1 b - - 0 25,f2d1 g2d5 g8h8 e5g6 g5g6 c6g6,2363,77,88,524,advantage fork long middlegame
AIb2P,8/6p1/p6p/1p1k1p2/5P2/1P2K1P1/P6P/8 b - - 6 37,g7g5 f4g5 h6g5 h2h4 f5f4 e3f3,2306,77,94,1251,crushing endgame long pawnEndgame
3rf17,3r2k1/p4p1p/1p3qpQ/4p1n1/8/2P2PN1/PP4PP/4R1K1 b - - 2 23,d8d2 g3h5 d2g2 g1h1 g2h2 h1h2 g5f3 h2g3 f6h4 g3f3,2349,76,92,3236,crushing defensiveMove endgame master veryLong
D9weR,1r2r1k1/4bp1p/6pB/8/2p5/2Pn2NP/1P2QPP1/6K1 w - - 3 30,e2e4 e7g5 h6g5 e8e4,2364,76,80,319,advantage discoveredAttack master middlegame short
4fgNw,8/5k2/4p3/4n1K1/p3B2P/6P1/8/8 w - - 0 60,h4h5 e5f3 g5f4 f3d2,2383,76,91,5049,crushing endgame short
hA708,2r3k1/5pp1/3Q3p/pB4qP/P3p1P1/2r1P3/1KbR1P2/6R1 w - - 0 27,g1c1 c2a4 b5a4 c3c1,2347,76,93,602,advantage discoveredAttack master middlegame short
JfUtq,8/p3k3/1p3p2/1Pp1PPp1/2Pp1nK1/P2P4/8/5B2 b - - 0 44,e7f7 e5f6 f7f6 a3a4 f4h5 g4h5,2368,77,91,449,crushing endgame long quietMove zugzwang
KGrdm,4R3/6k1/P3n2p/8/4K3/7P/8/6b1 b - - 4 48,e6c5 e4f5 c5a6 e8e6,2379,77,95,1515,crushing defensiveMove endgame master short
U5vDr,q1r5/5Qpk/3B1b1p/4pb2/2B5/3P1N1P/5rPK/3R2R1 w - - 0 29,d6e5 a8f3 e5g3 f6e5 f7f5 f3f5,2353,76,91,3664,crushing long middlegame pin
YQej4,r2q2k1/p1pp1rpp/bp6/3Bp2Q/2PnP3/3K4/PP1P1bPP/R1B4R b - - 0 12,d8f6 h5f7 f6f7 d5f7 g8f7 h1f1,2306,75,92,5880,advantage kingsideAttack long middlegame pin
y2lBD,8/7k/2Q2rqp/1p1nR3/3P2p1/2P3P1/7P/2B3K1 w - - 0 42,c6c5 g6c2 c5a7 h7g6,2311,78,87,484,crushing defensiveMove endgame master short
lH7yG,6R1/4kp1p/p2pq1p1/1p5n/3Br3/P7/1P2QP1N/6K1 w - - 0 29,e2f3 e4d4 g8e8 e7e8,2309,80,89,464,crushing hangingPiece middlegame short
sTgX6,3r1rk1/ppp3p1/2n1p2p/3qP3/7R/P4N2/1PQ2PPP/R5K1 w - - 0 20,h4h6 f8f3 c2h7 g8f8 g2f3 g7h6,2330,77,92,1069,crushing long middlegame
SW9FO,8/8/P1n5/1K1k4/2pp4/8/2P5/1N6 b - - 0 54,d4d3 c2c3 c6a7 b5b6,2366,80,93,583,crushing defensiveMove endgame knightEndgame quietMove short
5CXKu,2b5/8/8/P1p3p1/3k2P1/4NK2/8/8 w - - 1 38,e3f5 d4d3 a5a6 c8a6,2385,77,93,1162,crushing defensiveMove endgame short
OTp4I,r3k2r/5pb1/b2p1qp1/p1pPp3/4P1p1/2N3P1/PPB1NPK1/2RQR3 w kq - 3 20,e2g1 f6f2 g2f2 h8h2 f2e3 g7h6,2322,80,86,337,attraction long mate mateIn3 middlegame sacrifice
LKhb8,6rk/p4p2/1qp1pP1p/3pP3/5Nr1/bP5K/P1RQ1P2/5R2 b - - 3 28,b6c7 f4d5 g4g5 d2g5 g8g5 d5c7,2381,77,90,349,advantage long middlegame
B3bk4,r3k2r/pp2ppbp/q7/3p2p1/8/1PnnP1PP/P4P2/RNBQRBK1 w kq - 0 17,d1d3 a6d3 f1d3 c3e4 b1d2 g7a1 d2e4 d5e4,2346,76,86,364,advantage discoveredAttack middlegame trappedPiece veryLong
Ynz9P,r3k2r/pp2bppp/3pbn2/q5B1/3RP3/2N3Q1/PPP2PPP/2K2B1R w kq - 1 13,f1c4 f6h5 c4b5 a5b5 c3b5 h5g3 h2g3 e7g5,2317,77,94,636,advantage capturingDefender middlegame veryLong
sZV0z,rn6/pp2p1kp/1qp3p1/3bN1N1/8/3P2nP/PPPQBrPR/2K1R3 w - - 0 21,d2c3 b6e3 c1d1 g3e2,2357,79,92,1176,advantage fork middlegame short
xS61R,2kr3r/1pp4q/1p2p1n1/1PQ3p1/3PP3/B5p1/5PB1/R1R3K1 w - - 0 25,c5b6 g6f4 b6c7 h7c7 c1c7 c8c7,2398,76,100,325,advantage long master masterVsMaster middlegame
fLGP3,8/8/p7/Bp3k2/7p/1PP2KbP/8/8 b - - 1 41,f5e5 a5c7 e5f6 c7g3 h4g3 b3b4,2316,75,94,1614,bishopEndgame crushing defensiveMove endgame long
AApPo,8/8/2p5/2Pb3Q/P3rp2/3K2k1/8/8 w - - 8 54,a4a5 f4f3 h5g5 e4g4 g5e3 g3g2,2330,78,92,1456,crushing defensiveMove endgame long
Jhb4n,3Q4/5pk1/6pb/4p3/4P3/2P3NP/5qPK/8 w - - 1 41,d8h4 h6e3 g3f5 g6f5 h4f2 e3f2,2374,77,92,3218,crushing endgame long master quietMove
C9wmK,2r5/p3b1k1/4pNpq/4P2p/8/5Q2/PP6/1K3R2 b - - 9 36,c8f8 f3b7 f8f7 f6e8 g7f8 f1f7 f8f7 e8d6 f7g8 b7e7,2320,78,92,857,attraction crushing deflection discoveredAttack endgame pin veryLong
pwaKj,8/1P6/8/8/4K3/P5k1/1r5p/7R w - - 3 75,h1h2 g3h2 e4d5 b2b7 d5c5 b7a7,2317,78,91,2226,crushing endgame hangingPiece long rookEndgame
DgvpN,8/8/8/8/6kp/3K2p1/6N1/8 w - - 0 68,d3e2 h4h3 g2e3 g4f4 e3d5 f4e5,2337,76,92,1610,crushing defensiveMove endgame knightEndgame long
Qt75d,8/6kp/p5p1/2p3P1/2Pp4/1P3K1P/P7/8 b - - 0 36,g7f7 b3b4 c5b4 f3e4 f7e6 e4d4,2397,78,92,710,crushing endgame long pawnEndgame
cDW0h,r1bqkb1r/ppp2pp1/3p3p/4n3/2BNnP2/1Q6/PPP3PP/RNB2RK1 b kq - 0 9,e4c5 b3e3 f8e7 f4e5,2314,78,94,2789,advantage opening pin short
bi5E8,8/5Qbk/b5p1/3P3p/pB5P/2p3P1/q4P2/4N1K1 b - - 0 32,a2d2 e1f3 d2d1 g1h2 d1f3 f7f3,2367,76,91,1840,crushing defensiveMove endgame long master
pI6g5,rnr5/4N1k1/p1p2p2/1p4Bn/1K1PpP2/4P3/P1R5/1R6 b - - 2 34,c8e8 e7f5 g7g6 f5d6,2383,77,93,736,advantage middlegame short
bI3UU,r1bq3r/ppp1k1pp/5n2/3pN3/8/1Q6/P4PPP/RN2R1K1 b - - 2 13,h8e8 b3b4 c7c5 b4c5,2359,76,92,803,crushing middlegame short
8jJlS,8/3k3P/1p1P2K1/8/1B6/2P5/8/7r b - - 0 60,d7e8 d6d7 e8d7 b4f8 d7e6 f8h6 h1g1 h6g5,2382,78,92,691,advancedPawn advantage clearance endgame quietMove veryLong
cd0VK,5R2/8/p2r1P2/1p4k1/1P1p4/3K4/P7/8 b - - 0 52,d6f6 f8f6 g5f6 d3d4 f6e6 d4c5 a6a5 a2a3 a5b4 a3b4,2382,77,94,2610,crushing endgame quietMove rookEndgame veryLong
JZU2s,8/8/8/3Nk2p/6p1/5p2/5K2/8 w - - 4 60,d5e3 e5e4 e3d1 e4f4 d1c3 g4g3,2320,78,87,313,crushing endgame knightEndgame long
l5ZmW,5rk1/pp2Rrp1/2p2pQ1/3p4/3Pn2q/1B2R2P/P4PP1/6K1 w - - 2 29,e7f7 h4f2 g1h1 f2f1 h1h2 f1f4,2347,76,84,529,crushing fork long middlegame
8w5LS,3qr1k1/6p1/p2r3p/1pNn1p2/2p2P1b/2P3PP/PP3Q1B/3R1RK1 w - - 4 25,g3h4 d5e3 d1d6 d8d6 f1e1 d6c5,2329,77,95,1680,advantage fork long middlegame
lnm56,3R4/1q3ppk/7p/2bp4/8/1r5P/5PPB/3Q2K1 b - - 3 30,d5d4 d8b8 b7b8 h2b8 b3b8 d1c2,2390,77,92,3979,advantage endgame long
ho1Bk,7r/8/7P/1p6/1Pk5/P2p3R/6P1/6K1 w - - 0 58,g1f1 h8e8 h3h4 c4c3 h4h1 d3d2,2377,80,92,1374,advancedPawn advantage defensiveMove endgame long master quietMove rookEndgame
vH0a9,2r5/p1q2pkp/5np1/2pP4/1r3P2/2Q1N3/P3R1PP/5RK1 b - - 4 35,b4f4 e2f2 f4f2 f1f2,2354,77,92,953,crushing middlegame short
JOSz8,1r4k1/p5pp/br2p3/5p2/1N1P1q2/2P5/PP3PPP/1R1QK2R w K - 0 21,b4a6 f4e4 e1f1 b6b2 b1b2 b8b2,2383,79,93,1372,advantage long middlegame
7fozR,2r2rk1/ppq2ppp/2b1pn2/6R1/2B5/1PN5/PB2QPPb/3R3K b - - 1 18,h7h6 g5g7 g8g7 c3d5,2335,78,93,1038,advantage kingsideAttack middlegame sacrifice short
H4omd,6k1/p4pr1/P5rp/1Pb1p2q/2B1Ppn1/5N2/Q4P1N/3R2RK w - - 5 32,d1d2 h5h2 f3h2 g4f2 d2f2 g6g1,2324,79,94,4651,discoveredAttack exposedKing kingsideAttack long mate mateIn3 middlegame sacrifice
wVzcb,8/1p6/1Pp1k1pp/p1P2p2/P2K1P2/6PP/8/8 w - - 1 36,g3g4 f5g4 h3g4 h6h5 f4f5 e6f6,2307,78,100,460,crushing endgame long pawnEndgame
wu6EJ,8/8/8/4p3/2Pp3Q/8/1K1Pqk2/8 b - - 17 49,f2f1 h4h1 f1f2 h1h2 f2e1 h2e2 e1e2 c4c5 e5e4 c5c6 e4e3 d2e3 d4d3 c6c7 d3d2 c7c8q,2341,79,92,5407,advancedPawn crushing endgame promotion queenEndgame quietMove veryLong
9WWYh,4rrk1/ppp2ppp/2n3q1/3Q4/2BP2b1/2P2N2/PP1N2P1/R4K1R w - - 7 18,f3e5 c6e5 d4e5 e8d8 d5e4 d8d2 e4g6 h7g6,2309,76,93,914,advantage middlegame skewer veryLong
NyjqL,8/4P1k1/8/3p4/8/pPp2N2/5R2/Kb4r1 b - - 1 42,g1h1 e7e8q b1g6 e8e1 h1e1 f3e1,2418,79,92,4365,advancedPawn advantage defensiveMove endgame long promotion
KUvlz,1r1q1k2/p1p3b1/4p1Q1/8/2nn4/P1N1B2P/1P4P1/5RK1 b - - 1 22,d4f5 e3c5 c4d6 g6e6 g7d4 c5d4,2400,76,92,1043,crushing long middlegame pin
xsTHm,r4r1k/p5p1/1n2Qp2/7q/3P4/4B1N1/1P1K1P2/6R1 b - - 1 29,h5f7 e6h3 h8g8 g3f5,2435,74,91,6279,advantage middlegame short
MOzPr,5rk1/1pR5/p3p3/3b1r2/3P2q1/1P1Q2B1/P4PP1/5RK1 w - - 5 31,a2a4 f5h5 f2f4 h5h1 g1f2 f8f4,2461,77,91,2471,crushing long middlegame quietMove
7PBGl,1r3rk1/pp1b1ppp/2q5/3Np3/1bB1Q3/4P3/P4PPP/R1R3K1 b - - 1 19,d7e6 c4d3 f7f5 c1c6 f5e4 c6e6,2443,78,92,4842,advantage discoveredAttack long middlegame quietMove
tVAJg,2kr2nr/p1p2pp1/Bp1p2q1/3N3p/4P1b1/4B1Q1/PP4PP/5R1K b - - 5 17,c8b8 e3b6 a7b6 g3c3 c7c5 c3b3,2456,78,91,2413,clearance crushing long middlegame sacrifice
hjASk,3rk3/R4pp1/7p/P7/1n2p3/2p1P1P1/5P1P/5RK1 w - - 0 28,f1c1 c3c2 c1f1 d8c8,2410,76,92,1794,advancedPawn advantage defensiveMove endgame master short
VgfiQ,8/8/6K1/4Bp1p/5Pk1/8/8/8 w - - 1 69,e5d6 h5h4 d6c5 h4h3 c5g1 g4f4 g6f6 f4g4 g1h2 f5f4,2467,80,92,626,bishopEndgame crushing defensiveMove endgame quietMove veryLong
Ijbka,b4b1k/5p1p/p4pr1/1pN1pN2/1P1pP2Q/P6P/1Pr2PPK/8 b - - 7 31,c2b2 c5d7 a8e4 h4e4,2402,77,92,1415,crushing master middlegame short
2RFdS,6rk/1pp1q3/1pn5/3Q4/3P4/7P/PP4P1/5R1K b - - 0 27,e7g7 f1f5 g7d4 f5h5 h8g7 h5g5,2410,76,93,592,crushing endgame exposedKing long quietMove
H32RL,2k5/4q1p1/Q2nP2p/2p2r2/7P/8/PP4P1/4R1K1 b - - 2 39,d6b7 e1d1 c8c7 d1d7 e7d7 e6d7,2475,78,93,2830,advancedPawn advantage endgame exposedKing fork long quietMove
ro2kT,8/b2p3k/b1pPr3/p1P2qp1/1p1Q2N1/1P4BP/P5PK/2R5 w - - 4 36,c1c2 f5c2 g4f6 h7g6 f6d7 a6f1 d4f2 c2f2,2485,76,94,757,advantage hangingPiece middlegame veryLong
nhuk2,7k/1p1r2p1/1b5p/p3R3/4Q3/P2p3P/1P1B1qPK/8 b - - 1 37,g7g5 e5e8 h8g7 e4e5 f2f6 e8g8 g7g8 e5f6,2489,78,95,601,crushing deflection endgame exposedKing veryLong
1mPZt,4bnk1/2q2ppp/4p3/3pP1PQ/3P3N/rrPBR2R/6P1/6K1 b - - 6 27,b3c3 d3h7 f8h7 h4g6 f7g6 h5h7,2425,79,92,4334,crushing intermezzo kingsideAttack long middlegame quietMove sacrifice
yzDSr,5R2/2r1k2p/1q1p1npB/3PbBQ1/p3P3/Pp5P/1P4P1/7K w - - 3 37,h6g7 b6d4 g7f6 e5f6 f8f6 d4f6,2463,79,91,1435,crushing long middlegame
FBQuR,r2q1r1k/1p1b2pp/p1n1p3/3pP3/3Pp2N/1P4QP/PB5K/R5R1 b - - 1 25,d8e7 b2a3 e7f7 a1f1,2405,77,91,3406,advantage middlegame short
eibyF,5rk1/1p4pp/7r/p1PpR3/P2P1p2/5PqP/2BQ4/4R1K1 w - - 1 27,g1f1 h6h3 d2g2 g3h4,2420,80,92,806,advantage middlegame short
1b2Ni,r4rk1/pb2ppbp/5np1/q1p3B1/8/2PB1N2/PP2QPPP/3RK2R w K - 2 14,a2a3 c5c4 d3c4 b7f3 e2f3 a5g5,2400,77,91,3207,capturingDefender crushing long master middlegame
sKkjO,6k1/1q4p1/1B5p/P2b4/3pn3/6PB/3QPP1P/1rR3K1 w - - 3 45,d2f4 g7g5 c1b1 g5f4,2409,79,92,1891,advantage master middlegame short
G83NG,r4rk1/1pN3pp/p3b2q/5p2/3Qn3/8/PPP4P/1K1R1BR1 b - - 5 20,a8d8 g1g7 h6g7 d4g7 g8g7 c7e6 g7f6 e6d8,2434,75,91,412,advantage attraction fork middlegame veryLong
EQWHe,r4rk1/2pqbppp/p2P4/1p3b2/3PN3/3n1N2/PP1B1PPP/R2QR1K1 b - - 0 18,d3e1 f3e5 d7e6 d6e7,2453,80,91,1702,advancedPawn advantage middlegame short
oYx83,1k1rr3/pp1q2pp/1bn5/8/3P1N2/2PQR1P1/PP4BP/4R1K1 w - - 7 24,d3e2 c6d4 c3d4 e8e3 e2e3 b6d4,2479,79,92,633,advantage long middlegame pin
vxzma,8/8/6p1/3kn3/2p2K2/1N3P2/7P/8 w - - 0 48,b3c1 e5d3 c1d3 c4d3 f4e3 d5c4 e3d2 g6g5,2471,78,93,1225,crushing defensiveMove endgame knightEndgame veryLong
STtGR,r1b2rk1/pppn3p/2nb1qpB/4p3/3PQ3/3B1N2/PPP2PPP/R4RK1 b - - 1 13,f8e8 d3c4 g8h8 f3g5 c6d8 f2f4,2413,76,92,1948,advantage long middlegame
Fwe29,7k/2K5/3n4/N6p/6p1/8/1P5P/8 w - - 0 35,c7d6 h5h4 a5c6 g4g3 h2g3 h4h3 b2b4 h3h2 b4b5 h2h1q b5b6 h1h7,2449,77,91,1996,advancedPawn advantage defensiveMove endgame knightEndgame promotion quietMove veryLong
hqDFI,r4rk1/3ppp1p/6pb/qb2P3/2BB3P/3Q4/PPP2P2/1K1R2R1 w - - 3 19,d4c3 a5a6 g1g4 f8c8,2453,78,93,1226,advantage master middlegame short
joo0u,8/4N3/P7/1n3pp1/1P5p/4kP2/6K1/8 b - - 9 53,g5g4 e7f5 e3f4 f3g4,2427,78,93,959,crushing endgame knightEndgame short
61cLs,r2q1rk1/1bpp1ppp/p4n2/np1NN3/4P3/1B1PP3/PPP3PP/R2Q1RK1 b - - 0 11,a5b3 d5f6 g7f6 e5g4 b3a1 g4f6 d8f6 f1f6,2415,80,93,558,advantage kingsideAttack opening sacrifice veryLong
xG7yV,3r4/1P2p3/p7/2P1k1pp/PK2P3/8/7P/8 b - - 1 39,g5g4 b4a5 h5h4 c5c6,2447,77,91,1829,crushing endgame master rookEndgame short
F8iV1,5rR1/2n1kP1p/3pB2K/1p1P4/8/P1p4P/8/8 w - - 0 40,h6g7 f8f7 e6f7 c3c2 g7h7 c2c1q,2473,79,93,1358,advancedPawn advantage endgame long promotion sacrifice
LyOVt,8/p2k2p1/1p4p1/1QbPBp2/4pP2/1P2q1PP/P7/3K4 b - - 14 51,d7c8 b5c6 c8d8 e5c7 d8e7 d5d6 e7f8 c6a8 f8f7 a8d5,2467,80,90,384,crushing endgame exposedKing queensideAttack veryLong
u4n3s,r4rk1/pp3pbp/2p2np1/2n1p1B1/2PqP3/1PN2Q1P/P3BPP1/2R1K2R b K - 4 15,a8d8 c1d1 c5e6 g5f6,2402,78,91,1113,advantage middlegame short
H0nUj,8/6p1/5pk1/3ppP2/1R4P1/4PK1P/r7/8 b - - 0 44,g6g5 b4b8 g7g6 b8g8 g5h6 g8g6,2403,77,93,1194,crushing endgame long quietMove rookEndgame
10y40,r4b1k/1p3p1n/2p1b3/4pN1P/q2pP3/3P2Q1/1P1K1P1N/6R1 b - - 7 32,f8b4 d2e2 a4c2 e2f3 c2d3 f5e3 d3e4 f3e4,2455,78,92,1441,advantage middlegame veryLong
0MzuM,1n4k1/r1q1bpp1/p3p2p/4P3/1p1N4/2N1Q3/PP3PPP/3R2K1 w - - 0 22,d4b5 a6b5 c3b5 c7c2 d1c1 a7d7,2408,77,92,4135,clearance crushing defensiveMove long middlegame
DfB3J,3rkb1r/pp4pp/2p1p3/6q1/4P3/5Q2/PPP3PP/3R1R1K b k - 1 19,g5e7 f3h5 g7g6 d1d8 e7d8 h5e5,2419,77,93,801,advantage exposedKing long middlegame
1bpKh,6k1/6R1/5K2/4P2p/5p2/8/4r3/8 b - - 2 53,g8h8 g7g5 f4f3 f6f7,2476,80,92,1191,crushing defensiveMove endgame rookEndgame short
Mf9Ku,8/8/1ppr1kp1/p3R2p/P1P2P1P/2P2P2/4K3/8 w - - 2 31,e5e8 d6e6 e8e6 f6e6 e2e3 e6f5 c4c5 b6b5 a4b5 c6b5 c5c6 f5e6 c6c7 e6d7 c7c8q d7c8,2474,78,92,2923,crushing endgame rookEndgame veryLong
qFJSm,5rqk/pQ2R1pp/5r2/8/1P1b3P/7B/5PP1/5RK1 b - - 0 25,d4f2 f1f2 f6f2 h3e6 f2f1 g1h2 f8b8 e6g8 b8b7 e7e8,2416,76,91,1176,advantage defensiveMove middlegame sacrifice trappedPiece veryLong
sKNrW,4r3/3b2pk/Q2P3p/5p2/6q1/4PpP1/3R1P2/2R3K1 w - - 2 45,a6c4 e8c8 c4g4 c8c1 g1h2 f5g4,2428,79,92,2793,crushing endgame intermezzo long sacrifice skewer
maodV,r2r3k/1pbq1pp1/2p2n1p/4p3/p2P4/2PQR1PP/PP1B1P2/1B2R1K1 b - - 1 24,d7h3 e3f3 g7g6 f3f6,2412,79,85,618,advantage middlegame short
9l3jK,k7/p4pbp/1p2q1p1/1P6/1Q6/3p2BP/1P3PP1/6K1 b - - 2 28,a8b7 b4f4 g7e5 f4e4 b7c8 g3e5 d3d2 e4c2,2427,79,91,4395,crushing discoveredAttack endgame veryLong
vGESn,8/7p/6p1/4kp2/4p3/4P1PP/5PK1/8 w - - 2 37,f2f3 e5d5 g3g4 d5c4 g2g3 c4d3,2472,78,93,560,crushing endgame long pawnEndgame
OAP4p,r1k2q1r/1b1p4/1p2p3/pPN1Pnpp/2P5/P3B1Q1/5PPP/R2B1RK1 w - - 1 27,c5e6 d7e6 g3h3 g5g4 d1g4 h5g4,2422,78,93,962,advantage hangingPiece long middlegame
7kw6f,8/8/5pp1/7p/P2k1P2/1KR3P1/8/6r1 w - - 1 49,b3b4 g1b1 c3b3 b1b3 b4b3 g6g5,2427,77,100,354,crushing endgame long rookEndgame
JKVcb,2rq1rk1/3p1p2/1p3Pp1/p4RPp/7P/2N1B3/PPPQ4/1K6 b - - 0 25,g6f5 c3d5 f8e8 e3b6 c8c2 b1c2,2412,79,91,972,advantage endgame long
O5SXT,r3k3/1b3pp1/4pq2/pp4p1/2nP3r/2PN4/P3BPPP/R1Q2RK1 w q - 2 21,a1b1 f6h6 f2f3 h4h2 d3f2 h6h4,2426,77,91,1031,crushing long middlegame quietMove
rd1aE,6k1/5pp1/2nP3p/8/3R4/6PK/q3r1B1/5Q2 w - - 0 40,g2c6 e2h2 h3g4 a2e6 f1f5 h6h5 g4f4 h2f2 c6f3 f2f3 f4f3 e6f5,2425,79,99,565,attraction crushing deflection endgame veryLong
mCBQV,r5k1/1Q1P1pbp/B1q1p1p1/2p5/b4B2/8/2P3PP/4R1K1 b - - 0 26,g7f6 b7c8 g8g7 a6b7 a8c8 d7c8q,2456,79,89,860,advancedPawn advantage clearance fork long master middlegame promotion
7xKDS,8/p4pk1/4P1r1/2P4p/4Q3/4P1P1/q1r4P/5RK1 b - - 0 33,c2c4 e6f7 c4e4 f7f8q g7h7 f1f7 a2f7 f8f7,2469,77,91,3147,advancedPawn crushing endgame promotion veryLong
mgVbH,7k/pp4pp/4B3/4PP2/2p1q3/1P1b2P1/P2Q3P/2R1K2R w K - 3 26,e1d1 e4f3 d1e1 f3h1 e1f2 h1h2 f2e3 h2h6 e3f3 h6d2,2436,77,92,1189,crushing deflection endgame exposedKing fork interference skewer veryLong
Onhj5,3r4/3P3p/2k3p1/1pN2p2/1P1R4/n4P2/5KPP/8 w - - 0 41,f2e3 a3c2 e3d3 c2b4 d4b4 c6c5,2497,80,94,945,advantage endgame fork long
FXsVy,r3r1k1/pp2PNp1/1q1b1n2/2p3p1/8/2NQ4/PP4PP/4RRK1 w - - 5 23,f1f6 c5c4 d3e3 b6e3 e1e3 d6c5,2489,80,92,1430,advantage discoveredAttack discoveredCheck long middlegame pin
oJg9D,6k1/1p3Qp1/3Np2p/1PPpP3/8/7P/5PPK/1r1q4 b - - 0 31,g8h7 d6e8 d1h1 h2g3 b1b3 g3h4 b3h3 g2h3,2421,76,94,705,crushing endgame veryLong
5XZjp,8/8/2k5/4P3/1Pp4p/2N1K2n/8/8 b - - 0 49,h3g1 b4b5 c6d7 b5b6 h4h3 e3f2 h3h2 f2g2 g1h3 e5e6 d7e6 b6b7 h2h1q g2h1,2439,77,92,4757,advancedPawn crushing endgame knightEndgame master veryLong
QDUg8,8/5p2/p6p/1p2KPk1/6p1/PP4P1/7P/8 b - - 2 42,h6h5 b3b4 h5h4 g3h4 g5h4 e5f6 h4h3 f6g5,2423,78,91,3260,crushing endgame master pawnEndgame quietMove veryLong zugzwang
7YYpq,8/6p1/5p2/5P1p/3k3P/5KP1/8/8 w - - 6 52,g3g4 d4e5 f3g3 e5e4 g4h5 e4f5 g3f3 f5e5,2414,78,91,1211,crushing defensiveMove endgame pawnEndgame veryLong zugzwang
B7fKP,8/6Q1/1kp5/7P/8/8/PP6/KN2rq2 w - - 1 39,g7d4 b6b5 a2a4 b5a6 a1a2 e1b1,2458,78,94,1197,crushing defensiveMove endgame long
JOM9O,8/6k1/8/2R3PP/8/p7/2p2P1K/2r5 w - - 0 46,c5c7 g7f8 g5g6 a3a2 g6g7 f8g8 h5h6 c1h1,2479,79,92,3410,advancedPawn crushing defensiveMove endgame rookEndgame veryLong
Bi6KK,8/7p/3k2p1/pp3p2/3K1PP1/P6P/1P6/8 b - - 0 29,h7h5 g4g5 h5h4 b2b3 d6e6 d4c5,2416,77,94,1717,crushing endgame long pawnEndgame quietMove zugzwang
DixvC,8/8/6p1/1k4P1/pp4Kp/5P1P/PN6/8 w - - 0 48,g4h4 a4a3 b2d1 b4b3 a2b3 b5b4,2464,80,99,460,advantage endgame knightEndgame long
lztad,6k1/p1qrr2p/6p1/nQ3p2/1P6/b1P2B2/5PPP/4RRK1 b - - 0 26,a5b3 e1e7 d7e7 b5d5 g8g7 d5b3,2442,78,100,372,advantage fork long middlegame
58ZOg,8/p3rkpp/R1P5/PP3p2/2n2p2/5P1P/5PK1/8 b - - 0 33,f7e8 a6a7 e7a7 b5b6 a7c7 b6b7,2458,78,92,1011,advancedPawn advantage endgame long sacrifice
yXCh3,2r2rk1/pp1b1ppp/4p3/6q1/4P1n1/2P3K1/PPBPNPP1/R1BQ1R2 w - - 3 18,d2d4 g4e3 g3f3 f7f5 e4f5 d7c6 d4d5 c6d5,2460,80,92,1820,advantage discoveredAttack discoveredCheck exposedKing middlegame pin veryLong
o6CTQ,1r4rk/pb3R1p/1p3p1Q/5q2/2Pp4/1P4P1/P4P1P/4R1K1 b - - 3 25,d4d3 e1e7 b7e4 e7e4 d3d2 e4d4,2493,78,91,711,advantage long middlegame
5dCeU,4r1k1/1p3pbp/p5p1/2q2bB1/8/P4Q1P/1P3PP1/R4RK1 w - - 0 22,f3b7 f5c8 g5e3 e8e3,2410,75,96,604,advantage middlegame short
SrCK6,2r1rbk1/p5pp/2q1pp2/3RBP1N/Pp4Q1/1P5P/5P2/5RK1 b - - 0 28,f6e5 d5d7 c6d7 h5f6 g8h8 f6d7,2429,77,92,5735,attraction crushing long master middlegame pin sacrifice
SrsjZ,r1b3k1/6pp/p2b3r/1ppq4/4P1P1/PP1B4/2P2RQ1/3R2K1 b - - 0 29,d5d4 d3c4 b5c4 d1d4 d6h2 g2h2,2445,77,96,867,advantage discoveredAttack long middlegame
jbVLW,8/5p2/7p/3kPP2/4p1P1/K3P3/8/8 w - - 1 47,a3b3 d5e5 b3c3 e5f6 c3d4 f6g5 d4e4 g5g4,2494,78,92,2952,crushing endgame pawnEndgame veryLong
bznY7,6k1/4bpp1/4p2p/Q1Np4/1p1P1B2/nP2P1PP/5K2/2r1n3 w - - 4 36,a5b4 e1d3 c5d3 c1c2 f2f3 e7b4,2459,79,100,306,advantage long middlegame sacrifice
cPlGF,8/8/P1kb2p1/2p2p1p/2K2P1P/4BP2/8/8 b - - 0 43,c6b6 e3c5 d6c5 a6a7 b6a7 c4c5,2402,78,99,681,advancedPawn bishopEndgame crushing deflection endgame long sacrifice
Xaljn,4r3/7p/Q4Npk/5n2/5b2/5P2/1P1qBP1P/5K1R w - - 2 29,f6e8 d2c1 f1g2 f5h4 g2h3 c1h1 a6f6 h1g2 h3h4 f4g5,2476,78,93,2008,crushing deflection middlegame veryLong
Wblt4,6k1/R4R2/p6p/1p2rn2/1P4p1/P6N/5PPK/3r4 w - - 0 31,h3f4 g4g3 f2g3 e5e1 h2h3 h6h5 f4h5 e1h1 h3g4 f5h6,2414,76,94,660,advantage endgame quietMove sacrifice veryLong
vZ4iX,5rk1/6pp/p1rQpq2/1p2n3/4P2b/P3B2P/1P3PP1/RB3RK1 w - - 1 21,d6d2 e5c4 e4e5 c4d2 e5f6 d2f1,2401,79,92,1017,advantage long middlegame
b0Lml,8/7p/8/1Pk3N1/2p3P1/2K4b/8/8 b - - 0 45,h7h6 g5h3 c5b5 c3d4,2435,76,90,1557,crushing endgame short
leZv7,r7/5pk1/5Np1/4Ppq1/pPp4p/R1Pr1Q1P/R4PPK/8 w - - 1 36,f3a8 g5g3 f2g3 h4g3 h2g1 d3d1,2410,79,92,873,endgame long mate mateIn3 sacrifice
7xA0y,5r1k/6Rp/p2P4/5p2/2PQ4/2P1pPK1/P2q2PP/8 w - - 3 35,g7g4 d2d4 g4d4 f8g8 g3f4 e3e2,2432,76,97,770,advancedPawn crushing endgame long
ScUYV,8/p1p2q1k/2p3p1/3pQ2p/3P3P/6PK/PP4P1/8 b - - 0 30,f7f5 e5f5 g6f5 b2b4,2465,78,91,429,crushing defensiveMove endgame queenEndgame short
A7AzG,8/p1r2ppk/3Pp2p/3p2q1/PQ1Pb3/4PP1P/6P1/2R3K1 w - - 0 30,d6c7 g5e3 g1h2 e3f4 g2g3 f4c1,2458,77,92,1611,advantage endgame fork long
KzqvJ,3r3k/2p3p1/1p1bQr1p/p7/3Pp1Pq/2P1B2P/PP3PK1/R6R w - - 5 30,e6d5 d8f8 a1f1 f6f3 d5d6 c7d6,2433,76,96,369,crushing long middlegame quietMove
q1tqz,8/p4N2/2k1pb2/5q2/2b4P/6Q1/P4PP1/6K1 b - - 6 46,f6d4 g3d6 c6b5 a2a4 b5a4 d6d4 f5f7 d4c4,2428,79,99,755,advantage endgame exposedKing fork master pin veryLong
FtgJP,8/8/p6p/1P4p1/1k4P1/1P6/2K4P/8 b - - 0 43,a6b5 c2b2 b4c5 b2c3 c5d5 c3b4 d5c6 b4a5,2425,79,92,1376,crushing endgame master pawnEndgame veryLong zugzwang
dVk81,4r1k1/p4p1p/5bp1/4p3/3B2q1/1PP3P1/P4P2/3RQ1K1 w - - 0 23,g1g2 e8d8 f2f3 g4d7 d4e5 d7d1 e1d1 d8d1,2417,78,92,773,crushing endgame master veryLong
au3x1,1r4k1/2q5/3pp1Pp/2pb4/1p6/6B1/1PQ3PP/5RK1 b - - 0 35,b8f8 f1f8 g8f8 g3d6 c7d6 c2f2 f8e8 f2f7 e8d8 g6g7,2481,78,92,720,advancedPawn attraction crushing endgame exposedKing sacrifice veryLong
k2JVP,1r2k2r/p1p2ppp/8/4n3/6n1/4P1q1/PPPP2B1/RNBQ1K1R w k - 5 14,d1e2 b8b6 f1g1 b6f6 h1h3 e5f3 e2f3 g3e1,2447,78,93,771,crushing exposedKing middlegame quietMove sacrifice veryLong
mVBqn,4R3/kp6/N6p/8/3p4/PQ4P1/KP6/2r4q w - - 1 39,b3e6 h1d1 e8a8 a7a8 e6g8 a8a7,2439,80,94,724,crushing endgame long master quietMove
x8u6p,2r1r2k/6pp/Q1p5/1nPp4/3Pp3/1P2q3/6PP/B1R2R1K b - - 1 31,b5d4 c1e1 e3d2 e1d1 d2e2 a6e2,2496,76,88,827,advantage long middlegame
9lKdv,8/6p1/2N4p/P4p2/8/1P1K2bk/8/8 b - - 0 47,g3f2 c6d4 f5f4 a5a6 f4f3 a6a7 f2d4 a7a8q,2476,80,96,915,advancedPawn crushing endgame promotion veryLong
dnBj9,7R/8/6P1/4K3/6k1/8/3r3p/8 b - - 0 74,g4f3 g6g7 d2g2 h8h3 f3f2 h3h2 g2h2 g7g8q,2410,75,91,1417,advancedPawn crushing deflection endgame master pin promotion rookEndgame veryLong
inRgb,r3k2N/pp2q1pp/2p2n2/3B4/Q2nP1b1/2P5/PP1P1bPP/RNB2K1R w q - 0 11,d5c6 b7c6 c3d4 e7e4 a4c6 e4c6,2449,80,94,770,crushing long middlegame
54u8y,1r6/1P6/7p/pR1p4/P1pP1pk1/8/5K1P/8 w - - 0 44,b5a5 b8b7 h2h3 g4f5 a5d5 f5e4,2469,79,91,2351,advantage endgame long rookEndgame
gZSXw,8/p4k2/2KB1P2/PP2P3/8/4b2p/8/8 w - - 0 44,a5a6 f7e6 f6f7 e3h6 f7f8q h6f8,2450,79,97,446,bishopEndgame crushing endgame long quietMove
FrY6H,rn1q1rk1/1bp1b1p1/p3p2p/1p6/3PN1n1/3B1N1P/PPQB1P2/R3K1R1 b Q - 0 14,g4f2 d2h6 f8f3 g1g7,2441,80,83,446,advantage kingsideAttack middlegame pin short
iQjCW,8/8/p3k3/1pK2p1p/P1p2P2/6PP/1P6/8 b - - 0 38,b5a4 c5c4 e6d6 c4d4 a6a5 h3h4 a4a3 b2a3 a5a4 d4c4,2459,77,92,885,crushing defensiveMove endgame pawnEndgame quietMove veryLong zugzwang
1va8Z,5rk1/p4qbp/1p1Pp1p1/2p1p3/2P1P1n1/1PN5/PB1Q2PP/3R2K1 w - - 0 20,d6d7 g7h6 d7d8q h6e3 d2e3 g4e3 d8f8 f7f8,2410,78,99,464,advantage collinearMove fork middlegame veryLong
ZFJd2,8/8/4p3/1p1n1k1p/3PNP2/P4K2/1P6/8 w - - 4 38,e4c3 d5c3 b2c3 h5h4 f3e3 f5g4,2485,80,95,1149,crushing endgame knightEndgame long quietMove zugzwang
gIC0z,5k2/1R6/7P/8/4Kp2/8/8/5r2 b - - 6 60,f4f3 b7b8 f8f7 h6h7,2411,76,94,468,advancedPawn crushing endgame rookEndgame short
ylCJH,r5k1/3Q1pb1/2p3p1/2Bp3p/3PbN2/4P2P/rq3PP1/2R2RK1 b - - 1 28,a2a1 c1a1 a8a1 d7e8 g8h7 f1a1,2499,80,82,317,crushing intermezzo long middlegame
3sQKp,8/5p2/5Bp1/1k1P2Pp/4K2P/6b1/8/8 w - - 19 50,d5d6 b5c6 f6e5 g3h4 e5f4 h4e1 e4e5 e1c3,2430,79,93,740,bishopEndgame crushing endgame quietMove veryLong
05VnQ,8/8/pp1p1k1p/2pP2p1/2P1K1P1/1P5P/P7/8 w - - 0 45,e4e3 f6e5 a2a3 b6b5 e3d3 b5c4,2424,78,93,6845,crushing endgame long pawnEndgame zugzwang
wp5Dz,r2q1rk1/pp3ppp/2np1b1B/2n1p3/4P3/2NB1P2/PPPQ1P1P/R3K1R1 w Q - 7 17,h6g7 f6g7 d2h6 c5e6 c3d5 f7f6,2454,80,95,645,advantage defensiveMove long middlegame quietMove
SJqUJ,5R2/1p3p1p/p1p3pk/2P1N3/1P3r2/P5n1/1Q4K1/3q2B1 b - - 6 34,g3e2 e5f7 f4f7 g1e3 g6g5 f8f7,2447,79,86,480,crushing intermezzo long middlegame sacrifice
FGEVu,r1b2r2/ppq4k/2n3P1/3pn3/4p3/1P2P1R1/1BPPBQP1/R3K3 b Q - 0 22,e5g6 e1c1 f8f2 d1h1 h7g8 g3g6 g8f8 h1h8,2464,80,93,1272,castling clearance crushing deflection exposedKing middlegame sacrifice veryLong
z0uuu,3r1rk1/5ppp/p1p5/2b1P3/4p3/PQ2P2P/1PPBNq2/R1K1R3 w - - 2 20,b3c3 d8d2 c1d2 c5e3 c3e3 f8d8 e3d3 e4d3,2454,79,92,877,advantage attraction middlegame queensideAttack sacrifice veryLong
pzPZg,5rk1/2pb2r1/1p1pR3/3P2q1/1PPQ1pN1/P4P2/4R1p1/6K1 b - - 1 45,g5h4 e6h6 h4g5 g4f6 f8f6 d4f6 g5f6 h6f6,2439,78,84,397,crushing exposedKing kingsideAttack master middlegame veryLong
xss9y,5b1k/1R4pp/1QB1p3/4Pq2/5r2/8/3r1PPP/5RK1 w - - 10 33,c6d7 f4f2 b6f2 f5f2 f1f2 d2d1 f2f1 f8c5 g1h1 d1f1,2406,80,100,855,backRankMate deflection mate mateIn5 middlegame sacrifice veryLong
xfWO4,8/B7/2k5/P1p5/1p1pPKp1/1P1P4/2n5/8 w - - 0 63,a5a6 c5c4 d3c4 d4d3 a7b8 d3d2,2447,76,92,843,advancedPawn crushing endgame long master
H2DFI,8/2p5/p2p4/P2K4/3N1k2/4p3/8/8 w - - 2 53,d5c4 c7c5 d4c2 f4e4,2492,76,92,855,crushing defensiveMove endgame knightEndgame master short
gMFPr,8/8/3KP3/3P1b2/2k5/8/8/8 b - - 0 53,f5g6 d6e5 c4c5 d5d6 c5c6 d6d7 c6c7 e5f6,2414,76,93,1142,advancedPawn bishopEndgame crushing endgame master veryLong
BrsNH,r1bqkb1r/ppp2ppp/2np4/8/2BQP3/2N5/PPP2PPP/R1B1K2R w KQkq - 1 8,d4d5 c8e6 d5b5 a7a6 b5b3 c6d4 c4e6 d4b3,2444,80,92,2001,advantage opening veryLong
m7pIe,4Q3/1b3pkp/2p3p1/8/8/5BP1/q4P1P/6K1 w - - 0 28,f3c6 a2b1 g1g2 b1b5,2456,78,93,4734,crushing endgame pin short
xzNtt,b2q1rk1/4bp2/p3p2Q/2pnP3/Pr2N3/6PP/1P3PB1/3R1RK1 w - - 0 21,d1d5 d8d5 e4f6 e7f6 g2d5 f6g7,2435,78,86,648,advantage hangingPiece long master middlegame
BgTfK,8/p4ppk/4pq1p/8/Q7/P3b3/5RPP/1r2BRK1 b - - 7 28,b1e1 a4c2 g7g6 f1e1,2431,76,94,568,advantage endgame intermezzo short
KPF2V,1r3k2/7P/1bppBp2/p3pN2/4P1K1/p2P3P/5r2/8 b - - 1 34,f2f5 h7h8q f8e7 h8b8 f5g5 g4f3,2412,76,92,934,advancedPawn crushing endgame long promotion skewer
wyZ5G,3r1rk1/pp2q1pp/3bP3/2pQ4/8/2P5/PPp2PPP/R1B1K2R w KQ - 2 18,c1g5 d6f4 g5e7 d8d5 e7f8 d5e5,2486,78,93,755,advantage discoveredAttack long middlegame sacrifice
lMkq3,8/7p/8/3rk1p1/6P1/3pK2P/3R4/8 w - - 1 34,d2d3 d5d3 e3d3 e5f4 h3h4 h7h6 d3e2 f4g4 h4g5 h6g5,2420,79,91,675,crushing endgame veryLong
PTGp3,rn3b1r/pbN1kppp/2q4n/8/2p2B2/8/PP3PPP/R2QR1K1 b - - 3 16,e7f6 d1d8 f8e7 d8e7 f6g6 e7g5,2421,78,92,1587,exposedKing long mate mateIn3 opening
u8iFk,1r6/kb3R2/pp2p1P1/8/5K2/8/8/8 b - - 0 43,a7a8 g6g7 e6e5 f4e5 b8e8 e5d6 a8a7 f7f8 e8e1 g7g8q,2468,76,98,689,advancedPawn crushing endgame promotion veryLong
1BGPx,r2qk2r/pp1n1pp1/2p1p1p1/3n4/1b1P2P1/2N1PN1P/PP1B1P2/R2QK2R b KQkq - 1 11,d8f6 e3e4 b4c3 b2c3,2411,77,92,3384,advantage middlegame short
bxvNe,r1b3k1/ppp2ppp/2np4/7n/4r1P1/1Q5P/PPPBNq2/2KR1R2 b - - 1 17,c8e6 b3b7 a8b8 b7b8 c6b8 f1f2,2414,76,93,2679,advantage fork long middlegame
toFrx,3r4/p4p2/7p/3rk1p1/2P3K1/1P6/6PP/3R4 w - - 0 31,d1d5 d8d5 c4d5 f7f5 g4h5 g5g4,2531,80,92,720,crushing defensiveMove endgame long rookEndgame
ZKjK1,r4r1k/ppp1p1b1/3n3p/5qNQ/8/2N1P3/PPP3P1/2KR3R w - - 0 19,d1f1 f5f1 h1f1 f8f1 c3d1 f1f5,2502,80,93,2550,advantage long middlegame
eoQmH,8/8/5p2/3ppk2/3P3P/6K1/5P2/8 w - - 0 48,d4e5 f6e5 h4h5 d5d4 h5h6 f5g6 h6h7 g6h7,2575,80,91,1140,crushing endgame pawnEndgame quietMove veryLong
XiXrc,5rk1/1R2Q1pp/8/8/5pP1/2q2r1P/5PK1/5R2 w - - 0 35,f1c1 f3g3 f2g3 f4f3 g2f1 c3c1,2512,79,92,1822,crushing endgame long sacrifice
qpKOm,8/5Pk1/p2qQp2/1rp2Pp1/1p5p/1P5P/1P4P1/5R1K b - - 2 41,b5b6 f1e1 d6e6 f5e6,2525,78,93,2117,crushing endgame quietMove short
5bypL,2bqkb1r/r4p1p/p2p4/1p1Npp2/3nP3/N1Q5/PPP2PPP/2KR1B1R b k - 5 13,f5e4 d1d4 e5d4 c3d4 d8g5 d5e3,2514,80,91,2978,advantage defensiveMove fork long middlegame
eKfZg,8/4k3/1p3p1p/1P2nK1P/3NB1P1/1r3P2/8/8 b - - 5 59,b3b4 d4c6 e5c6 b5c6 b6b5 f5g6 b4c4 g6h6,2579,80,86,359,advantage endgame fork veryLong
RMLvS,5rr1/3k1pR1/p2q1P2/1p2pR2/4P1Q1/6Pp/PP1p3P/6K1 w - - 0 34,f5e5 d7c7 e5d5 d6b6 g1f1 b6f6,2509,80,95,1012,advantage defensiveMove endgame long
6SpQT,6k1/1p3pp1/4p1Pp/p1p1PP1P/P1P2K2/1P6/8/8 b - - 0 44,g8f8 g6f7 f8f7 f5e6 f7e6 f4e4 b7b6 e4f4,2524,80,94,1065,advancedPawn attraction crushing defensiveMove endgame master pawnEndgame veryLong zugzwang
EeXLA,r3k2r/ppp1nppp/1b1p1q2/3Pn3/5P2/1N2B3/PPP1Q1PP/2KR1B1R b kq - 0 12,e5g4 e3b6 f6f4 c1b1 a7b6 d1d4,2528,79,91,2230,crushing long master middlegame
ychj4,2q3k1/5rp1/1RN5/3Pp2p/4Pp1n/2p2PrP/3NQ1P1/6RK w - - 0 34,d2c4 g3h3 g2h3 c8h3 e2h2 h3f3 g1g2 c3c2 b6b8 g8h7,2525,79,94,565,advancedPawn crushing deflection kingsideAttack middlegame pin sacrifice veryLong
reNIl,r6k/1b2q1b1/p6p/5Q2/1pP1n3/6BP/PP3PP1/4RRK1 w - - 3 27,f2f3 e4g3 e1e7 g7d4 f1f2 g3f5,2532,77,91,2970,advantage fork long middlegame pin sacrifice
tyfdD,r1b2Bk1/pp5p/4p3/2npP2Q/2p2P2/4n3/PPP1B3/2K2Nr1 b - - 2 24,e3f1 h5e8 f1g3 e2d1 g3e2 c1d2,2535,79,94,787,advantage defensiveMove long middlegame
SBed4,8/8/7b/3p4/3PkNp1/4P1P1/4K3/8 b - - 17 43,h6f4 g3f4 g4g3 e2f1 e4f5 f1g1 f5g4 g1g2,2504,77,91,2583,crushing endgame veryLong zugzwang
5HFS4,8/7p/p4p2/2k3p1/2P5/3K2PP/P7/8 w - - 1 40,d3c3 f6f5 c3d3 a6a5 g3g4 f5f4,2532,80,91,2228,crushing defensiveMove endgame long pawnEndgame quietMove
63pbE,2kr3r/b2b1N2/p1np4/1p6/8/2NQ2p1/PP3PP1/R3R1K1 w - - 0 23,f7d8 a7f2 g1f1 d7g4 d3g3 f2g3,2539,78,96,783,advantage fork long middlegame quietMove
Katz0,3rr1k1/pp1b1ppp/2n5/8/3N4/1N2n2P/PPP2PP1/4RK1R w - - 0 18,e1e3 c6d4 b3d4 d7b5 d4b5 e8e3 f2e3 d8d1 f1e2 d1h1,2518,77,93,1830,advantage clearance middlegame sacrifice skewer veryLong
L8Try,8/1k6/8/1PP2p2/3Kp3/8/8/8 w - - 0 45,d4d5 e4e3 c5c6 b7c8 b5b6 e3e2,2524,77,86,411,advancedPawn crushing defensiveMove endgame long pawnEndgame
aRh6T,5nk1/pq3pbp/1p6/2p3Pp/P3NP2/1P2B2P/2PR4/3R2K1 w - - 1 27,d2d5 b7e7 e4f6 g7f6 e3c5 b6c5,2510,78,93,1249,advantage long middlegame
4Cx8o,8/8/p4k2/5ppp/pK3P2/P5PP/8/8 b - - 1 48,g5g4 h3h4 f6e7 b4c5 e7e6 c5c6 a6a5 c6c5,2519,78,92,2264,crushing defensiveMove endgame pawnEndgame quietMove veryLong
BqViX,4q3/pp4pk/2p2p2/5b1p/1Q3PnP/BP3BP1/P4PK1/8 w - - 6 34,b4b7 e8e1 a3c5 f5d3 f3g4 h5g4,2565,78,92,1742,crushing endgame long quietMove
Koyyk,r5rk/p2n1p1p/1q3p1B/1p2pP2/P1p4Q/2P2R2/6PP/R6K b - - 2 23,b5a4 h6e3 g8g7 e3b6,2517,80,94,958,advantage middlegame short
s2Wg3,4r1k1/5pp1/1p1R3p/p1n1pB2/8/4P3/PP3PP1/1K1Q3q b - - 2 26,h1g2 d6d8 g2c6 d1d5,2521,80,84,308,advantage endgame master short
c5zq1,r1b2r1k/1pq4p/p1n2pp1/3Qn1N1/5B2/4P3/PP2BPPP/R3K2R w KQ - 1 17,g5e6 c7f7 e6c7 f7c7,2539,79,91,1488,advantage middlegame pin short
noMHC,8/8/8/P7/2r4P/3k2PK/2p5/2R5 w - - 2 69,g3g4 d3d2 c1c2 c4c2 h4h5 d2e3,2535,80,86,657,crushing defensiveMove endgame long rookEndgame
ICxSx,2r3k1/4qp2/p3b1pQ/1p1pP3/6r1/3B2P1/P1P3K1/4RR2 b - - 2 32,d5d4 f1h1 e6d5 g2f2 d5h1 e1h1,2550,79,95,413,advantage defensiveMove long middlegame quietMove sacrifice
yRvFd,8/R4pkp/6p1/4P3/5KPr/5P2/8/8 b - - 1 44,h7h5 e5e6 h5g4 a7f7 g7g8 f3g4,2534,77,86,578,crushing endgame long pin rookEndgame
gTWed,8/6p1/p1pk1p2/1p2pP1p/1PP1K3/1P6/5PPP/8 w - - 0 33,f2f3 b5c4 b3c4 c6c5 b4b5 a6b5 c4b5 c5c4,2573,80,93,1540,crushing defensiveMove endgame pawnEndgame veryLong
Zbhqr,5r1k/6qp/2Q5/p4p2/4R3/1P5P/2P3PK/8 w - - 0 34,e4h4 g7e5 g2g3 f8d8 c6g2 e5e3 h4f4 d8d2 h2h1 d2g2,2574,78,93,1066,advantage endgame pin quietMove veryLong
hGLRV,3q1rk1/pbr2pp1/1pnbp3/2ppP1PQ/3P4/2P1PR2/PP1N3P/R1B3K1 b - - 0 16,c6e5 f3h3 f7f6 d4e5,2542,80,95,323,advantage intermezzo middlegame quietMove short
hb8mV,2k3r1/p5r1/1p2P3/n1p1Q3/8/2P1P3/qB3P1P/2KR3R w - - 3 29,e5d5 a5c4 d5c6 c8b8,2502,79,85,363,crushing middlegame short
WKg1o,rr4k1/5q2/2p4p/p2n1p2/5Np1/4P1P1/4KPP1/QR5R w - - 2 30,h1h6 d5c3 a1c3 f7a2,2515,78,93,1654,clearance crushing master masterVsMaster middlegame sacrifice short
9brGk,3r4/p3k3/7p/n1pB1bp1/P1P1P3/1P3N2/2p2PP1/2R3K1 b - - 1 31,d8d5 c4d5 f5e4 f3d2,2519,78,91,538,advantage endgame short
iLUsE,r1r3k1/p1Rnqpp1/1p2p2p/3b4/3N2Q1/P2BP3/1P3P1P/4K1R1 b - - 5 19,f7f5 d4f5 e6f5 g4f5 c8c7 f5d5,2566,79,91,1761,advantage kingsideAttack long middlegame sacrifice
jx6rO,8/8/1p6/p1p2p2/2P2k2/PP3P2/4K3/8 b - - 3 45,f4g3 e2e3 g3h3 e3f4 h3g2 a3a4 g2f2 f4f5,2510,80,100,353,crushing endgame pawnEndgame quietMove veryLong
PU8Qz,3r3k/ppQ3pp/8/4rb2/4N3/4qP2/P3NKnP/3R3R w - - 2 23,f2g2 f5h3 g2g3 d8f8,2529,78,83,333,crushing middlegame short
OzLQD,6k1/1p3p2/pP4pp/P2RPP2/r3K3/7P/8/8 w - - 1 41,d5d4 g6f5 e4e3 a4d4 e3d4 g8f8,2509,78,93,857,crushing defensiveMove endgame long rookEndgame
eqk7b,3rQ3/R2P1ppk/1N1q3p/n6b/5P2/7P/5B2/6K1 w - - 5 39,e8d8 d6d1 g1h2 h5f3 d8h8 h7h8,2509,79,91,701,crushing long master middlegame quietMove
2XWNb,8/8/3r1pp1/5k1p/R4P1K/6PP/8/8 b - - 5 49,d6d5 a4a6 d5d8 g3g4 h5g4 h3g4 f5f4 a6f6,2528,80,93,2824,crushing endgame master rookEndgame veryLong
SFifw,rn5r/1b3pkp/4pNq1/1pp1P1N1/p6Q/6P1/P4P1K/3R1R2 b - - 1 27,h7h6 f6h5 g6h5 g5e6 f7e6 h4h5,2554,80,91,907,crushing deflection intermezzo long middlegame sacrifice
dCbpD,5r1r/pp1k3p/2p1B3/4Q3/1qP3P1/7P/PP3P2/2K5 b - - 2 24,d7d8 a2a3 b4e1 e5e1,2509,77,92,2343,crushing endgame master short
qdDgE,2r4k/p3Q3/4p3/Kp2p3/4n2p/4P3/PPP1q3/R6N b - - 1 31,e2c4 e7h4 h8g8 a1g1 g8f8 h4h8 f8e7 h8h7 e7d6 g1d1,2529,77,92,601,crushing endgame exposedKing veryLong
1Mlss,8/8/p6p/1P4p1/1k4P1/1P6/1K5P/8 b - - 0 41,a6b5 b2c2 b4c5 c2c3 b5b4 c3d3,2508,80,92,3562,crushing defensiveMove endgame long pawnEndgame zugzwang
dRl0w,Q1r4k/3qP2p/6p1/1p3p2/1P1p4/3Pb1PP/6BK/4R3 w - - 3 32,a8c8 d7c8 e1a1 h8g7 a1a8 c8c1 h3h4 e3g1 h2h3 c1d1,2537,79,95,702,crushing endgame hangingPiece quietMove veryLong
y4n5Q,5Q2/3N4/6p1/1p1P1q2/1Pp2k1p/2P5/4p1P1/6K1 w - - 7 42,f8h6 f4g4 d7e5 f5e5 h6g6 g4f4,2529,78,92,1187,crushing defensiveMove endgame long
AEaay,2r2rk1/1p4p1/p3R1p1/2bN4/2P5/qP3P1P/6Q1/3R1K2 w - - 1 28,e6g6 a3b3 d5e7 c5e7,2533,77,91,1180,advantage middlegame short
7v1cD,8/4k2p/3p1pp1/3P4/1p2PP2/6P1/4K2P/8 b - - 0 39,f6f5 e4f5 e7f6 f5g6,2514,80,84,305,crushing endgame master pawnEndgame short
xBMHD,2r1k2r/1p2bpp1/pq2b2p/3pN3/B2PnB2/2P2Q1P/PP4P1/2KR3R b k - 4 18,e8f8 e5g6 f7g6 f4c7 e6f5 c7b6 e7g5 c1c2 e4d2 f3f5,2557,80,93,1917,clearance crushing discoveredAttack discoveredCheck middlegame sacrifice veryLong
yDoHO,5r1k/1pp3q1/1pb4p/3B1pp1/3Rp3/P1P1Q2P/1P3PP1/7K b - - 4 33,f8d8 d5c6 d8d4 e3d4 b7c6 a3a4,2506,78,91,1168,crushing defensiveMove endgame long
GWAGZ,5rk1/3q1pp1/p3p2p/1p6/1QrP4/2B3P1/4PPKP/2R1R3 w - - 0 25,b4a5 d7b7 e2e4 c4a4 a5a4 b5a4,2519,77,91,2188,advantage long middlegame trappedPiece
4Jh86,5r1k/7p/1p1pb2b/p1r1p3/P1P1Bq2/1P5P/3NQPR1/6RK b - - 9 37,f4d2 g2g7 h6g7 e2d2,2512,78,100,360,advantage deflection master middlegame short
NOL0i,6rk/1p3p2/2p2n2/4N3/4Pp1b/1P3P1P/1PPQNqr1/R5RK w - - 2 28,e5f7 h8h7 d2f4 g2g1 a1g1 g8g1 e2g1 h4g3,2584,80,93,488,crushing exposedKing kingsideAttack middlegame veryLong
tUFLo,8/6p1/8/3R1rk1/2PK4/8/8/8 b - - 1 47,f5d5 d4d5 g5f6 d5d6 f6f7 c4c5,2593,79,91,1768,crushing defensiveMove endgame long
9A7fO,1r4k1/5pp1/4p2p/1rQpN3/8/4P3/P3q1PP/2R2RK1 w - - 5 25,c5c7 b5b7 c7c2 e2e3 c2f2 e3e5,2571,79,95,853,advantage fork long middlegame
k5JdU,6r1/1bkpq2p/2pNp1p1/2PnPn2/rpRP4/5NP1/1Q4BP/4B1K1 b - - 3 28,f5e3 c4b4 d5b4 e1b4 e3c4 d6c4,2532,78,93,733,advantage long middlegame
SebCL,4kb1r/1N3p2/2pp4/4n1pp/Q1P1P1q1/8/5P2/B4R1K b k - 2 25,h5h4 a4a8 e8d7 a8d8 d7e6 d8c8,2550,80,91,1259,advantage long middlegame
kHWo1,8/7p/1R4p1/p6k/r7/5KP1/1P5P/8 b - - 3 37,a4b4 b6b4 a5b4 f3f4 b4b3 h2h3,2521,78,92,1853,crushing defensiveMove endgame long rookEndgame
a7Xmx,5r2/5P2/7P/2k3n1/8/8/5RPK/8 w - - 3 52,h2g3 g5e4 g3f4 e4f2 f4f5 c5d6,2510,78,91,795,crushing defensiveMove endgame fork long
MmwjZ,5r1k/1Qp5/3p4/1pb1p3/6pq/P7/1PPN1PP1/R4RK1 w - - 2 22,d2e4 g4g3 e4g3 h4g3 b7c7 f8f2 c7c8 f2f8 c8c5 f8f1 g1f1 d6c5,2527,80,91,652,crushing discoveredAttack discoveredCheck middlegame pin veryLong
KYvPK,r4r1k/4qpp1/1n2p2p/3n1P2/1p1PN2P/1P4Q1/P2B2P1/1K1RR3 w - - 1 24,f5e6 e7a7 a2a4 b6a4,2507,79,91,3074,crushing middlegame short
fbCE5,8/4q1pk/Q7/8/8/P1p3PP/4r1P1/6RK w - - 0 42,g1c1 e7e4 a6e2 e4e2,2532,78,93,959,crushing endgame short
uGAzP,6k1/5p2/4p1pp/1qQ5/3P4/7P/5PP1/6K1 b - - 1 32,b5c5 d4c5 g8f8 f2f4 f8e7 g1f2 e7d7 f2e3,2541,79,92,497,crushing defensiveMove endgame quietMove veryLong
FyzrS,7r/3k4/p1n1P3/3p1p1q/2pP1Q2/2P3P1/P4P1r/R3RK2 b - - 0 34,d7d8 f4d6 d8e8 d6d7 e8f8 e6e7 c6e7 d7e7,2515,79,91,853,advancedPawn crushing exposedKing fork middlegame veryLong
sPSZX,2R2R2/6rk/8/6Pp/8/3r4/6PK/8 b - - 0 50,g7g5 f8h8 h7g7 h8g8 g7f6 c8c6 f6f5 c6c5,2521,79,93,877,crushing endgame exposedKing rookEndgame veryLong
vk9bH,r7/1b1B3k/5rpp/p2nB3/2R4P/5pP1/1P3P1n/2RK4 b - - 1 39,f6f8 d7e6 f8d8 d1e1,2537,79,97,424,advantage defensiveMove middlegame short
3gkzC,1N4k1/1B3ppp/1b2p3/1Pr5/P6q/8/2Q3PP/5R1K w - - 5 30,c2d1 b6c7 g2g3 c7g3 d1d2 g3b8,2505,79,91,1759,advantage long middlegame pin
q62ar,8/8/1p1k2p1/p2P3p/2PK1Pp1/8/P6P/8 w - - 0 42,d4e4 h5h4 e4e3 a5a4,2541,80,92,756,crushing defensiveMove endgame pawnEndgame quietMove short
HGpIz,r2q1rk1/pbpn2pp/1p2p3/7N/Q7/2pP4/PP1KPbB1/R1B3NR w - - 0 16,b2c3 d8g5 d2c2 g5g2 a4d7 f8f7,2555,78,92,3896,crushing fork long opening
zmYIR,1r5k/p4p1p/4p1pP/1r2P3/N2P4/5P2/KPRQ2P1/5q2 b - - 8 41,h8g8 c2c1 b5b2 a4b2 f1a6 a2b1,2540,78,96,781,advantage defensiveMove endgame long master
SJwFa,1r3b1k/1q6/p2pQ1p1/4p2p/3pP3/3P2P1/PP4BP/2R3K1 b - - 1 28,b7b2 c1c7 b2c1 c7c1,2557,79,84,300,crushing endgame quietMove short
jnshc,1r6/2k5/5PP1/8/2P1B3/Pp2r3/1P5p/2K4R w - - 5 40,e4b1 b8d8 f6f7 e3g3 f7f8q d8f8,2524,79,93,577,crushing endgame long quietMove
eJVYJ,5r1k/2p2qpp/2p1b3/p4r2/P1PR4/2P2B2/2Q1PP1P/6RK w - - 8 23,d4g4 f5f3 g4g7 f7f5 c2f5 f3f5,2516,79,93,4049,advantage clearance long middlegame
IA1Mq,5rk1/p2Q1pp1/p7/2P3r1/1P6/P1N3R1/2q3KP/R7 w - - 1 31,g2h3 g5h5 h3g4 f7f5 g4f3 c2c3,2515,79,96,637,crushing exposedKing interference long middlegame
6P81s,8/p3k1b1/1p2p2p/1Pp1Pp2/P1N2K1P/2P5/8/8 b - - 0 40,e7f7 c4b6 a7b6 a4a5 b6a5 b5b6,2569,80,92,2274,crushing endgame long sacrifice
zbwfm,7r/p7/1ppk4/P2p3r/1P1Pp1p1/4P1P1/5PK1/4R2R w - - 0 39,a5b6 h5h1 e1h1 h8h1 g2h1 a7b6 h1g1 d6c7 g1f1 c7b7 f1e1 b7a6 e1d2 a6b5 d2c3 b5a4,2508,80,95,418,crushing endgame rookEndgame veryLong
jywIU,8/1b3k2/p7/1p1p4/3N1r2/1PPR4/2P2P1P/7K w - - 8 33,d3f3 f4f3 d4f3 d5d4 h1g2 a6a5,2531,80,93,903,crushing defensiveMove endgame long pin
BgmqO,8/R4ppp/p1kP1n2/8/1B1p4/P6P/1Pr3r1/R4K2 b - - 1 31,f6e4 a7c7 c6b6 b4a5 b6a5 c7c2,2517,79,96,576,advantage endgame exposedKing long
Qqutn,8/5pp1/4p1p1/1K2P1P1/1P2kP1P/4rr2/1R5B/8 b - - 0 46,f3f4 h2f4 e4f4 b5c6 f4e5 b4b5 e3c3 c6d7,2540,79,92,1352,crushing endgame quietMove veryLong
oBtFz,r4rk1/ppp1ppbp/6p1/3p4/3P1B2/2P1P2P/qPQK1PP1/3R3R b - - 1 15,c7c6 d1a1 a2c4 a1a5,2502,77,91,4584,advantage middlegame short
VMx2P,r6r/pbk1b1RN/1p1qp3/3p2nQ/B1pP4/2P1P3/PP5P/R1B3K1 b - - 2 26,g5h7 g7e7 d6e7 h5e5 c7c8 e5h8,2562,79,91,606,advantage interference long middlegame sacrifice
lnTm4,8/3R1pp1/p3p1kp/1pr1P3/5PPP/r1P5/2R5/6K1 b - - 0 37,f7f5 h4h5 g6h7 g4f5 e6f5 c2g2,2578,80,92,1328,crushing deflection endgame long rookEndgame
B9cMf,2r3k1/5p1p/pqr1pBp1/8/1p3P1Q/4b3/PP4PP/3R1R1K b - - 3 24,e3c5 f6e5 c5d6 d1d6 c6d6 h4f6,2520,80,90,748,advantage long middlegame quietMove sacrifice
CI685,8/8/1b1p4/3Pk3/BP5p/P1P1pp1P/3R1Pr1/5R1K w - - 0 44,d2c2 e3f2 c2f2 b6f2 f1f2 g2f2,2503,78,92,662,advancedPawn crushing endgame long
5OJVP,7k/4q1p1/2n2R2/p1p3Np/2Pr3P/BP2p1P1/P3Q1K1/8 b - - 0 34,g7f6 e2h5 h8g8 h5g6 e7g7 g6e8,2535,78,95,635,advantage endgame exposedKing long
Dzvjj,5r2/8/3N2k1/2pPp3/1r1n4/2K3PB/5P1P/R6R w - - 0 41,a1a6 f8f3 c3d2 f3f2 d2e3 f2e2 e3d3 b4b3 d3c4 e2c2,2505,78,95,3421,exposedKing mate mateIn5 middlegame veryLong
xrThU,R5n1/P2N2pk/7p/8/8/r7/5K2/8 b - - 0 52,g8e7 d7f8 h7g8 f8g6 g8f7 g6e7,2517,78,92,1786,crushing discoveredAttack discoveredCheck endgame long
Sn1A4,rr3k2/2R1b1p1/3p1p1B/3Pp3/4q3/6P1/3Q1P1P/2R3K1 b - - 0 27,g7h6 d2h6 f8f7 h6h5 e4g6 c7e7,2514,79,91,781,crushing exposedKing long middlegame
SMMNC,8/8/1pk4p/p2p1pP1/P1PP4/3K2P1/7P/8 b - - 0 35,h6g5 c4d5 c6d5 h2h4,2503,78,84,330,crushing endgame pawnEndgame short
h2tbQ,r7/p1p2pk1/1p4p1/4bq2/2P5/PQ2P1P1/1P3P2/R3R1K1 w - - 0 27,a1d1 f5f3 b3b5 c7c5 b5c6 f3c6,2582,78,96,852,crushing endgame long quietMove
b2aMj,8/8/5p1p/2k2KpP/5PP1/p1b1P3/B7/8 b - - 5 38,c3d2 f4g5 f6g5 e3e4 d2b4 e4e5 c5d4 e5e6,2539,80,91,1213,bishopEndgame crushing endgame master quietMove veryLong
l7cgf,4r1k1/5p1p/1qb3p1/5P2/2Bb4/p7/2PB2PP/3Q1R1K b - - 2 28,d4b2 f5g6 c6g2 h1g2 b6g6 g2h3,2519,80,86,390,advantage defensiveMove long master middlegame pin
DsQmJ,r3k2r/1bqp1pp1/pp2P3/2b1n1Np/6n1/2NB4/PPP1Q1PP/R1B2R1K b kq - 0 15,e5d3 e6d7 e8d8 g5f7 d8d7 e2d3 d7e8 c1f4,2592,80,91,2248,advancedPawn advantage discoveredCheck doubleCheck fork middlegame veryLong
jtxg5,8/2k5/8/p7/6p1/1pn4P/3R1P2/4K3 w - - 0 40,h3h4 a5a4 d2b2 c3b5,2528,80,93,771,advantage defensiveMove endgame quietMove short
HaOfq,4r1k1/pp1Q2b1/n5p1/2pP2q1/8/2P3P1/PP2r2P/R4RK1 b - - 0 30,e2b2 d7e8 g8h7 f1f4 a6c7 e8f7 c7d5 f4h4 g5h4 g3h4,2503,78,99,302,advantage exposedKing hangingPiece middlegame pin quietMove veryLong
Yhcje,6k1/4Qp2/p5p1/1p1qp1P1/8/KPP5/P7/8 b - - 6 41,d5e6 e7e6 f7e6 a3b2 a6a5 b2c2 g8f7 c2d3,2591,80,94,398,crushing defensiveMove endgame queenEndgame veryLong
LRd3L,2k4r/1bpr4/p2b1q2/1p4p1/6Q1/P1N1B2P/1PP2PP1/R4RK1 w - - 1 19,a1d1 h8h4 d1d6 h4g4 d6f6 g4g2,2513,79,92,1218,advantage kingsideAttack long middlegame sacrifice
jMpEH,r2q4/1b2p1k1/1p3rp1/2p1Q3/p2PN1p1/P2B4/1PP2P2/2K4R b - - 2 24,d8d4 e5e7 f6f7 h1h7 g7h7 e4g5 h7h8 g5f7,2505,80,93,671,attraction crushing fork middlegame pin sacrifice veryLong
jZGyM,8/8/4k1p1/7p/5n2/5P1P/5K2/2B5 w - - 10 55,f2g3 f4e2 g3h4 e2c1 h4g5 e6f7 f3f4 f7g7 f4f5 g6f5 g5f5 g7h6,2549,80,86,530,crushing defensiveMove endgame fork veryLong
b3omy,8/5B2/3k2p1/2p1p3/1p2P2p/1P2P3/6K1/8 w - - 0 39,f7g6 c5c4 b3c4 b4b3 c4c5 d6e7,2500,78,94,1040,bishopEndgame crushing defensiveMove endgame long
PuUZz,8/8/1p6/8/2k2KP1/8/8/8 b - - 0 74,b6b5 g4g5 c4d5 g5g6 d5e6 f4g5 b5b4 g5h6,2587,80,94,623,crushing defensiveMove endgame pawnEndgame quietMove veryLong
32Ije,8/p3k3/1pP5/6PP/2P5/b4K2/8/8 b - - 0 40,a3b2 h5h6 b2c1 f3g4 e7d6 g4h5,2584,80,94,539,bishopEndgame crushing defensiveMove endgame long
Uprdu,8/5b2/7k/5P2/5KPP/8/8/8 b - - 2 71,f7e8 f4e5 h6g7 e5e6 e8f7 e6e7,2528,80,92,3830,bishopEndgame crushing defensiveMove endgame long
gs8Eh,8/8/4Bpp1/4b3/1k1p2N1/2p4P/1p3PP1/1K6 w - - 0 49,g4e5 f6e5 e6f7 e5e4 f7g6 e4e3 f2e3 d4e3,2546,80,94,484,advantage endgame quietMove veryLong
Hf9UG,2r3k1/1pq2p1p/p1n2Q2/7r/2B1p3/4P3/PP3PPP/2RR2K1 w - - 1 22,d1d5 c7h2 g1f1 h5d5 c4d5 h2h1 f1e2 h1h5,2532,79,92,718,advantage kingsideAttack middlegame veryLong
PjgwO,5r1k/p1p3pp/3b4/4qP1n/6Q1/5P1P/PP1RN1K1/R7 w - - 7 24,g4h5 e5h2 g2f1 d6c5 e2g3 h2d2,2503,77,100,377,advantage long master middlegame quietMove
eB1Vx,2qr3k/1p1b2bp/pQ1Rp3/4Pp2/P1P2P2/2N1p3/1P5P/3R3K w - - 0 26,d6e6 e3e2 c3e2 d7c6 d1d5 d8d5,2532,80,93,893,advancedPawn advantage long middlegame
lIRum,8/6B1/8/5K2/1b6/3kN3/p7/8 w - - 2 57,e3d1 d3d2 d1f2 d2c2 f2e4 b4a3,2566,80,91,624,crushing defensiveMove endgame long
eAUme,8/5p2/p1p1k1p1/6P1/1PP1KP1p/7P/8/8 b - - 0 38,e6d6 c4c5 d6e6 f4f5 g6f5 e4f4,2508,80,91,794,crushing endgame long pawnEndgame zugzwang
ygAAI,r6r/4k1p1/p7/1p1pq3/4pP2/2P1P1pB/PPQ4K/R1B2R2 w - - 0 28,h2g3 h8h3 g3f2 e5h5 f2e1 h3h2 c2h2 h5h2,2506,77,90,831,crushing middlegame quietMove veryLong
uGyxo,6R1/8/8/8/1K6/4p3/5q2/2R2k2 b - - 9 70,f2e1 c1e1 f1e1 b4c3 e3e2 c3c2 e1f2 g8f8,2542,79,95,497,crushing endgame veryLong
JhR8D,8/8/1Kp5/2r1PpB1/4kP1P/8/8/8 b - - 1 54,c5c1 e5e6 e4d5 e6e7 c1e1 b6c7,2503,80,91,618,advancedPawn crushing endgame long
IqGmr,r2qkb1r/ppp2ppp/2n2nb1/4p3/2B1P1PN/7P/PPPN1P2/R1BQ1RK1 b kq - 2 10,f6e4 h4g6 e4d2 c4f7 e8f7 g6h8,2532,79,91,2146,advantage attackingF2F7 attraction long opening
pzHwX,r2k3r/pppb2qp/4BNp1/2B1n3/8/8/PPP3PP/3R1R1K b - - 6 22,c7c6 f6d7 e5d7 c5d4,2534,79,91,669,advantage middlegame short
9UXfh,4b2Q/5p2/p1q1Pkp1/1p1p1pN1/3P4/8/PP3P1P/2r1R1K1 b - - 4 32,f6g5 h2h4 g5g4 g1g2,2561,80,93,1614,advantage defensiveMove endgame master short
UKQZv,4r1k1/1pq2pbp/p4np1/3prb2/5B2/P1PB3P/1PQ2PP1/R3RNK1 b - - 5 19,f5d3 f4e5 c7e5 c2d3 e5e1 a1e1,2543,80,99,452,advantage intermezzo long middlegame
ZlLzF,rb2r3/1k1n3R/p1p5/Pp1pP3/1P3Q2/1q4P1/5PK1/R7 b - - 2 35,b8e5 h7d7 b7c8 f4f5 b3d3 f5d3,2516,78,92,2178,crushing hangingPiece long middlegame
sj8Ez,8/1Pk5/4P3/2KB4/8/8/7r/8 b - - 0 55,h2c2 c5d4 c2e2 d5e4 e2b2 d4e5,2509,79,92,2479,crushing defensiveMove endgame long master masterVsMaster quietMove
dIocR,3r3k/1pq3p1/6bp/p1P5/1PQ3P1/P2p1B2/5PK1/3R4 b - - 3 38,b7b6 c4e6 c7f7 e6f7 g6f7 c5b6,2546,79,84,405,crushing endgame long
uGeu5,7k/pp2r2p/3q2p1/4b2Q/B7/8/P1P3PP/4R2K w - - 0 28,h5h4 e5f6 h4f2 d6f4 f2f1 e7e1,2544,77,93,1908,clearance crushing endgame long pin
281SC,8/n7/P6k/3K3P/3N4/2p5/8/8 b - - 1 45,h6h5 d5c4 h5g5 c4c3,2546,79,95,1141,crushing endgame knightEndgame short
20Bo6,8/pp2kp1p/8/2K2n2/5n1P/2B5/PPP5/3B4 w - - 0 29,c3e1 f5e3 d1f3 f4e6,2618,78,92,2734,advantage endgame short
uyI68,4Rrk1/pp3rpp/8/3Q4/2p2P2/2q3P1/P5PK/4R3 b - - 1 29,c3f6 e8f8 g8f8 e1e6 f6e6 d5e6,2672,80,92,786,crushing endgame long pin
84Qn7,6r1/p7/8/3r3p/2PnpP2/1P3k2/P4P2/2RR1K2 w - - 0 30,c4d5 d4e2 f1e1 e4e3 f2e3 f3e3 d1d3 e3d3,2624,79,92,3689,crushing endgame veryLong
HGUvI,6r1/2p1Q3/3p1n1k/2pq1b2/p4P2/P5NP/1P5P/4R1K1 b - - 3 34,g8g6 e7f8 g6g7 f8f6 f5g6 f4f5 d5d4 f6d4,2605,78,93,2295,crushing deflection exposedKing middlegame veryLong
yocLB,8/8/8/3pkpp1/8/5PPP/5K2/8 b - - 1 41,e5d4 h3h4 g5h4 g3h4 f5f4 f2e2 d4c3 e2d1,2604,80,94,728,crushing defensiveMove endgame pawnEndgame veryLong
5cTHP,4k3/8/3Kp1p1/p3P3/P6R/1p5P/2r3P1/8 w - - 0 35,d6e6 c2c6 e6d5 c6b6 h4h8 e8e7,2600,80,91,1099,crushing defensiveMove endgame long quietMove rookEndgame
WIUn2,3rr1k1/1R3ppp/p2P4/2p3P1/n1P2P2/2qB1Q2/5RKP/8 b - - 0 33,d8d6 f3e4 e8e4 b7b8 d6d8 b8d8 e4e8 d8e8,2626,79,91,2344,master mate mateIn4 middlegame sacrifice veryLong
kBnKa,2r5/pbqknQ2/1p1b1B2/4P3/3p4/P5P1/1P3PKP/R3R3 w - - 0 34,g2g1 c7c6 e5e6 d7d8 f2f3 c6f3 f6e7 d6e7 f7f3 b7f3,2632,78,91,1005,advantage middlegame quietMove veryLong
cHwF2,8/p5Rp/1kp5/8/p1nP4/2PR4/7r/2K5 w - - 0 32,d3f3 a4a3 f3f7 c4a5,2641,79,91,815,crushing defensiveMove endgame short
MvzIc,8/7p/3n2p1/1pR1k3/4p3/1N2q2P/6P1/3R3K b - - 5 52,e5e6 b3d4 e6e7 c5c7 e7f6 c7c6,2656,80,86,484,advantage endgame exposedKing long master masterVsMaster pin
RKyY8,8/8/8/pk3p2/1P1KpP2/P7/8/8 w - - 1 40,b4a5 b5a5 d4c3 a5b5 c3b3 b5c5,2664,80,92,1501,crushing defensiveMove endgame long pawnEndgame
Gqup8,Q1b1k2r/p2q1ppp/8/2p5/5n2/P3P3/1P3PPP/R3K2R w KQk - 0 17,e3f4 e8g8 e1g1 c8b7 a8a7 d7c6 f2f3 f8a8 a7a8 b7a8,2614,80,93,2619,advantage castling endgame trappedPiece veryLong
gN3Rt,8/5pk1/p3p3/1p1pP2q/3P2p1/1P3N2/5KP1/2Q5 w - - 0 35,c1g5 h5g5 f3g5 a6a5 f2g3 a5a4 g3g4 a4a3,2634,80,100,383,crushing endgame quietMove veryLong
bOsz0,8/1N6/8/p6b/PpPp1k2/1P6/8/4K3 w - - 0 43,b7a5 f4e3 c4c5 h5f7 a5c4 f7c4,2656,78,85,422,crushing endgame long
oQWul,3r2k1/1P3pp1/Q3p2p/8/8/P1qp3P/5PP1/5RK1 b - - 0 29,d3d2 a6d6 d8d6 b7b8q g8h7 b8d6,2650,79,86,317,advancedPawn advantage attraction deflection endgame fork long promotion
KnnXI,5k2/pp1q4/8/2pP1N1p/1nP3nP/5pPK/PP3P2/1Q2R3 w - - 2 30,e1e6 b4d3 b1d3 g4f2 h3h2 f2d3,2621,80,92,1296,advantage attraction endgame fork long sacrifice
IqAtY,8/5k1p/p2p4/2bPpK2/P3P3/4B3/8/8 w - - 6 42,e3c5 d6c5 f5e5 c5c4 e5d4 h7h5,2630,79,96,414,crushing defensiveMove endgame long quietMove
vEkQK,8/8/5k2/5p2/r6R/5pKP/5P2/8 b - - 1 46,a4h4 g3h4 f6e5 h4g3 e5e4 h3h4,2619,80,100,524,crushing defensiveMove endgame long
Vzvkv,6R1/5p2/p1r4p/1p3bpk/2p5/P1B2P2/1PP3P1/6K1 b - - 0 32,f5c2 g2g4 h5h4 g1g2 c6e6 c3d4 e6e2 d4f2 e2f2 g2f2,2617,80,92,647,advantage endgame quietMove veryLong
DsmLc,5rk1/ppp3pp/4p3/3n4/3Pq1r1/2P2NPR/PP4PP/R2Q2K1 w - - 3 21,f3e5 d5f4 d1d2 f4e2 d2e2 e4e2,2640,78,91,2582,crushing kingsideAttack long middlegame
Rtpza,1k2r3/1bp2p2/pp4p1/3P3p/Pq2NP2/1P1Q2P1/K1P5/3R4 w - - 3 26,d5d6 b4e4 d6c7 b8c7,2645,80,91,1238,crushing endgame master short
GVjwg,3qk2r/Q1p2pp1/P1b1p3/8/1nBP4/4P3/1P2NPpP/R4RK1 w k - 0 19,f1c1 h8h2 e3e4 d8h4 a7b8 e8d7 c4e6 f7e6 b8c7 d7c7,2694,79,87,329,crushing middlegame veryLong
X9c9h,8/2rB2R1/3kP3/1p4p1/1P6/1Kpr4/2P5/8 w - - 0 46,c2d3 c3c2 e6e7 c7c3 b3c3 c2c1q,2634,80,92,2024,advancedPawn attraction clearance crushing endgame long promotion
oiAjL,1r3r1k/2pq2p1/pb5p/6n1/2PP4/1PQ1RpP1/PB3P1P/R4K1B w - - 3 26,h1f3 f8f3 e3f3 d7h3 f1g1 b6d4,2606,77,92,1855,advantage long middlegame sacrifice
F5sKx,2kr4/1p3RQ1/p1nPp2p/1qP5/4r3/1P6/P5PP/2R3K1 b - - 0 25,h6h5 f7f4 e4e1 c1e1,2602,80,93,1025,advantage middlegame short
MYB8H,6k1/1pq2pbp/p1n1b1p1/2Q3N1/8/3P4/P1P2PPP/4R1K1 b - - 5 26,e6d7 c5c4 d7f5 e1e8 g7f8 c4c5,2657,79,91,2152,advantage long middlegame pin
ZaQes,5rk1/2r2p1p/R3p1pQ/p3q3/Pp2P1P1/3B4/b6P/5R1K b - - 1 32,c7c3 f1f7 c3c1 h1g2 c1g1 g2h3,2652,80,97,675,advantage defensiveMove long middlegame
umN9z,7k/pb4p1/1p5r/8/2B2Nnr/2P1p2P/PP4P1/4RR1K w - - 0 32,c4d3 g4f2 f1f2 h4h3 f4h3 h6h3 h1g1 e3f2 g1f2 h3d3,2618,77,91,1766,advancedPawn advantage middlegame pin sacrifice veryLong
rvabc,2r1n1k1/3b1ppp/p3p3/1p2b3/4PqN1/1P3P2/P3BPKP/1Q2B2R b - - 5 28,e8f6 b1d1 e5b2 g4f6 b2f6 d1d7,2630,79,92,908,advantage long middlegame
fuL2A,r1b2Q2/ppk4N/1q2p2p/3pn3/2pP2P1/8/PP4KP/R1B5 b - - 0 30,b6d4 f8f4 d4f4 c1f4,2601,80,92,866,advantage middlegame pin short
q0Yqw,1q3bk1/3Q1p2/pr1p2p1/3B3p/2PP3P/6p1/5PK1/R7 b - - 1 31,f8g7 a1e1 g3f2 e1e8 g8h7 e8b8,2638,79,94,666,crushing endgame fork long quietMove
u4Jvn,4q3/6k1/p5r1/8/3PB3/2P4b/PPQ2P2/4R1K1 w - - 0 38,g1h2 e8b8 h2h1 h3f5,2603,79,93,1958,crushing endgame short
z1CSe,r6k/p3r2p/3pNp2/2pPnp1Q/5N2/6RP/P5PK/4q3 b - - 13 27,e1f2 h5f5 f2g3 h2g3,2600,80,92,1006,advantage master middlegame short
5U0cy,6k1/5pp1/p1q4p/1pNp4/1PnP2P1/P5QP/5P2/6K1 b - - 1 32,c6f6 g3b8 g8h7 c5d7 f6d6 b8e8,2615,79,86,822,crushing endgame long
vKTKA,2kr2nr/p1pb2q1/1p3pnp/8/2PB4/Q1P2B2/P6P/2KR1R2 b - - 1 23,c8b8 d4b6 c7b6 a3d6 b8c8 d6d5,2615,79,92,629,crushing long middlegame queensideAttack sacrifice
7sxWG,r4rk1/p4ppp/1p3nn1/2pPp3/2P1P3/PQ1BBP1q/4NK1P/R5R1 w - - 4 20,g1g2 g6h4 g2g3 h3h2 f2e1 f6h5,2634,80,91,1175,advantage long middlegame
tdRsn,4r3/p1r4k/2p2BR1/5N1P/1p6/1P2p3/1PP3n1/2K5 b - - 1 34,g2f4 g6h6 h7g8 f5d6 c7h7 h6h7 g8h7 d6e8,2612,78,91,480,advantage endgame master veryLong
2Oeko,3r1rn1/5p1k/p5p1/1p5p/8/3B1R1Q/Pq3PPP/4R1K1 b - - 1 34,f8e8 h3h5 h7g7 f3f7 g7f7 d3g6 f7f8 g6e8,2615,80,92,2504,attraction crushing middlegame pin sacrifice skewer veryLong
TRGuO,8/p7/2pk2p1/7p/2P3rP/1P1N1KP1/2P5/8 b - - 3 46,c6c5 d3f2 g4d4 c2c3 d4c4 b3c4,2656,80,85,330,crushing endgame long
kUcHO,5rk1/2p2pp1/p3p2p/1p1r4/2qPQRP1/8/P5PP/5RK1 b - - 0 28,g7g5 e4g6 g8h8 g6h6 h8g8 h6g6,2634,80,94,740,crushing endgame fork long
KA8lH,7Q/8/4p3/3b1k2/1P2pP1p/2P2np1/6K1/8 w - - 2 54,h8f8 f5g4 f8g7 g4f4 g2h3 f4e3 c3c4 d5c4,2618,80,93,963,crushing endgame veryLong
9QWtp,8/5pk1/7p/p2P2pP/1p5q/3Q4/6P1/6K1 b - - 4 43,h4h5 d5d6 h5h4 g2g3 h4g4 d6d7 g4d7 d3d7,2605,80,93,1092,advancedPawn crushing endgame queenEndgame veryLong
vYmdt,4r1k1/pp6/2p4p/3p2P1/3Q1P2/q7/P2Br2P/5R1K b - - 0 27,h6g5 d2c3 a3e7 d4h8 g8f7 h8h5,2639,78,94,479,advantage endgame exposedKing long quietMove
Y5KEx,8/3krp2/8/2pB4/2P2PP1/7P/5K2/8 b - - 1 38,f7f6 h3h4 e7h7 h4h5,2647,80,84,455,crushing defensiveMove endgame quietMove short
C3db2,3r4/p1Q2pk1/7p/8/b4p1q/P2B3R/5PP1/7K b - - 3 31,h4f2 c7e5 g7g8 h3h6 f2e1 e5e1,2616,80,94,710,crushing deflection endgame long
GO9Bu,r1b2rk1/1p1p2p1/p1n2P2/5PN1/3pR2P/6q1/P2Q2P1/2R4K b - - 0 26,f8f6 d2e2 d7d5 e4e8 f6f8 e2h5,2617,80,92,942,crushing defensiveMove long middlegame pin
lsVmZ,8/8/8/p1pk2K1/P7/7P/8/8 w - - 1 51,h3h4 c5c4 g5f4 c4c3 f4e3 d5c4 h4h5 c4b3 h5h6 c3c2 e3d2 b3b2 h6h7 c2c1q,2609,80,91,3170,advancedPawn crushing endgame master pawnEndgame promotion quietMove veryLong
wfXwz,7Q/p1p5/1p1p2p1/5pk1/1PP1r3/P3Pq2/5P1P/3R1RK1 w - - 7 31,h2h4 g5g4 h4h5 g6g5 f1e1 g4h3,2644,80,93,409,advantage defensiveMove endgame long quietMove
MkL1v,4r1k1/pp1q1rpp/1n3B2/3p4/2pP1Q2/2P3R1/P1P3PP/5RK1 b - - 2 23,e8f8 f6g7 f7f4 g7f8 g8f8 f1f4,2626,79,92,1700,advantage attraction discoveredAttack discoveredCheck intermezzo kingsideAttack long middlegame sacrifice
HvyZa,6r1/3b1k2/2P5/p1Pp4/3P1P2/1QP3Pq/5PK1/R4R2 w - - 1 32,g2f3 h3h5 f3e3 g8e8 e3d2 h5e2 d2c1 e2f1 b3d1 e8e1,2650,80,94,853,crushing endgame pin veryLong
U2uZM,1k5r/1pR2pp1/pn1r4/P2P4/6Pq/1Q2PB2/1P3KP1/2R5 w - - 3 30,g2g3 h4h2 f2f1 d6f6 f1e1 h2g3,2610,78,96,384,advantage long middlegame pin
4BCya,4rk2/1prqbppb/p2p1n1p/5P2/2PQ2P1/PPN3BP/6B1/3RR1K1 w - - 1 22,g3d6 d7d6 d4d6 e7d6 e1e8 f6e8,2600,80,92,1193,advantage long middlegame
bCe4l,8/8/6p1/7p/6kP/6P1/2q3QK/8 b - - 13 68,c2f5 g2h3 g4f3 g3g4 f3e4 g4f5,2631,78,91,1075,crushing discoveredAttack discoveredCheck endgame long queenEndgame
QjwuR,8/2Q4p/6pk/5p2/4q1P1/7K/7P/8 w - - 2 43,g4f5 e4f3 c7g3 f3g3 h3g3 g6f5 g3f4 h6g6,2623,79,100,454,crushing defensiveMove endgame exposedKing queenEndgame veryLong
u9c0l,6k1/1p1r2p1/p2P3p/4qp2/4N1Q1/7P/PP3PP1/3R2K1 w - - 0 32,d1d5 e5d5 e4f6 g8f7 g4a4 b7b5 f6d5 b5a4,2602,79,92,4332,advantage endgame hangingPiece veryLong
6tORI,8/8/1p1kpp1p/p7/1PPP2PP/4K1P1/8/8 w - - 1 35,b4b5 e6e5 e3e4 e5d4 e4d4 a5a4,2652,79,85,350,crushing defensiveMove endgame long pawnEndgame
xcubh,r2q1rk1/1R3ppp/2p5/p7/4N3/b4QP1/2P2P1P/5RK1 b - - 0 18,f7f5 f1d1 f5e4 f3b3 g8h8 d1d8,2639,79,93,740,advantage fork long middlegame sacrifice
Uy4wj,8/p7/1p2k1p1/1Pp1p2p/2P3PP/P2P1K2/8/8 b - - 0 37,e6f6 g4h5 g6h5 f3e4 f6e6 a3a4 e6f6 e4d5 f6f5 d5c6 f5f4 c6b7 f4e3 b7a7 e3d3 a4a5 e5e4 a5b6 e4e3 b6b7 e3e2 b7b8q,2680,79,91,3283,advancedPawn crushing endgame pawnEndgame promotion quietMove veryLong zugzwang
JQLgR,8/2p1rkp1/1pP3R1/pP2pP2/P3K3/8/8/8 b - - 1 63,f7g8 f5f6 e7f7 e4e5 f7f6 g6f6 g7f6 e5e6 f6f5 e6d7,2635,78,98,450,crushing endgame rookEndgame veryLong
Bx5d9,8/1r6/7p/4p3/1Bkp2P1/Pp5P/1R3P2/6K1 w - - 4 44,g1f1 b7b4 a3b4 c4c3 b2b1 c3c2,2611,79,96,408,crushing endgame long sacrifice
nqMc2,4rrk1/1p4pp/6p1/pP6/P2P1N1q/2N1n3/3Q4/2R2RK1 w - - 1 27,f4g2 f8f1 c1f1 h4h2 g1h2 e3f1 h2g1 f1d2,2644,79,91,500,advantage attraction exposedKing fork middlegame sacrifice veryLong
FH4s2,8/p1k3q1/1b6/4pP2/2Q1B3/2P4P/Pr3PPK/8 b - - 7 39,c7b8 c4d5 b8c8 d5a8 c8d7 a8b7 b6c7 b7b2,2600,80,92,1300,crushing endgame veryLong
g6RIJ,4q2r/3p1pbk/2bPp1p1/p1Q3Pp/1p3R1N/1P2R2P/5P2/6K1 b - - 2 32,e8a8 f4f7 h8f8 f7e7,2643,80,91,302,crushing master middlegame short
8HeZA,2rr2k1/p3Q1pp/1p2p3/1b1pPp2/3P4/P6P/1Pq3P1/2BRR1K1 b - - 3 29,b5d7 c1g5 f5f4 d1c1 c2g6 c1c8 d8c8 e7d7,2614,80,92,1915,clearance crushing middlegame quietMove veryLong
qUzCM,8/1PR3p1/7k/2K5/7p/1r6/8/8 b - - 1 44,b3b7 c7b7 h6g5 c5d4 h4h3 d4e3 h3h2 b7b1,2615,79,93,489,crushing defensiveMove endgame hangingPiece master rookEndgame veryLong
ykifd,8/8/8/8/5kpr/6R1/6KP/8 w - - 2 58,g2f2 h4h2 g3g2 h2h1 g2g4 f4g4,2634,79,94,507,crushing endgame long quietMove rookEndgame
MiPyz,8/6p1/p3pk1p/1p3p1P/1P1P1P2/1P2K1P1/8/8 b - - 4 37,g7g6 d4d5 g6h5 e3d4 h5h4 g3h4,2607,80,94,1935,crushing endgame long pawnEndgame
AhHih,rr6/5k2/3P2p1/2R5/6R1/1p6/P4PQK/3q4 w - - 0 38,a2b3 d1d6 g2g3 d6c5 g3f3 f7g7,2614,79,92,957,advantage defensiveMove endgame fork long
UjUK6,rn2k2r/ppp2p1p/2q1b3/6B1/4N3/5Q2/PbP3PP/4RR1K b kq - 3 16,b8d7 e4d6 e8f8 g5h6 f8e7 f3f7,2640,79,93,2476,crushing long middlegame pin
HoxUw,6r1/1k5p/p1p4Q/3p4/3q3n/3P4/PPPB3P/R6K w - - 0 26,a1e1 d4g4 e1e7 b7b6 d2e3 d5d4 e3d4 g4d4,2615,78,84,407,advantage defensiveMove endgame quietMove veryLong
dS0lc,r2q2r1/1p2b2k/p1n1Pn1p/3Np3/P2pP3/4B2P/1PP3B1/R2Q1RK1 b - - 1 21,f6d5 f1f7 h7h8 d1h5 e7g5 e3g5 d8g5 h5g5 g8g5 e4d5,2602,78,83,393,advantage middlegame pin veryLong
66UiF,8/2p5/1p1n4/pPn4k/2P2B2/3B3P/8/6K1 w - - 1 40,f4d6 c7d6 d3b1 c5a4 b1c2 a4c3,2664,79,93,501,crushing endgame long quietMove
z2yRN,8/1p4p1/1p1k1p2/pP3Pp1/P1K1p3/2P3P1/5P1P/8 w - - 0 34,h2h3 d6e5 g3g4 e4e3 f2e3 e5e4,2626,80,93,2077,crushing endgame long master pawnEndgame zugzwang
wwnyW,4Q3/pkr2Rp1/3b4/3pp1qp/1P1PbN2/2P5/P2K4/R7 w - - 8 37,f7c7 b7c7 e8f7 c7b6,2667,80,94,643,advantage defensiveMove middlegame pin short
CICay,8/1p6/p2k2P1/n2P4/4K3/3N4/2p5/8 b - - 1 47,a5b3 g6g7 b3c5 e4d4,2605,80,93,905,advancedPawn crushing defensiveMove endgame knightEndgame master short
CHMHF,2r4r/1N2bk1p/p3R1p1/6P1/1n2P3/1N2qP2/2P3Q1/1KR5 w - - 1 28,g2g4 c8c2 b7d6 f7f8 g4f4 e3f4,2655,80,98,436,crushing long middlegame
HnX65,r1b4r/pp2b1k1/3q1p1p/3p1Pp1/P1pN4/2P3P1/4QKP1/1B2R3 b - - 3 25,h8f8 e2h5 f8g8 d4e6 c8e6 f5e6 d6b6 f2f1,2603,80,100,349,advantage defensiveMove middlegame veryLong
SjDhC,8/5kb1/p4P2/1p6/2pP3B/4p3/PP5P/6K1 b - - 0 44,g7f6 h4f6 f7f6 g1g2 e3e2 g2f2,2637,80,95,701,bishopEndgame crushing endgame long
RtJTO,6k1/pb2r2p/1ppqppp1/4R1Nn/1P1P3P/P5P1/2Q2P2/3R2K1 w - - 0 26,g5h7 g8h7 e5h5 h7g7 h5c5 b6c5,2642,79,92,648,advantage long middlegame trappedPiece
G2C2b,r4rk1/pQ3ppp/3p4/3N4/2P1p1q1/5nP1/PP3PK1/R6R b - - 1 25,h7h5 d5e7 g8h8 b7e4 f3h4 h1h4 g4e4 h4e4,2623,79,92,5475,crushing discoveredAttack middlegame veryLong
UxOFX,6Q1/3kr2p/8/1p1R4/1Pn3K1/6P1/P4P2/7q b - - 14 45,d7c6 g8c8 c6d5 c8a8 d5d4 a8h1,2609,79,96,740,advantage endgame long sacrifice skewer
xLCVE,8/p2R4/1r2ppkp/8/2B2P2/b1P5/6PP/6K1 w - - 3 31,d7a7 a3c5 g1f1 b6b1 f1e2 b1b2,2600,80,96,401,advantage endgame long
A016D,4rk2/Qpp2ppp/4P3/3p4/8/P7/1Pq2PPP/4R1K1 b - - 0 24,c2b2 e6e7 f8g8 a7a4 b2b5 a4b5,2627,79,85,302,advancedPawn crushing endgame long
msmIZ,r2q2k1/p1p3r1/1p6/3PPR1Q/PPP2p2/6b1/2B4P/7K b - - 0 34,d8e8 h5h6 e8g6 f5f8 a8f8 c2g6,2605,80,94,730,advantage discoveredAttack exposedKing long middlegame
lneSH,5r1k/pp3pR1/2pp3p/7q/2PPr3/1P2P1Q1/PK3RP1/8 b - - 2 26,h5d1 g7g6 f7g6 f2f8,2649,80,92,2133,advantage endgame kingsideAttack short
DXaWP,8/5pp1/1p5p/2kP4/1pP3P1/1P6/2K4P/8 b - - 1 42,g7g6 c2d3 b6b5 c4b5 c5d5 b5b6 d5c6 d3c4 c6b6 c4b4,2621,80,92,1751,crushing endgame pawnEndgame veryLong
bMKty,2kr3r/1pp1npp1/1P1p4/1P1P1q2/2B5/2P5/5PpP/R2QR1K1 b - - 1 20,f5h3 d1g4 h3g4 e1e7 g4d1 a1d1,2614,78,93,2089,crushing long middlegame sacrifice
R0Ssr,2k4r/p1p3p1/3p1p2/4nP2/PqNpP2r/1R1P4/1P3KR1/3Q4 b - - 9 30,b4c5 b3b5 h4f4 f2g3 c5c4 d3c4,2612,80,92,521,advantage defensiveMove long middlegame
YH1HJ,5r2/pbp3pk/2pq3p/2b4Q/5p1P/1P4P1/PB1P1P2/R4RK1 w - - 0 22,b2e5 d6d5 h5e2 f4f3,2688,79,93,923,advantage middlegame short
964hk,1k1r3r/2p5/p1P5/4R3/5Rp1/1P2Q1P1/P5Bq/6K1 w - - 0 36,g1f1 d8d1 f1e2 h8d8 f4f2 h2g1,2602,79,92,682,advantage clearance long middlegame pin quietMove
UcZ9w,8/pp4k1/7p/5pp1/4p3/2P4R/bP3PPP/6K1 w - - 2 25,g1f1 a2c4 f1g1 f5f4,2638,79,91,1410,advantage defensiveMove endgame short
SmHxV,8/5p1p/6p1/1p6/8/kPK3P1/5P1P/8 b - - 2 37,b5b4 c3c4 f7f5 h2h4 h7h6 f2f3 g6g5 h4h5 g5g4 f3f4 a3b2 c4b4,2618,80,92,2450,crushing defensiveMove endgame pawnEndgame quietMove veryLong zugzwang
qfk4z,r1bqk2r/1pp2p2/pbnp3p/3P4/PPB1n3/6p1/1B3PPP/RN1QNRK1 w kq - 0 14,d5c6 d8h4 h2g3 e4g3,2638,79,92,1736,crushing middlegame pin short
T4SwO,8/7p/p1k3p1/2P1p3/P1K1Pp2/5P2/6PP/8 w - - 1 35,g2g3 f4g3 h2g3 g6g5 g3g4 a6a5 c4c3 c6c5,2674,80,92,429,crushing endgame pawnEndgame quietMove veryLong zugzwang
nyavA,6k1/5pp1/2R1p1b1/p2pP2p/P2P4/1q2P3/3Q2PP/6K1 w - - 0 31,d2a5 b3e3 g1h1 g6e4 c6c2 e4c2,2630,80,93,554,crushing endgame long
fG92I,4rrk1/pp4p1/3p3p/2pP1q2/2P1Nn2/3B2Qb/PP3R1P/6RK b - - 1 25,g7g5 e4g5 f5g5 f2f4 g5g3 g1g3 g8h8 f4f8,2600,80,92,745,advantage exposedKing fork middlegame veryLong
ncrMh,7r/p7/1p3k2/2rPp3/P1P1p1q1/4P1p1/2R2PQ1/2R3K1 w - - 0 34,g2g3 g4f3 g1f1 h8h1,2633,80,85,458,crushing endgame short
9nAUU,8/8/3k2Q1/5Kp1/6P1/8/8/2q5 b - - 6 59,d6d5 g6g8 d5d4 g8d8,2672,80,95,776,crushing endgame master queenEndgame short
7jTFA,8/4Q3/5pp1/p4k2/P1Pp1P2/2q1p1P1/7R/1r1B1K2 w - - 1 43,e7c5 f5e4 c5d5 e4d3 d5f3 c3c1,2610,80,92,674,crushing endgame long pin
bW6w5,4k2r/3n1p2/p2Pp1pp/8/P3R1PP/2nR1Q2/2q2P2/6K1 b k - 0 28,d7c5 d3c3 c2e4 f3e4 c5e4 c3c8 e8d7 c8h8,2606,80,93,1210,crushing middlegame sacrifice skewer veryLong
HKcQ7,r5n1/ppp3Qp/8/3B3P/3PPkb1/3K2b1/PPP2qP1/RN5R w - - 2 19,d5g8 g4e2 d3c3 f2e3 c3b4 a7a5 b4c5 b7b6 c5c6 e3e4,2638,80,90,598,crushing middlegame veryLong
nBTMr,8/3n1Qpk/4p2p/3pP2B/2pP4/2P2N1P/1qr2nP1/R5K1 b - - 0 33,f2h3 g1h2 h3f4 f7f4,2621,78,91,1055,advantage defensiveMove middlegame short
Z8hGx,3r2k1/p1p2p2/2p4p/4P1p1/5P2/Q1P4P/Pr3qP1/4R1RK w - - 0 28,f4g5 d8d3 g5h6 g8h7 a3b2 f2b2,2643,80,93,1090,crushing endgame long
bm0sQ,8/pp6/8/3pk2p/P4p1P/2P2K2/1P3P2/8 b - - 0 36,a7a6 a4a5 e5f5 b2b3 f5e5 f3e2,2640,78,92,567,crushing defensiveMove endgame long pawnEndgame quietMove zugzwang
uFEYT,Q3N3/p2n1p1p/7k/2p2Pp1/2Bbp1nq/8/PP4PP/R1B2R1K w - - 0 24,h2h3 h4g3 a8c6 f7f6 c6d6 d4e5,2647,79,92,1759,crushing defensiveMove long middlegame
U5t5Z,2b5/5pkp/1q4p1/3Pn3/1Pp1Pn2/7P/5PP1/1BRQ1RK1 w - - 0 23,d1d2 e5f3 g2f3 b6f6 d2f4 f6f4,2641,80,95,321,advantage long middlegame quietMove sacrifice
AGIXS,3q3k/7p/4Q3/P1PpP3/1p1P2Pb/4Pr2/8/R1B3K1 w - - 1 36,a5a6 d8f8 a1a2 f3f1 g1h2 f1f2 h2h3 f2a2,2636,79,93,639,crushing endgame exposedKing fork veryLong
vTajy,4n3/R4Qpk/3q2p1/1p6/3B2Pr/1P3P2/P6P/6K1 w - - 1 35,d4g7 d6h2 g1f1 h2h1 f1e2 h4h2 e2e3 h1c1 e3e4 e8d6,2642,80,97,351,crushing endgame veryLong
xlx5R,4rr1k/1p5p/4Pn1q/8/4Q3/pPB5/P1P5/1K4R1 b - - 2 32,h6h3 e4b7 h3h6 c3d2 h6g6 g1g6,2619,78,96,518,advantage long middlegame
cGRGo,8/8/8/R3pp2/5k2/5P1p/5n1K/8 w - - 2 46,a5a4 f4f3 a4a3 f3g4 h2g1 f2e4,2611,80,92,1018,crushing defensiveMove endgame long
pPrjx,6k1/1pp3p1/3p1r1p/8/3p1P2/P2P3q/8/R2Q1RK1 w - - 0 25,d1f3 f6g6 g1f2 h3h2 f2e1 g6e6 e1d1 h2b2,2660,79,93,744,crushing endgame exposedKing veryLong
RhgFS,3r2k1/5pp1/4q2p/1p2Pn2/1P3P2/2B2Q1P/6P1/2R4K w - - 10 37,g2g4 f5h4 f3e4 d8d3 e4a8 g8h7,2647,80,92,994,crushing defensiveMove endgame long
n9D8t,r2q1r2/1pp2kpp/1pnpn3/4PP2/6Q1/8/PPP3PP/R1B2RK1 b - - 0 14,e6c5 c1g5 c6e5 g4h5 f7g8 g5d8,2629,80,100,315,advantage long middlegame
LDqDv,br4rk/4qpp1/3b1n1p/p2pN3/1PpP1P2/2N1PRRP/1PQ3P1/1B4K1 b - - 0 26,a5b4 g3g6 f6e4 c3e4 d5e4 g6d6,2615,80,92,2244,crushing long middlegame
pKqEC,8/8/7p/3pkPp1/8/3KPPP1/8/8 b - - 0 45,e5f5 g3g4 f5e5 d3c3 d5d4 e3d4 e5d5 c3d3,2630,80,92,1177,crushing defensiveMove endgame pawnEndgame veryLong
hv8Zv,r2r2k1/1bq1pp1p/pp4p1/2p1b3/2N1P3/1P1P3P/P3BPP1/1R1QR1K1 b - - 2 19,b7e4 c4e5 c7e5 e2f1 e5f6 e1e4,2602,79,95,1019,advantage discoveredAttack long middlegame quietMove
3RZ5c,8/p7/1p4k1/2p3p1/P4bP1/2P1B3/1P2K3/8 b - - 2 33,f4e3 e2e3 g6f6 e3e4 f6e6 b2b3 a7a6 b3b4,2614,80,92,1236,crushing endgame quietMove veryLong zugzwang
xejxh,8/p7/8/2P5/P6k/1P4pp/8/6K1 b - - 1 53,g3g2 g1f2 h4g4 c5c6,2610,80,93,424,crushing endgame pawnEndgame short
lKerb,r1b2r1k/ppp3pp/1b4q1/4R3/2BPNp2/2P2Q2/PP3PPP/5RK1 w - - 4 20,e5e7 c8g4 f3d3 g4e2 d3e2 f4f3 e2f3 f8f3,2644,80,92,527,advantage middlegame pin sacrifice veryLong
HHQSl,Qn1R1r1k/6pp/8/8/2B4P/4b1PR/PB2p3/K7 w - - 1 27,a8b8 e2e1q b2c1 e3d4 d8d4 f8b8 d4d8 b8d8,2621,79,91,505,advancedPawn crushing middlegame pin promotion veryLong
Iqu1X,2r3k1/5ppp/b3p3/P7/3PN3/2p1P3/1r3PPP/R1K4R w - - 1 21,a1a3 a6d3 a3c3 b2c2,2706,80,92,1376,advantage endgame short
s70Pv,6k1/6b1/1Q1p3q/3P4/2PNb3/5Np1/P3r1P1/2R3K1 w - - 4 37,b6d8 g8h7 f3g5 h7g6 d8d6 g7f6 d6f6 g6f6,2706,80,95,888,crushing defensiveMove fork middlegame veryLong
ogQYk,1r4k1/2R1n2p/2p1P1pP/3p2Q1/1q3r2/3B4/2P1K1P1/7R b - - 1 31,f4g4 g5e5 g4g2 e2f1 b8f8 f1g2 b4g4 e5g3,2731,80,83,314,crushing defensiveMove middlegame veryLong
de2em,8/p2r4/1p6/8/8/3p1k2/PKN5/3R4 w - - 0 66,c2b4 d3d2 d1d2 d7d2,2737,80,97,407,advancedPawn crushing endgame short
RLBOq,8/8/7p/1p4pP/6P1/k4P2/2K5/8 w - - 6 55,c2b1 b5b4 f3f4 g5f4,2715,80,100,313,crushing endgame pawnEndgame quietMove short
UraTt,8/4kp2/1p3q1Q/2p3p1/3p2P1/3P3P/2P2PK1/8 w - - 1 38,h6f6 e7f6 f2f4 g5f4 h3h4 b6b5 g2f3 c5c4,2718,79,100,301,crushing endgame quietMove veryLong
ohaBo,6b1/8/6N1/3p1p2/1p6/2k1pB2/2P1K3/8 w - - 0 48,e2d1 b4b3 c2b3 d5d4,2729,80,92,3097,crushing defensiveMove endgame short
Mvlbj,r3q2r/pp1n2k1/3p2p1/3B2B1/1bP3Q1/1P4P1/P7/R4RK1 w - - 1 22,g5f6 d7f6 f1f6 e8e3 g1g2 e3d2,2745,80,97,315,advantage exposedKing long middlegame
PZxsQ,5k2/4n3/6p1/1B4P1/PP1K4/8/6b1/8 b - - 0 48,e7c6 b5c6 g2c6 b4b5 c6f3 d4c5 f8e7 c5b6,2705,80,92,1207,crushing defensiveMove endgame veryLong
p2802,r2q1r2/2p1N2k/p2pQ2p/1p2nBp1/3bP2B/8/PP3P1P/2K4R b - - 1 21,h7g7 h4g5 h6g5 h1g1 f8f5 e7f5,2779,80,86,395,advantage long middlegame sacrifice
CkrF2,N1Q2b1r/2B1kppp/2K1p1b1/3p4/2nP2P1/7P/PqP5/R7 b - - 5 31,e7f6 c8d8 f8e7 a1f1 f6g5 d8e7,2720,80,87,340,crushing deflection long middlegame
REjjV,5R2/3k4/3p4/3Pp3/3nP2P/1pK2p2/8/8 w - - 1 55,h4h5 d7e7 f8a8 f3f2 a8a1 d4e2 c3b2 e2g3,2728,80,93,550,advancedPawn crushing endgame exposedKing veryLong
qsBJh,8/6N1/3k4/4p2P/2n1K3/8/8/8 b - - 0 49,c4d2 e4f5 d6e7 f5g6 d2e4 h5h6,2721,80,94,588,crushing defensiveMove endgame knightEndgame long
cVdDS,2r5/pk5p/1p1Qp1pb/n3Np2/2P1qP2/P5P1/3BP2P/2R3K1 w - - 12 36,d2a5 h6f8 d6e6 f8c5 e2e3 c5e3,2715,80,92,1118,crushing long master middlegame
rtd9Q,4Qb2/3P2kp/6p1/2p1pp2/2P1q3/6PP/5P1K/8 b - - 6 45,e4f3 h2g1 f3d1 g1g2,2719,80,92,910,crushing endgame short
HEJ5C,8/8/7p/8/6N1/5p2/K3k2P/8 w - - 1 54,a2b3 h6h5 g4f6 h5h4 b3c3 f3f2,2729,79,93,770,advancedPawn crushing endgame knightEndgame long master quietMove
eYtSN,2k5/1p6/p2pR1pr/2p3K1/7P/8/PP6/8 b - - 3 35,c8d7 e6d6 d7d6 g5h6 b7b5 h6g6,2703,80,91,1100,crushing endgame long rookEndgame
ucNz6,4r3/8/Qp2r2k/6pP/P2Pnp1q/5R1P/1PP2NK1/7R w - - 1 36,a6d3 e4f2 f3f2 g5g4 h1f1 f4f3,2702,78,93,969,advantage fork long middlegame
HOnWk,8/8/1p5P/6R1/3k4/2p2PK1/1r6/8 b - - 0 46,c3c2 h6h7 c2c1q h7h8q d4d3 h8h7 d3e2 g5e5,2756,80,92,759,advancedPawn crushing endgame promotion rookEndgame veryLong
UEB7W,8/2b1N3/1p6/p7/P1K1k3/1P6/8/8 b - - 1 48,c7d6 e7d5 b6b5 a4b5,2722,79,93,377,crushing endgame short
4JrDY,8/2B5/bP6/5k2/1P2ppp1/8/4KP2/8 w - - 2 45,e2d2 g4g3 b6b7 g3f2 b7b8q f2f1q b8f8 f5g4 f8g7 g4f3,2768,80,88,549,advancedPawn bishopEndgame crushing defensiveMove endgame promotion veryLong
3b8hq,4r1bk/p5Rp/2pp1p1q/5Q2/8/2B3P1/PP5P/6K1 w - - 1 30,c3f6 e8e1 g1g2 g8d5 f5d5 e1e2 g2f1 h6f6,2700,80,92,1200,crushing endgame sacrifice veryLong
Ptf4Y,r2q1rk1/3n2P1/2pb1p2/5PR1/1P1Pp3/4B3/1qPQ4/2NK2R1 b - - 0 27,f8f7 g5h5 b2c1 d1c1 a8a1 c1b2 a1g1 h5h8 g8g7 h8d8,2723,80,93,419,advantage exposedKing middlegame quietMove skewer veryLong
ZsFW5,8/3R4/8/8/5ppB/8/4pPKP/2r1k3 w - - 2 64,d7e7 f4f3 g2g3 e1f1 g3g4 f1g2,2720,78,93,754,crushing endgame long
fzmU7,4Q3/4ppkp/1r4p1/3P4/2P2PB1/2p1q2P/6P1/5RK1 w - - 1 30,g1h1 c3c2 g4e6 e3f4 e8f7 f4f7,2713,80,92,1102,advancedPawn crushing endgame long
